Year,Afghanistan,Albania,Algeria,American Samoa,Andorra,Angola,Antigua and Barbuda,Argentina,Armenia,Aruba,Australia,Austria,Azerbaijan,"Bahamas, The",Bahrain,Bangladesh,Barbados,Belarus,Belgium,Belize,Benin,Bermuda,Bhutan,Bolivia,Bosnia and Herzegovina,Botswana,Brazil,Brunei Darussalam,Bulgaria,Burkina Faso,Burundi,Cabo Verde,Cambodia,Cameroon,Canada,Cayman Islands,Chad,Channel Islands,Chile,China,Colombia,Comoros,"Congo, Dem. Rep.","Congo, Rep.",Costa Rica,Cote d'Ivoire,Croatia,Cuba,Curacao,Cyprus,Czechia,Denmark,Djibouti,Dominica,Dominican Republic,Ecuador,"Egypt, Arab Rep.",El Salvador,Equatorial Guinea,Eritrea,Estonia,Eswatini,Ethiopia,Faroe Islands,Fiji,Finland,France,French Polynesia,Gabon,"Gambia, The",Georgia,Germany,Ghana,Greece,Greenland,Grenada,Guam,Guatemala,Guinea,Guinea-Bissau,Guyana,Haiti,Honduras,"Hong Kong SAR, China",Hungary,Iceland,India,Indonesia,"Iran, Islamic Rep.",Iraq,Ireland,Isle of Man,Israel,Italy,Jamaica,Japan,Jordan,Kazakhstan,Kenya,Kiribati,"Korea, Rep.",Kosovo,Kuwait,Kyrgyz Republic,Lao PDR,Latvia,Lebanon,Lesotho,Liberia,Libya,Liechtenstein,Lithuania,Luxembourg,"Macao SAR, China",Madagascar,Malawi,Malaysia,Maldives,Mali,Malta,Marshall Islands,Mauritania,Mauritius,Mexico,"Micronesia, Fed. Sts.",Moldova,Monaco,Mongolia,Montenegro,Morocco,Mozambique,Myanmar,Namibia,Nauru,Nepal,Netherlands,New Caledonia,New Zealand,Nicaragua,Niger,Nigeria,North Macedonia,Northern Mariana Islands,Norway,Oman,Pakistan,Palau,Panama,Papua New Guinea,Paraguay,Peru,Philippines,Poland,Portugal,Puerto Rico,Qatar,Romania,Russian Federation,Rwanda,Samoa,San Marino,Sao Tome and Principe,Saudi Arabia,Senegal,Serbia,Seychelles,Sierra Leone,Singapore,Sint Maarten (Dutch part),Slovak Republic,Slovenia,Solomon Islands,Somalia,South Africa,South Sudan,Spain,Sri Lanka,St. Kitts and Nevis,St. Lucia,St. Martin (French part),St. Vincent and the Grenadines,Sudan,Suriname,Sweden,Switzerland,Syrian Arab Republic,Tajikistan,Tanzania,Thailand,Timor-Leste,Togo,Tonga,Trinidad and Tobago,Tunisia,Turkiye,Turkmenistan,Turks and Caicos Islands,Tuvalu,Uganda,Ukraine,United Arab Emirates,United Kingdom,United States,Uruguay,Uzbekistan,Vanuatu,"Venezuela, RB",Viet Nam,Virgin Islands (U.S.),West Bank and Gaza,"Yemen, Rep.",Zambia,Zimbabwe
2001,2813571754.0,3922100794.0,59413400924.0,512000000.0,1548265808.0,8936079118.0,877514814.8,269000000000.0,2118467913.0,1896456983.0,380000000000.0,198000000000.0,5707616204.0,8317830000.0,8976196809.0,53991289844.0,3054500000.0,12354820144.0,237000000000.0,1168127974.0,3666222635.0,3680483000.0,496110225.7,8141516928.0,5800615466.0,5489608300.0,560000000000.0,5601018684.0,14183446026.0,3190371081.0,876794723.1,563090490.4,3984000517.0,10953485345.0,739000000000.0,4200288282.0,1710843377.0,6232906290.0,71574739561.0,1340000000000.0,98200641203.0,378512024.1,7438189100.0,2796704604.0,15976174337.0,16810537044.0,23062561237.0,31682400000.0,2930092235.0,10397897086.0,67808032980.0,165000000000.0,572417440.8,340203703.7,25601823688.0,23127055000.0,96684636119.0,12282533600.0,1461139022.0,752371688.7,6254649539.0,1542477309.0,8231326016.0,1160268212.0,1652462023.0,130000000000.0,1380000000000.0,3573808556.0,5023265413.0,687410645.1,3219462262.0,1950000000000.0,5314872854.0,136000000000.0,1086170704.0,520444185.2,3394000000.0,18405220247.0,4125527603.0,412610871.5,712167450.2,6331970324.0,7651162302.0,169000000000.0,53749989092.0,8234846805.0,485000000000.0,160000000000.0,127000000000.0,36176430129.0,109000000000.0,1659131244.0,135000000000.0,1170000000000.0,9194727831.0,4370000000000.0,8975814653.0,22152689180.0,12986007426.0,65168750.86,548000000000.0,5181776769.0,34889559870.0,1525116370.0,1768619058.0,8362398702.0,17649751244.0,825706961.2,906000000.0,34112093927.0,2491800559.0,12237388002.0,21387533703.0,6860272608.0,5438332602.0,2498008665.0,92783947368.0,870031676.8,3468337942.0,4088368962.0,122406127.9,1746063558.0,4675755867.0,796000000000.0,240970900.0,1480673594.0,2673723034.0,1267997934.0,1159869246.0,43831480208.0,5650154067.0,6477790688.0,3557341215.0,22613287.54,6007055042.0,432000000000.0,3297734891.0,53872425917.0,5351768844.0,2448714704.0,73557840064.0,3709636031.0,1284000000.0,174000000000.0,19452000520.0,97145618480.0,159453506.5,12502013400.0,3081024212.0,8495806432.0,52030158775.0,78921234458.0,191000000000.0,122000000000.0,69208400000.0,17538461538.0,40395116581.0,307000000000.0,1966600292.0,266299591.5,1077413479.0,75951133.38,184000000000.0,6507824829.0,12960546471.0,662064155.9,1074851475.0,89793790670.0,936089385.5,30778781607.0,20876309970.0,409508553.0,2252847465.0,135000000000.0,14586253383.0,628000000000.0,15749753805.0,458643829.0,892592592.6,775875748.5,462072333.3,15716361792.0,834279357.8,242000000000.0,287000000000.0,20237024725.0,1080772551.0,13563990022.0,120000000000.0,477443500.0,2093498674.0,181117230.4,8824873259.0,22065832449.0,202000000000.0,3534772732.0,358744800.0,13964732.33,5840503869.0,39309580983.0,103000000000.0,1650000000000.0,10600000000000.0,20898761742.0,11401421329.0,257926881.7,123000000000.0,32685198809.0,3262000000.0,4003700000.0,9852990693.0,4094441301.0,6777384700.0
2002,3825701439.0,4348068242.0,61516103406.0,512000000.0,1764279824.0,15285592370.0,897988888.9,97724004252.0,2376335048.0,1961843575.0,396000000000.0,214000000000.0,6236087738.0,8881160000.0,9593510638.0,54724081491.0,3106500000.0,14594900945.0,258000000000.0,1240059540.0,4194342686.0,3937228000.0,559345263.7,7905485146.0,6728220887.0,5438863983.0,510000000000.0,5843368268.0,16403043850.0,3622350063.0,825394519.4,620507387.5,4284028483.0,12417251342.0,761000000000.0,4200288282.0,1997005709.0,6663669065.0,70264045939.0,1470000000000.0,97945812803.0,425964681.0,8728038525.0,3034250924.0,16578820687.0,18054383321.0,26757989561.0,33590500000.0,2930092235.0,11420227885.0,82196001051.0,179000000000.0,591122039.6,333196296.3,27137440786.0,27054197000.0,85146067416.0,12664190300.0,1806742742.0,729321680.2,7367975888.0,1432221739.0,7850809498.0,1275093689.0,1833279985.0,140000000000.0,1500000000000.0,3965405553.0,5335451100.0,578235309.3,3395766678.0,2080000000000.0,6166197848.0,155000000000.0,1169136716.0,540336925.9,3394000000.0,20444205991.0,4301608753.0,466773711.2,726131434.7,6205847214.0,7858255413.0,166000000000.0,67608919144.0,9318395055.0,515000000000.0,196000000000.0,129000000000.0,32928454672.0,129000000000.0,1947332922.0,125000000000.0,1280000000000.0,9719009495.0,4180000000000.0,9582510578.0,24636598527.0,13147736899.0,74977058.65,627000000000.0,5181776769.0,38135788414.0,1605643105.0,1758176653.0,9557031605.0,19152238806.0,775777238.6,927000000.0,20481889764.0,2688618747.0,14259781159.0,23649833332.0,7371692774.0,5351701663.0,5087328438.0,101000000000.0,897031250.0,3908121307.0,4470446352.0,131959976.2,1777057481.0,4906494249.0,811000000000.0,242517200.0,1661818168.0,2919647982.0,1396555720.0,1284685051.0,47077192188.0,5950769427.0,6777632512.0,3349169826.0,21017423.61,6050875807.0,474000000000.0,3740056748.0,66627729311.0,5223736466.0,2782192879.0,95054059303.0,4018365747.0,1284000000.0,196000000000.0,20142756047.0,97923302809.0,162665542.6,12994310400.0,2999511040.0,7196260657.0,54777553515.0,84307345888.0,199000000000.0,135000000000.0,71623500000.0,19363736264.0,46065502703.0,345000000000.0,1966004243.0,281790134.2,1168269231.0,85171073.88,190000000000.0,7006402320.0,17120906918.0,742134837.5,1236235827.0,92538372870.0,936089385.5,35297794386.0,23489890274.0,346406738.9,2192684135.0,129000000000.0,14586253383.0,709000000000.0,16536535647.0,481077373.7,900000000.0,775875748.5,487763851.9,18137128388.0,1093574468.0,267000000000.0,309000000000.0,20669357462.0,1221106220.0,14129651896.0,134000000000.0,469455500.0,2410199032.0,182764280.8,9008273721.0,23141616605.0,240000000000.0,4462029109.0,366707900.0,16842672.6,6178563591.0,43956163612.0,110000000000.0,1790000000000.0,10900000000000.0,13606515723.0,9687788513.0,262596535.5,92893587734.0,35064105501.0,3262000000.0,3555800000.0,10693430511.0,4193850445.0,6342116400.0
2003,4520946819.0,5611496257.0,73482264191.0,524000000.0,2366941809.0,17812704586.0,947955555.6,128000000000.0,2807061009.0,2044111732.0,468000000000.0,262000000000.0,7276413079.0,8870090000.0,11074813830.0,60158929188.0,3209500000.0,17825444724.0,318000000000.0,1303381861.0,5349258094.0,4186525000.0,651935430.3,8082399640.0,8498894359.0,7511582173.0,558000000000.0,6557397070.0,21144957990.0,4740768143.0,784654423.6,813260468.9,4658246918.0,15970315030.0,896000000000.0,4200288282.0,2742815072.0,7332244898.0,76492579644.0,1660000000000.0,94644969157.0,546885222.7,8937567060.0,3503723088.0,17271760507.0,21251754340.0,35256066456.0,35901200000.0,2930092235.0,14547325028.0,100000000000.0,218000000000.0,622044665.5,343311111.1,21403167848.0,30965208000.0,80288461538.0,13243892200.0,2484745935.0,870248267.6,9874013098.0,2197598466.0,8623691300.0,1501941581.0,2300492465.0,172000000000.0,1840000000000.0,4927780607.0,6511903365.0,487038685.0,3991377904.0,2500000000000.0,7632723556.0,202000000000.0,1558759823.0,591018407.4,3569000000.0,21576351799.0,5025167975.0,553614800.1,743063950.3,5071947798.0,8230391347.0,161000000000.0,85285062818.0,11429333038.0,608000000000.0,235000000000.0,154000000000.0,21921569479.0,165000000000.0,2328658228.0,131000000000.0,1580000000000.0,9430234811.0,4520000000000.0,10195627645.0,30833692900.0,14904517650.0,95984600.96,703000000000.0,5181776769.0,47874582232.0,1919008090.0,2023324407.0,11771975157.0,20082918740.0,1157825435.0,748000000.0,26265625000.0,3070803051.0,18781721376.0,29667268248.0,8246479566.0,6372498890.0,4669789300.0,110000000000.0,1052121055.0,4714071980.0,5448415540.0,131128479.0,2051147607.0,5894873920.0,766000000000.0,245432900.0,1980907435.0,3597089751.0,1595297356.0,1707710053.0,58029363354.0,6583526861.0,10467109978.0,4926439384.0,24778159.58,6330473097.0,580000000000.0,4915353827.0,88250885550.0,5322243502.0,3394084732.0,105000000000.0,4946296599.0,1239000000.0,229000000000.0,21633708192.0,112000000000.0,154559875.5,13693981200.0,3536411824.0,7691367471.0,58731030122.0,87039092974.0,218000000000.0,165000000000.0,74827400000.0,23533791209.0,57806384143.0,430000000000.0,2138237346.0,333426188.4,1464326161.0,102085769.1,216000000000.0,8768721563.0,22482365322.0,750847230.1,1369685677.0,97646401096.0,936089385.5,46919965224.0,29634713641.0,417668983.4,2836724352.0,197000000000.0,14586253383.0,907000000000.0,18881765437.0,469869869.9,987407407.4,775875748.5,509090888.9,21355298460.0,1274190311.0,334000000000.0,362000000000.0,21828144686.0,1555318261.0,15211487709.0,152000000000.0,490439100.0,2987984051.0,202246591.2,11305459802.0,27453902261.0,315000000000.0,5977440583.0,409753600.0,19456338.03,6606884275.0,52010355753.0,124000000000.0,2050000000000.0,11500000000000.0,12045638352.0,10134453435.0,314471413.0,83620628582.0,39552513232.0,3443000000.0,3968000000.0,11777532662.0,4901869764.0,5727591800.0
2004,5224896719.0,7184685782.0,91913680985.0,509000000.0,2900245324.0,23552057679.0,1026181481.0,165000000000.0,3576615240.0,2254830726.0,615000000000.0,301000000000.0,8680405741.0,9055290000.0,13150159574.0,65108544250.0,3444500000.0,23141566293.0,369000000000.0,1394273991.0,6190270380.0,4484703000.0,735348490.4,8773451752.0,10156541538.0,8957467707.0,669000000000.0,7872202803.0,26157743369.0,5451688538.0,915257323.4,924940011.8,5337833248.0,18826214125.0,1030000000000.0,4200288282.0,4422855661.0,8553643354.0,99075985773.0,1960000000000.0,117000000000.0,633706110.8,10297483481.0,4656974940.0,18610594846.0,23510575681.0,41855195585.0,38203000000.0,2930092235.0,17320552500.0,120000000000.0,251000000000.0,666072101.8,367200000.0,22322387382.0,35194947000.0,78782467532.0,13724810900.0,4410764339.0,1109054005.0,12145911801.0,2770082792.0,10131187261.0,1724770771.0,2708078477.0,197000000000.0,2120000000000.0,5564109982.0,7770219008.0,961900651.4,5125365192.0,2810000000000.0,8881417907.0,241000000000.0,1822499769.0,599118592.6,3869000000.0,23577298095.0,5300767961.0,582169841.3,787814379.2,6087360684.0,8869299234.0,169000000000.0,104000000000.0,13825302536.0,709000000000.0,257000000000.0,190000000000.0,36633669269.0,194000000000.0,2822358473.0,140000000000.0,1810000000000.0,10174664854.0,4890000000000.0,11411706629.0,43151647003.0,16095337094.0,104430808.0,793000000000.0,5181776769.0,59439090601.0,2211534585.0,2366398120.0,14435700533.0,21159827992.0,1511236656.0,897000000.0,33122307692.0,3454373798.0,22627507452.0,35064843793.0,10643253553.0,5064732626.0,5058726350.0,125000000000.0,1226829563.0,5454249126.0,6098092512.0,132791854.9,2362501023.0,6667418752.0,819000000000.0,240236000.0,2598249556.0,4043551489.0,1992066808.0,2073234418.0,66114145451.0,7937255565.0,10567354056.0,6609205995.0,30587565.8,7273938315.0,658000000000.0,5895008978.0,104000000000.0,5792949922.0,3760443738.0,136000000000.0,5682784472.0,1210000000.0,265000000000.0,24763712874.0,132000000000.0,166391555.8,15013381700.0,3927157867.0,9624440836.0,66768703498.0,95001999685.0,255000000000.0,189000000000.0,80322313000.0,31734065934.0,74973656852.0,591000000000.0,2376495587.0,407747565.1,1723750000.0,114582283.9,259000000000.0,10076816667.0,26141968161.0,893012218.2,1430217081.0,115000000000.0,936089385.5,57437444469.0,34414784504.0,468005318.6,3859592813.0,256000000000.0,14586253383.0,1070000000000.0,20662525941.0,506900000.0,1066666667.0,775875748.5,549900185.2,26646007251.0,1484092538.0,385000000000.0,404000000000.0,25086950495.0,2076176869.0,16673062473.0,173000000000.0,440772000.0,3191561509.0,230657627.2,13280275123.0,31183885241.0,409000000000.0,6838351088.0,485598800.0,22798274.98,7939487548.0,67220154164.0,148000000000.0,2420000000000.0,12200000000000.0,13686329890.0,12030023548.0,364996869.1,112000000000.0,45427854693.0,3797000000.0,4603100000.0,13867634371.0,6221110219.0,5805598400.0
2005,6203256539.0,8052077248.0,107000000000.0,500000000.0,3161084091.0,36970900884.0,1143714815.0,199000000000.0,4900469511.0,2360017318.0,696000000000.0,316000000000.0,13245421881.0,9836200000.0,15968723404.0,69476001430.0,3819500000.0,30210091837.0,386000000000.0,1468145956.0,6567654954.0,4868136000.0,860391000.2,9549122905.0,11222796337.0,9918907108.0,892000000000.0,9531420028.0,29868657858.0,6146353173.0,1117113080.0,972241676.9,6293046162.0,19509852220.0,1170000000000.0,4200288282.0,6649307524.0,8827272727.0,122000000000.0,2290000000000.0,146000000000.0,653845169.2,11964484466.0,6650001680.0,20040642477.0,24036918703.0,45025679590.0,42643836100.0,2930092235.0,18433411267.0,137000000000.0,264000000000.0,708633194.7,364255555.6,35777560684.0,40278849000.0,89600665557.0,14698000000.0,8217369093.0,1098424686.0,14106790200.0,3178112499.0,12401139454.0,1759739599.0,2980403845.0,205000000000.0,2200000000000.0,5705052135.0,9582783991.0,1027701068.0,6410912050.0,2850000000000.0,10744568381.0,248000000000.0,1849802648.0,695555555.6,4213000000.0,26783389294.0,4282468637.0,639776040.6,824880550.3,7030149730.0,9757012697.0,182000000000.0,113000000000.0,16852963067.0,820000000000.0,286000000000.0,226000000000.0,50065104668.0,212000000000.0,3032411027.0,147000000000.0,1860000000000.0,11243865778.0,4830000000000.0,12588998590.0,57123671734.0,18737895513.0,113786233.1,935000000000.0,5181776769.0,80798630137.0,2460246766.0,2735558735.0,17003459863.0,21497336499.0,1682343527.0,949000000.0,47334691241.0,3659319117.0,26097677572.0,37672280120.0,12160056122.0,5859269753.0,5320409651.0,144000000000.0,1163362438.0,6247515888.0,6416184236.0,137815414.4,2936019526.0,6576108447.0,918000000000.0,250281900.0,2988342907.0,4204652899.0,2523471601.0,2257174481.0,68852658069.0,8868504900.0,11986972419.0,7248374838.0,30070666.07,8130258378.0,685000000000.0,6238629487.0,115000000000.0,6321335612.0,4383315965.0,176000000000.0,6258602873.0,1061000000.0,310000000000.0,31081991678.0,145000000000.0,191048400.9,16374393900.0,4865892972.0,10737500188.0,76060606061.0,107000000000.0,306000000000.0,197000000000.0,83914521300.0,44530494505.0,98454380120.0,764000000000.0,2933819820.0,476801793.2,1785847531.0,136450662.4,328000000000.0,11009033438.0,27683225959.0,977899381.8,1627058425.0,128000000000.0,936089385.5,62808723477.0,36206395971.0,552864570.2,4683246454.0,289000000000.0,14586253383.0,1150000000000.0,24405791045.0,547203703.7,1135555556.0,775875748.5,579948925.9,35182711988.0,1793410397.0,392000000000.0,418000000000.0,28858965517.0,2312352021.0,18395383647.0,189000000000.0,462268000.0,3221910408.0,261803684.2,15982282462.0,32272186695.0,506000000000.0,8103901996.0,578645800.0,22909979.82,9239221763.0,89238865119.0,181000000000.0,2540000000000.0,13000000000000.0,17362857684.0,14307509839.0,394962433.0,146000000000.0,57633255738.0,4428000000.0,5125700000.0,16731566717.0,8331870169.0,5755215200.0
2006,6971758282.0,8896075005.0,123000000000.0,493000000.0,3459337986.0,52381025141.0,1303548148.0,233000000000.0,6384452067.0,2469782682.0,748000000000.0,336000000000.0,20981929498.0,10167250000.0,18504760638.0,71795735672.0,4217323400.0,36961894281.0,408000000000.0,1584207353.0,7034111315.0,6144000000.0,942879878.5,11451844902.0,12864841906.0,9919158482.0,1110000000000.0,11470464771.0,34380536496.0,6547419820.0,1273375078.0,1107571458.0,7274595707.0,20910512979.0,1320000000000.0,4200288282.0,7428701454.0,9676172953.0,154000000000.0,2750000000000.0,162000000000.0,698431793.9,14451901696.0,8072305029.0,22715540325.0,25281413263.0,49601653625.0,48835925926.0,2930092235.0,20072786351.0,156000000000.0,283000000000.0,768873684.0,390251851.9,37879830084.0,45690762000.0,107000000000.0,15999890000.0,10086528699.0,1211161880.0,17022870405.0,3291330019.0,15280861835.0,2017680835.0,3076305453.0,217000000000.0,2320000000000.0,5877997980.0,10327598306.0,1054112488.0,7745250734.0,2990000000000.0,20885037597.0,274000000000.0,2013106930.0,698700666.7,4238000000.0,29744246827.0,4220019243.0,634781901.3,2379817991.0,7638739123.0,10917477066.0,194000000000.0,116000000000.0,17465318552.0,940000000000.0,365000000000.0,266000000000.0,65147051918.0,232000000000.0,3422733202.0,159000000000.0,1950000000000.0,11930179090.0,4600000000000.0,15056981664.0,81003864630.0,25825512284.0,112201076.4,1050000000000.0,5181776769.0,102000000000.0,2834168889.0,3455030061.0,21570076499.0,22022709851.0,1800092564.0,1119000000.0,60094231607.0,4000102086.0,30183575104.0,42910146296.0,14874098692.0,6395712491.0,5818279739.0,163000000000.0,1575200391.0,6905934218.0,6778324087.0,142922515.9,3919577286.0,7028810681.0,1020000000000.0,253541900.0,3408255451.0,4586826513.0,3414055662.0,2721903149.0,75883823301.0,9509835537.0,14502553710.0,8001779551.0,29200359.39,9043715356.0,734000000000.0,6979155388.0,112000000000.0,6763688105.0,4756361252.0,238000000000.0,6861226972.0,990000000.0,347000000000.0,37215779714.0,162000000000.0,193679687.5,18141666300.0,8354911041.0,13429430050.0,88643193062.0,128000000000.0,345000000000.0,209000000000.0,87276164400.0,60882142857.0,122000000000.0,990000000000.0,3319783952.0,499923757.8,1908167106.0,142775104.1,377000000000.0,11697918243.0,32482070360.0,1081441283.0,1862116291.0,149000000000.0,936089385.5,70767338922.0,39481045038.0,617258154.3,5026743282.0,304000000000.0,14586253383.0,1260000000000.0,28279802406.0,644414814.8,1268319185.0,775875748.5,643501148.1,45263831634.0,2626380435.0,423000000000.0,442000000000.0,33751788856.0,2830213849.0,18619859795.0,222000000000.0,453792400.0,3320907722.0,292230662.4,18369361094.0,34376664601.0,557000000000.0,10276674365.0,721891500.0,24096875.46,9977647683.0,112000000000.0,222000000000.0,2710000000000.0,13800000000000.0,19741420740.0,17330833853.0,439358586.5,183000000000.0,66371664817.0,4484000000.0,5348300000.0,19063143370.0,12756858899.0,5443896500.0
2007,9747886187.0,10677324853.0,142000000000.0,518000000.0,3957625367.0,65266415494.0,1487300000.0,288000000000.0,9206301270.0,2677641341.0,855000000000.0,389000000000.0,33049419431.0,10618340000.0,21730000000.0,79611644984.0,4675767950.0,45275711996.0,471000000000.0,1699214299.0,8169048383.0,6767000000.0,1255767964.0,13120108008.0,15778734264.0,10567270656.0,1400000000000.0,12247677994.0,44432811756.0,7625722837.0,1356199387.0,1649621739.0,8639235913.0,23928250409.0,1470000000000.0,4466278031.0,8650137743.0,11514605842.0,172000000000.0,3550000000000.0,206000000000.0,795673152.9,16737071816.0,8782703437.0,26884700345.0,28760090953.0,59320099745.0,54262870370.0,2930092235.0,23968764030.0,190000000000.0,319000000000.0,847918929.1,421374074.1,43965458509.0,49848725000.0,130000000000.0,17011750000.0,13071718759.0,1317974491.0,22449129483.0,3469381231.0,19707616773.0,2339015313.0,3378314600.0,256000000000.0,2660000000000.0,6631156406.0,12455409587.0,1279703047.0,10172931089.0,3430000000000.0,24827339138.0,319000000000.0,2249811296.0,758683592.6,4397000000.0,33567850824.0,6281917650.0,753162998.1,2730971595.0,9228637768.0,12361257681.0,212000000000.0,140000000000.0,21652505597.0,1220000000000.0,432000000000.0,350000000000.0,88837057320.0,270000000000.0,4466350656.0,184000000000.0,2210000000000.0,12799600047.0,4580000000000.0,17110437236.0,105000000000.0,31958195182.0,138066995.1,1170000000000.0,5181776769.0,115000000000.0,3802570553.0,4223152739.0,31054350978.0,24827355015.0,1682131785.0,1373000000.0,68032978391.0,4601429897.0,39697891352.0,51587401416.0,18439981612.0,8524620890.0,6451210219.0,194000000000.0,1868383461.0,8156468826.0,7925371459.0,150104705.8,4346212355.0,8150150209.0,1100000000000.0,256787200.0,4401173152.0,5875790766.0,4234999704.0,3680711744.0,86947913287.0,10811456006.0,20182477481.0,8839536476.0,22766972.19,10325618017.0,849000000000.0,8819917180.0,137000000000.0,7423421958.0,5731485052.0,278000000000.0,8336474974.0,938000000.0,403000000000.0,42085379454.0,184000000000.0,200903640.7,21295984200.0,9545028944.0,17856393235.0,102000000000.0,156000000000.0,429000000000.0,240000000000.0,89524131600.0,79712087912.0,175000000000.0,1300000000000.0,4070508543.0,573548459.8,2185874624.0,149146918.9,416000000000.0,13994218413.0,43170990616.0,1077308814.0,2126679544.0,181000000000.0,936089385.5,86563986799.0,48067401207.0,695295347.6,5430713729.0,333000000000.0,14586253383.0,1470000000000.0,32350238760.0,689285185.2,1336088815.0,775875748.5,713596666.7,59440139775.0,2936612022.0,491000000000.0,491000000000.0,40465318382.0,3719524541.0,21860434823.0,263000000000.0,542795400.0,3759964943.0,298519024.1,21641620050.0,38915353867.0,681000000000.0,12664165103.0,773489700.0,28450168.69,11902564495.0,149000000000.0,258000000000.0,3090000000000.0,14500000000000.0,23797773024.0,22311393928.0,516392922.5,230000000000.0,77414425532.0,4784000000.0,5815700000.0,21650528674.0,14056957976.0,5291950100.0
2008,10109297048.0,12881352894.0,180000000000.0,560000000.0,4102319399.0,88538665085.0,1557540741.0,362000000000.0,11662040714.0,2843024581.0,1060000000000.0,432000000000.0,48851293785.0,10526000000.0,25710904255.0,91636997445.0,4790410400.0,60752106347.0,517000000000.0,1731921564.0,9787734526.0,6980000000.0,1317517835.0,16674276286.0,19112796623.0,10730829116.0,1700000000000.0,14393434225.0,54480684188.0,9451435490.0,1611835857.0,1959620648.0,10351914177.0,27715142006.0,1550000000000.0,4585948969.0,10393833765.0,11243211828.555555,180000000000.0,4590000000000.0,243000000000.0,915659108.0,19788515590.0,11649857673.0,30801744882.0,34078240293.0,68526332324.0,56302129630.0,2930092235.0,27844698989.0,237000000000.0,353000000000.0,999105339.3,458188888.9,48122601530.0,61139438000.0,163000000000.0,17986890000.0,19749893536.0,1380188800.0,24341678629.0,3294084314.0,27066912635.0,2489873250.0,3523185920.0,286000000000.0,2930000000000.0,7136741422.0,15571348344.0,1561766956.0,12795145131.0,3750000000000.0,28679383241.0,356000000000.0,2499092314.0,825976037.0,4658000000.0,38503720224.0,6964179188.0,952667544.0,3025187433.0,10432962635.0,13881731876.0,219000000000.0,158000000000.0,18074622987.0,1200000000000.0,510000000000.0,412000000000.0,132000000000.0,275000000000.0,5928791505.0,221000000000.0,2410000000000.0,13709401520.0,5110000000000.0,22658715989.0,133000000000.0,35895153328.0,146790160.5,1050000000000.0,5181776769.0,147000000000.0,5139958909.0,5446433157.0,35854274229.0,29118916105.0,1766902709.0,1726000000.0,86710767415.0,5081479840.0,47797551588.0,58844277702.0,21027018333.0,10725137724.0,7743617352.0,231000000000.0,2271646188.0,9838403101.0,9090406750.0,146208160.4,5206437194.0,9990356674.0,1160000000000.0,263145100.0,6054824248.0,6502942245.0,5623216608.0,4545674528.0,102000000000.0,12920340965.0,31862554102.0,8607431497.0,37602264.73,12545438605.0,952000000000.0,9067619760.0,133000000000.0,8496946608.0,7297600226.0,339000000000.0,9909552435.0,939000000.0,465000000000.0,60905452536.0,202000000000.0,201167343.1,25155888600.0,11670892801.0,24615267664.0,121000000000.0,182000000000.0,534000000000.0,263000000000.0,93639300000.0,115000000000.0,214000000000.0,1660000000000.0,5179853221.0,641346191.7,2393437820.0,188021165.0,520000000000.0,16853989628.0,52194221469.0,979597394.3,2451896435.0,194000000000.0,936089385.5,101000000000.0,55779427740.0,776337691.8,5913620293.0,316000000000.0,14586253383.0,1630000000000.0,40713826215.0,777691333.3,1437731111.0,775875748.5,732663259.3,64833083257.0,3532969035.0,518000000000.0,567000000000.0,52557913193.0,5161299725.0,27947821398.0,291000000000.0,648523600.0,4578849658.0,344436582.1,27871587350.0,44859439902.0,770000000000.0,19271523179.0,862683600.0,31874434.86,14440404132.0,188000000000.0,315000000000.0,2930000000000.0,14800000000000.0,31119602539.0,29549438884.0,590748429.4,316000000000.0,99130304099.0,4244000000.0,7310400000.0,26910855807.0,17910858638.0,4415702800.0
2009,12416152732.0,12044205550.0,150000000000.0,675000000.0,3688976341.0,70307196182.0,1386444444.0,333000000000.0,8647937081.0,2553793296.0,929000000000.0,402000000000.0,44292427185.0,9981960000.0,22938218085.0,102000000000.0,4466809600.0,50873167326.0,483000000000.0,1681473348.0,9738626517.0,6656000000.0,1331343798.0,17339992194.0,17613949091.0,10118459242.0,1670000000000.0,10732595016.0,52023801230.0,9450696873.0,1781455140.0,1852334575.0,10401851768.0,27932970297.0,1370000000000.0,4281714618.0,9290728319.0,10971817815.11111,172000000000.0,5100000000000.0,232000000000.0,905341172.7,18648372553.0,9723299915.0,30745714313.0,33886813250.0,62093280554.0,57481481481.0,2930092235.0,26048249357.0,207000000000.0,321000000000.0,1049110685.0,489074074.1,48261078914.0,60094978000.0,189000000000.0,17601620000.0,15027795173.0,1856695551.0,19633031398.0,3580428053.0,32437389116.0,2296065170.0,2870624636.0,253000000000.0,2700000000000.0,6584557974.0,12113699068.0,1450142509.0,10766920066.0,3410000000000.0,26048720006.0,331000000000.0,2529963903.0,771275555.6,4828000000.0,37126148265.0,6716904517.0,890167833.4,3165663153.0,11597002835.0,14587496229.0,214000000000.0,131000000000.0,13154414219.0,1340000000000.0,540000000000.0,416000000000.0,112000000000.0,236000000000.0,5486921247.0,212000000000.0,2200000000000.0,12120458115.0,5290000000000.0,24537876056.0,115000000000.0,42347217913.0,140384919.9,944000000000.0,5015894693.0,106000000000.0,4690061381.0,5836137330.0,26410909091.0,35399582929.0,1740894965.0,1768000000.0,60808562033.0,4504375348.0,37388122046.0,54467289898.0,21587786906.0,9616879409.0,9009887947.0,202000000000.0,2345294875.0,10231962390.0,8696366869.0,150886459.4,4714595548.0,9128843109.0,943000000000.0,280284600.0,5439434272.0,5474379252.0,4583850368.0,4159330370.0,101000000000.0,12263894790.0,36906181381.0,8938847189.0,44176245.55,12854985464.0,872000000000.0,8704438102.0,121000000000.0,8298679909.0,7352131310.0,295000000000.0,9401736825.0,795000000.0,388000000000.0,48388363589.0,187000000000.0,189997985.8,27116635600.0,11619456449.0,22355151162.0,121000000000.0,176000000000.0,440000000000.0,245000000000.0,96385600000.0,97798351648.0,174000000000.0,1220000000000.0,5674476707.0,628006115.4,2056126702.0,200668065.0,429000000000.0,16145867495.0,45162894381.0,850901620.4,2419014960.0,194000000000.0,936089385.5,89399303222.0,50567734886.0,805557562.6,2948594552.0,330000000000.0,12231264525.0,1490000000000.0,42066224093.0,774273111.1,1401507889.0,775875748.5,714300259.3,51621044077.0,3875409836.0,437000000000.0,554000000000.0,54111735242.0,4979472364.0,29400573554.0,282000000000.0,726937800.0,4721890900.0,312377678.8,19172165226.0,43455740497.0,649000000000.0,20214385965.0,703175800.0,28076983.97,25127805567.0,122000000000.0,254000000000.0,2410000000000.0,14500000000000.0,32708319078.0,33689223673.0,592622319.1,330000000000.0,106000000000.0,4201000000.0,8085700000.0,25130278213.0,15328342304.0,9665793300.0
2010,15856668556.0,11926926616.0,178000000000.0,573000000.0,3449925739.0,83799474070.0,1298255556.0,424000000000.0,9260285756.0,2453597207.0,1150000000000.0,392000000000.0,52909294792.0,10095760000.0,25713271277.0,115000000000.0,4534772750.0,57231904543.0,481000000000.0,1739070295.0,9535345016.0,6634526000.0,1673464261.0,19649723722.0,17176315804.0,12637273429.0,2210000000000.0,13707280260.0,50760929303.0,10109619741.0,2032135192.0,1824751468.0,11242275288.0,27507501809.0,1620000000000.0,4156841164.0,10668103554.0,10700423801.666666,217000000000.0,6090000000000.0,286000000000.0,907978730.9,21565721045.0,13148396212.0,37658614804.0,34936307980.0,58836405999.0,59562962963.0,2930092235.0,25799940416.0,209000000000.0,322000000000.0,1128611700.0,493825925.9,53860187258.0,68151329000.0,219000000000.0,18447920000.0,16314443436.0,1589515447.0,19523477326.0,4438765086.0,29933790334.0,2331796784.0,3140166713.0,249000000000.0,2650000000000.0,6086644799.0,14372593020.0,1543294927.0,12426907967.0,3400000000000.0,32197655567.0,297000000000.0,2503167187.0,771014814.8,4949000000.0,40676578423.0,6853467832.0,940112539.0,3432912517.0,11859312725.0,15839344592.0,229000000000.0,132000000000.0,13751161918.0,1680000000000.0,755000000000.0,487000000000.0,139000000000.0,222000000000.0,5920369790.0,238000000000.0,2140000000000.0,13220549908.0,5760000000000.0,27133804225.0,148000000000.0,45405615064.0,165113529.3,1140000000000.0,5343950556.0,115000000000.0,4794361863.0,7131771015.0,23956163077.0,38443907042.0,2234754242.0,1998000000.0,75380825062.0,5082337238.0,37128694028.0,56213985987.0,28241798492.0,9982711338.0,10128323011.0,255000000000.0,2588176055.0,10689168016.0,9035824366.0,160629516.6,5628878798.0,10003670690.0,1110000000000.0,296944100.0,6974982370.0,5367561570.0,7189481999.0,4142983843.0,101000000000.0,11411894724.0,49540813342.0,11431412421.0,47562844.61,16002656434.0,847000000000.0,9364350077.0,147000000000.0,8758592272.0,7851192502.0,367000000000.0,9407170321.0,799000000.0,431000000000.0,64993498049.0,197000000000.0,188174270.6,29440287600.0,14250786675.0,27260886405.0,148000000000.0,208000000000.0,476000000000.0,238000000000.0,98381300000.0,125000000000.0,170000000000.0,1520000000000.0,6124756894.0,680260907.2,1881191950.0,190021192.5,528000000000.0,16121315909.0,41819468692.0,981616542.3,2578159804.0,240000000000.0,936089385.5,91162836320.0,48208240226.0,898133684.9,2687807004.0,417000000000.0,14602072411.0,1420000000000.0,58636161082.0,778718518.5,1482385185.0,775875748.5,720447888.9,58962978034.0,4368370998.0,496000000000.0,599000000000.0,61390831318.0,5642221099.0,32012892919.0,341000000000.0,881909300.0,4746389532.0,366832215.2,22157948396.0,46206091938.0,777000000000.0,22583157895.0,686787800.0,32105408.48,26673441431.0,141000000000.0,300000000000.0,2490000000000.0,15000000000000.0,41950361212.0,49765676402.0,670712979.7,393000000000.0,147000000000.0,4324000000.0,9681500000.0,30906749533.0,20265559484.0,12041655200.0
2011,17805098206.0,12890760315.0,218000000000.0,570000000.0,3629133574.0,112000000000.0,1281337037.0,530000000000.0,10142111825.0,2637859218.0,1400000000000.0,432000000000.0,65952796428.0,10070450000.0,28776595745.0,129000000000.0,4662343500.0,61762382328.0,523000000000.0,1818831938.0,10693321364.0,6312691000.0,1938441289.0,23963164697.0,18644233537.0,15110643612.0,2620000000000.0,18525128526.0,57737040780.0,12080295978.0,2235820809.0,2046817987.0,12829541141.0,30630910513.0,1790000000000.0,4186073160.0,12172308851.0,10429029788.222221,251000000000.0,7550000000000.0,335000000000.0,1023086274.0,25839749199.0,15655383577.0,42762613700.0,36693710801.0,62772620899.0,68990000000.0,2930092235.0,27641551807.0,230000000000.0,344000000000.0,1239144502.0,501025925.9,58029773599.0,78986648000.0,236000000000.0,20283780000.0,21357343669.0,2065001626.0,23213994093.0,4820478680.0,31952763089.0,2505740669.0,3779411899.0,276000000000.0,2870000000000.0,6203940037.0,18210307744.0,1409693597.0,15475290469.0,3750000000000.0,39336668081.0,283000000000.0,2684461375.0,778655555.6,4984000000.0,46876006272.0,6785137216.0,1157074319.0,3691384318.0,13008746039.0,17710275685.0,249000000000.0,142000000000.0,15221622926.0,1820000000000.0,893000000000.0,626000000000.0,186000000000.0,239000000000.0,6565667053.0,267000000000.0,2290000000000.0,14444661522.0,6230000000000.0,29524149155.0,193000000000.0,46869473151.0,195984787.5,1250000000000.0,6341613610.0,154000000000.0,6197765984.0,8750104617.0,27474380566.0,39927125962.0,2579409620.0,2398000000.0,48169263294.0,5739706005.0,43535051482.0,61696281326.0,36845888757.0,11551819618.0,11648142958.0,298000000000.0,2774350240.0,12995112690.0,9638728635.0,172044509.9,6764627746.0,11518413430.0,1230000000000.0,311301600.0,8414352020.0,6088689808.0,10409797378.0,4544428421.0,110000000000.0,14619279989.0,59977326086.0,12523359441.0,65071879.78,21573872421.0,905000000000.0,10351448005.0,168000000000.0,9774307336.0,8772950778.0,414000000000.0,10494626768.0,729000000.0,501000000000.0,77497529259.0,231000000000.0,198873916.6,34686224300.0,17985138066.0,33756238767.0,172000000000.0,234000000000.0,524000000000.0,245000000000.0,100000000000.0,168000000000.0,193000000000.0,2050000000000.0,6884912957.0,744097050.2,1813717695.0,226455001.2,677000000000.0,17814283639.0,49258136129.0,1058918707.0,2932274309.0,279000000000.0,936089385.5,99922685425.0,51583869785.0,1063895361.0,2906000097.0,458000000000.0,14907308933.0,1480000000000.0,67753284044.0,836092592.6,1568370370.0,775875748.5,713796370.4,55018567211.0,4422276622.0,574000000000.0,716000000000.0,67539427671.0,6522756255.0,34657140096.0,371000000000.0,1042534600.0,5422442166.0,414533117.7,25433011405.0,48123325825.0,839000000000.0,29233333333.0,728789600.0,39196957.49,27871725241.0,169000000000.0,361000000000.0,2660000000000.0,15600000000000.0,50342406067.0,60178909297.0,770153588.2,316000000000.0,173000000000.0,4223000000.0,11186100000.0,32726417878.0,23459515276.0,14101920300.0
2012,19907329778.0,12319834195.0,227000000000.0,640000000.0,3188652765.0,128000000000.0,1327107407.0,546000000000.0,10619320683.0,2615208380.0,1550000000000.0,409000000000.0,69679944504.0,10720500000.0,30749308511.0,133000000000.0,4622687600.0,65685890439.0,496000000000.0,1899503250.0,11141358116.0,6378188000.0,1939730676.0,27084497482.0,17226735996.0,13907464500.0,2470000000000.0,19048443341.0,54288135059.0,12561015157.0,2333341334.0,1913081210.0,14054443213.0,30155062302.0,1830000000000.0,4291004486.0,12367362757.0,10157635774.777779,267000000000.0,8530000000000.0,371000000000.0,1015843491.0,29306235285.0,17692911296.0,47231655431.0,36302302877.0,57411354938.0,73141000000.0,3012836257.0,25047433100.0,209000000000.0,327000000000.0,1353632942.0,485996296.3,60681535653.0,87735048000.0,279000000000.0,21386150000.0,22388344144.0,2065001626.0,23019150071.0,4886551484.0,43310721414.0,2427200389.0,3972028104.0,258000000000.0,2680000000000.0,5692858099.0,17170464016.0,1415004738.0,16894392033.0,3530000000000.0,41271701061.0,242000000000.0,2609678486.0,799881481.5,5265000000.0,49593929487.0,7638045226.0,1049412177.0,4063088536.0,13708925477.0,18528554398.0,263000000000.0,129000000000.0,14751508134.0,1830000000000.0,918000000000.0,644000000000.0,218000000000.0,225000000000.0,6690228372.0,262000000000.0,2090000000000.0,14807086556.0,6270000000000.0,31634561690.0,208000000000.0,56396704672.0,207081997.2,1280000000000.0,6163484245.0,174000000000.0,6605142884.0,10192846339.0,28169902669.0,44016799516.0,2477702216.0,2791614000.0,92540938129.0,5456102482.0,42927454291.0,59776383527.0,43189721377.0,11578975062.0,8773203178.0,314000000000.0,2886163997.0,12442035339.0,9461776292.0,180302078.2,6728208836.0,11668696397.0,1260000000000.0,327248700.0,8709138635.0,5742749294.0,12292770632.0,4087526242.0,107000000000.0,16688114144.0,59937796648.0,13042053592.0,101055723.0,21703100877.0,839000000000.0,9659151917.0,176000000000.0,10531964139.0,9426912648.0,464000000000.0,9745261301.0,746000000.0,513000000000.0,87408842653.0,250000000000.0,215762390.1,40429700000.0,21295168666.0,33271921136.0,193000000000.0,262000000000.0,495000000000.0,216000000000.0,102000000000.0,187000000000.0,179000000000.0,2210000000000.0,7654762345.0,773141661.2,1604701051.0,229371348.2,742000000000.0,17660870412.0,43309252921.0,1089407839.0,3789251613.0,295000000000.0,985865921.8,94623731086.0,46577793184.0,1185215418.0,4041702389.0,434000000000.0,11931472169.0,1320000000000.0,70447216891.0,825381481.5,1598207407.0,774891151.8333334,730032592.6,37632919967.0,4980000000.0,552000000000.0,686000000000.0,43190317725.0,7633036903.0,39650394363.0,398000000000.0,1160555000.0,5413544659.0,470705196.4,27334581560.0,47311401813.0,881000000000.0,35164210526.0,727161000.0,39345579.47,27305915911.0,183000000000.0,385000000000.0,2710000000000.0,16300000000000.0,54232266359.0,67517349212.0,747839697.7,381000000000.0,196000000000.0,4089000000.0,12208400000.0,35401331610.0,25503060420.0,17114849900.0
2013,20146416758.0,12776224497.0,230000000000.0,638000000.0,3193512950.0,132000000000.0,1325425926.0,552000000000.0,11121464437.0,2727849721.0,1580000000000.0,430000000000.0,74160560124.0,10395800000.0,32539468085.0,150000000000.0,4693452700.0,75527558966.0,522000000000.0,2021757434.0,12517845124.0,6465756000.0,1913162477.0,30659338886.0,18179108531.0,14271738933.0,2470000000000.0,18094321617.0,55852123990.0,13444300486.0,2451606632.0,2028910915.0,15227991395.0,33728621190.0,1850000000000.0,4405796081.0,12953534866.0,9886241761.333334,277000000000.0,9570000000000.0,382000000000.0,1116224107.0,32679745048.0,17958720699.0,50949668841.0,42760235485.0,59589170668.0,77148000000.0,3033568603.0,23959708956.0,212000000000.0,344000000000.0,2042817163.0,498296296.3,62682159338.0,96570334000.0,288000000000.0,21990960000.0,21948834284.0,2065001626.0,25115753366.0,4597552982.0,47648276605.0,2690110521.0,4189967999.0,271000000000.0,2810000000000.0,6031827123.0,17595744798.0,1375609453.0,17517660144.0,3730000000000.0,62824629066.0,239000000000.0,2684946990.0,842618518.5,5399000000.0,52996446269.0,8376613881.0,1109682824.0,4167800929.0,14902488604.0,18499729215.0,276000000000.0,136000000000.0,16125060515.0,1860000000000.0,913000000000.0,493000000000.0,235000000000.0,238000000000.0,7001175623.0,298000000000.0,2140000000000.0,14264205153.0,5210000000000.0,34454440141.0,237000000000.0,61671440408.0,201768028.6,1370000000000.0,6735328610.0,174000000000.0,7335033801.0,11983252627.0,30204783462.0,46880103081.0,2367112932.0,3177198100.0,75351107029.0,6391708311.0,46523420074.0,65203276467.0,51536595089.0,12423555455.0,8031571928.0,323000000000.0,3295009238.0,13242690786.0,10551030597.0,185817016.6,7223071097.0,12292974141.0,1330000000000.0,317214400.0,9496717876.0,6555591710.0,12582122604.0,4465772400.0,116000000000.0,17198073057.0,60269732855.0,12043307277.0,94385014.94,22162204925.0,877000000000.0,10151382933.0,191000000000.0,10982938826.0,10224897438.0,520000000000.0,10817702346.0,772000000.0,526000000000.0,89936020806.0,259000000000.0,224265167.2,45599900000.0,21261338065.0,38501122141.0,201000000000.0,284000000000.0,516000000000.0,226000000000.0,102000000000.0,199000000000.0,190000000000.0,2290000000000.0,7819963627.0,797736334.3,1678741202.0,267041747.6,754000000000.0,18918667725.0,48394239475.0,1333160407.0,4920343317.0,308000000000.0,1022905028.0,98935222175.0,48415657265.0,1285911586.0,5836021227.0,401000000000.0,18426469017.0,1360000000000.0,77000578167.0,874896296.3,1660222222.0,773906555.1666666,764781259.3,43024018082.0,5145757576.0,587000000000.0,706000000000.0,21361254648.0,8448411318.0,45648857242.0,420000000000.0,1395727400.0,6021732977.0,450650633.0,28709988700.0,48685446414.0,958000000000.0,39197543860.0,754238000.0,38615890.63,28915786517.0,190000000000.0,400000000000.0,2780000000000.0,16900000000000.0,61337621934.0,73180037915.0,758304466.2,371000000000.0,214000000000.0,3738000000.0,13515500000.0,40415233436.0,28037239463.0,19091020000.0
2014,20497128556.0,13228147516.0,239000000000.0,643000000.0,3271685597.0,136000000000.0,1378829630.0,526000000000.0,11609513247.0,2790849721.0,1470000000000.0,443000000000.0,75239785452.0,10974100000.0,33387712766.0,173000000000.0,4711838650.0,78812805039.0,535000000000.0,2125125606.0,13284527847.0,6413988000.0,2057330873.0,32996188017.0,18558733564.0,15470088501.0,2460000000000.0,17097802753.0,57157782910.0,13943016077.0,2705783330.0,2041930125.0,16702610842.0,36386544715.0,1810000000000.0,4562853582.0,13940767219.0,9614847747.88889,260000000000.0,10500000000000.0,381000000000.0,1149587661.0,35909040926.0,17919321083.0,52016408952.0,48843005614.0,59489433515.0,80656100000.0,3059406983.0,23225912185.0,209000000000.0,353000000000.0,2214679081.0,520429629.6,67179955677.0,103000000000.0,306000000000.0,22593470000.0,21765453082.0,2065001626.0,26634083965.0,4422986272.0,55612228234.0,2914012679.0,4857104769.0,275000000000.0,2860000000000.0,6151996561.0,18203966896.0,1229461721.0,17966015109.0,3890000000000.0,54783319817.0,235000000000.0,2842065708.0,911496296.3,5610000000.0,57852153059.0,8778473643.0,1135250721.0,4127660152.0,15146883498.0,19756533972.0,291000000000.0,141000000000.0,17867662178.0,2040000000000.0,891000000000.0,460000000000.0,228000000000.0,260000000000.0,7708454412.0,314000000000.0,2160000000000.0,13899217680.0,4900000000000.0,36847643521.0,221000000000.0,68285796514.0,200114840.7,1480000000000.0,7074394735.0,163000000000.0,7468102413.0,13279245886.0,31386896487.0,48095213747.0,2441063054.0,3225652000.0,57372355592.0,6657526980.0,48533659592.0,68804811898.0,54902831794.0,12522957399.0,8801326169.0,338000000000.0,3697353039.0,14364937124.0,11625848975.0,185446395.9,6592537782.0,13074129952.0,1360000000000.0,319271200.0,9402090138.0,7069353073.0,12226514668.0,4593853291.0,119000000000.0,17978246586.0,65531374200.0,12435430970.0,99149244.4,22731612922.0,892000000000.0,10635035595.0,201000000000.0,11880434071.0,10862943544.0,574000000000.0,11362265253.0,832000000.0,502000000000.0,92699089727.0,271000000000.0,245731216.4,49921400000.0,23210823987.0,40377929296.0,201000000000.0,297000000000.0,539000000000.0,230000000000.0,102000000000.0,206000000000.0,200000000000.0,2060000000000.0,8238966247.0,796683519.6,1673910988.0,293119143.2,767000000000.0,19797253440.0,47062202419.0,1387577870.0,5015180725.0,315000000000.0,1361811508.0,101000000000.0,49997186439.0,1335571421.0,6537360533.0,381000000000.0,13962212847.0,1370000000000.0,82528535714.0,952111111.1,1749185185.0,772921958.5,770900000.0,49516748618.0,5240606061.0,582000000000.0,727000000000.0,21502061462.0,9112605459.0,49986726461.0,407000000000.0,1447535200.0,6393318262.0,439877614.4,29699968761.0,50271812921.0,939000000000.0,43524210526.0,841070000.0,38760982.65,32612397257.0,134000000000.0,414000000000.0,3060000000000.0,17600000000000.0,61496186974.0,80845385809.0,772315983.8,482000000000.0,233000000000.0,3565000000.0,13989700000.0,43228585321.0,27141023558.0,19495519600.0
2015,19134221645.0,11386853113.0,187000000000.0,673000000.0,2789881259.0,90496420507.0,1437755556.0,595000000000.0,10553337518.0,2962907263.0,1350000000000.0,382000000000.0,53076235355.0,11671900000.0,31125851064.0,195000000000.0,4738650450.0,56454889147.0,462000000000.0,2194709309.0,11388160997.0,6654541000.0,2154921011.0,33000198249.0,16404348871.0,13530748845.0,1800000000000.0,12930291488.0,50811995689.0,11832159316.0,3104003546.0,1749857620.0,18049954289.0,32210233021.0,1560000000000.0,4708167255.0,10950392257.0,9343453734.444445,242000000000.0,11100000000000.0,293000000000.0,966029600.9,37917706497.0,12434793868.0,56441920821.0,45815005169.0,51011170112.0,87132800000.0,3058779218.0,19909269064.0,188000000000.0,303000000000.0,2424391785.0,540737037.0,71164826837.0,97209558000.0,329000000000.0,23438240000.0,13185496881.0,2065001626.0,22890762090.0,4063245671.0,64589328551.0,2573905971.0,4682479894.0,235000000000.0,2440000000000.0,5325846362.0,14383107763.0,1378176609.0,15223796149.0,3360000000000.0,49406010054.0,196000000000.0,2499113023.0,997007407.4,5799000000.0,62186064719.0,8794202394.0,1152384167.0,4279840194.0,14849629309.0,20979791685.0,309000000000.0,125000000000.0,17517210519.0,2100000000000.0,861000000000.0,408000000000.0,167000000000.0,292000000000.0,7084800892.0,303000000000.0,1840000000000.0,14188936918.0,4440000000000.0,38587017887.0,184000000000.0,70120446897.0,191572320.4,1470000000000.0,6295848423.0,115000000000.0,6678177512.0,14426380126.0,27263090547.0,49929337837.0,2359686725.0,3227075700.0,48717501321.0,6268515276.0,41435533340.0,60071584216.0,45048190598.0,11323020701.0,9219474379.0,301000000000.0,4129505319.0,13104764378.0,11091483660.0,183222930.9,6166863897.0,12007291046.0,1210000000000.0,316489900.0,7797667197.0,6261649891.0,11619892591.0,4054730078.0,110000000000.0,16208985770.0,59607290408.0,11335161084.0,84863440.58,24360801287.0,766000000000.0,8738203074.0,178000000000.0,12756706583.0,9683867926.0,493000000000.0,10064519963.0,910000000.0,388000000000.0,78710793238.0,300000000000.0,287215972.9,54091800000.0,21723437010.0,36211447840.0,190000000000.0,306000000000.0,477000000000.0,199000000000.0,103000000000.0,162000000000.0,178000000000.0,1360000000000.0,8543759089.0,824150498.7,1419400404.0,259999643.0,669000000000.0,17774766696.0,39655949731.0,1432403352.0,4252029354.0,308000000000.0,1417888715.0,88900883131.0,43107506024.0,1307909888.0,6984947145.0,347000000000.0,11997800760.0,1200000000000.0,85140955389.0,957222222.2,1807640741.0,748778774.22,786555555.6,51726758677.0,5126237646.0,505000000000.0,694000000000.0,16466863097.0,8271431485.0,47413919817.0,401000000000.0,1595205100.0,5755461035.0,437003078.6,27026080987.0,45779494042.0,864000000000.0,35799714286.0,942070000.0,36811936.08,32387183730.0,91030967789.0,370000000000.0,2930000000000.0,18300000000000.0,57680327999.0,86196264755.0,730870803.0,482000000000.0,239000000000.0,3663000000.0,13972400000.0,42444490074.0,21251216799.0,19963120600.0
2016,18116572395.0,11861199831.0,181000000000.0,671000000.0,2896610480.0,52761617226.0,1489692593.0,558000000000.0,10546136236.0,2983635196.0,1210000000000.0,396000000000.0,37866996883.0,11745100000.0,32250132979.0,265000000000.0,4848210350.0,47723545321.0,476000000000.0,2240593543.0,11821065853.0,6899911000.0,2322730512.0,33941126194.0,17116926328.0,15082637184.0,1800000000000.0,11400466356.0,53964253212.0,12833363045.0,2644487777.0,1849789986.0,20016747858.0,33814337041.0,1530000000000.0,4909322200.0,10097778098.0,9072059721.0,249000000000.0,11200000000000.0,283000000000.0,1012835493.0,37134801555.0,10931328150.0,58847019610.0,48407761037.0,52740059263.0,91370407864.0,3024690168.0,21046452116.0,196000000000.0,313000000000.0,2604955229.0,576229629.6,75704647878.0,97671433000.0,332000000000.0,24191430000.0,11240808848.0,2065001626.0,24072829277.0,3816019193.0,74296745208.0,2813278869.0,4930213644.0,241000000000.0,2470000000000.0,5497036477.0,14023890265.0,1484578886.0,15444548902.0,3470000000000.0,56164929305.0,193000000000.0,2707139544.0,1061640741.0,5901000000.0,66053403469.0,8595955600.0,1245074264.0,4482697337.0,14069277526.0,21717604952.0,321000000000.0,129000000000.0,20793168031.0,2290000000000.0,932000000000.0,458000000000.0,167000000000.0,299000000000.0,6846377563.0,322000000000.0,1880000000000.0,14077096677.0,5000000000000.0,39892551127.0,137000000000.0,74815144164.0,206658568.8,1500000000000.0,6682677290.0,109000000000.0,6813095379.0,15912501723.0,28083597512.0,51147308774.0,2114426454.0,3398419600.0,49912073701.0,6237302034.0,43047309306.0,62216885436.0,45070808689.0,11848613858.0,7909868618.0,301000000000.0,4409942624.0,14026048336.0,11668015566.0,200900711.1,6398747592.0,12594155464.0,1110000000000.0,325000000.0,7980917076.0,6465645585.0,11181350649.0,4376930578.0,112000000000.0,12069051237.0,63298361996.0,10722018732.0,97541943.04,24524109484.0,784000000000.0,8724568955.0,189000000000.0,13286118584.0,10398861982.0,405000000000.0,10672467073.0,1230000000.0,371000000000.0,75128738622.0,314000000000.0,305404174.8,57907700000.0,20758876953.0,36089700223.0,192000000000.0,319000000000.0,470000000000.0,206000000000.0,104000000000.0,152000000000.0,185000000000.0,1280000000000.0,8695272095.0,843924796.7,1468342431.0,292267272.2,666000000000.0,19040312333.0,40692661657.0,1568513348.0,3862721266.0,319000000000.0,1427017207.0,89952699525.0,44766722791.0,1379490304.0,7390796617.0,324000000000.0,11997800760.0,1230000000000.0,88012282206.0,1006818519.0,1868544444.0,724635589.94,814303703.7,42630376000.0,3317421648.0,516000000000.0,688000000000.0,12597854884.0,6992416097.0,49774409374.0,413000000000.0,1652603700.0,6071170959.0,420548712.4,23713671528.0,44360072680.0,870000000000.0,36169428571.0,1032452000.0,41629064.22,29203988696.0,93355869404.0,369000000000.0,2690000000000.0,18800000000000.0,57480788380.0,86138288644.0,780889605.9,482000000000.0,257000000000.0,3798000000.0,15405400000.0,31317825274.0,20958412538.0,20548678100.0
2017,18753456498.0,13019726212.0,190000000000.0,612000000.0,3000162081.0,73690154991.0,1531151852.0,644000000000.0,11527458709.0,3092429050.0,1330000000000.0,417000000000.0,40866627352.0,12236700000.0,35423643617.0,294000000000.0,5000457800.0,54725302250.0,503000000000.0,2266664817.0,12701655837.0,7142316000.0,2591358115.0,37508642171.0,18326373366.0,16105155857.0,2060000000000.0,12128183904.0,59309748166.0,14106955615.0,2723586963.0,1996741540.0,22177200588.0,36098547059.0,1650000000000.0,5166281293.0,10000394381.0,9070980827.0,276000000000.0,12300000000000.0,312000000000.0,1077439757.0,38019264795.0,11834473048.0,60516044657.0,52512343997.0,56322449844.0,96850649692.0,3033433240.0,22946583375.0,219000000000.0,332000000000.0,2762581334.0,521551851.9,79998046306.0,104000000000.0,248000000000.0,24979190000.0,12200913879.0,2065001626.0,26924385103.0,4402969226.0,81770886826.0,2980057378.0,5353469174.0,256000000000.0,2600000000000.0,5833352693.0,14929487485.0,1504909463.0,16473125375.0,3690000000000.0,60405924079.0,200000000000.0,2851613679.0,1125685185.0,6013000000.0,71653754066.0,10324668271.0,1469978606.0,4748174334.0,15093357161.0,23136247991.0,341000000000.0,143000000000.0,24728285177.0,2650000000000.0,1020000000000.0,487000000000.0,187000000000.0,337000000000.0,6979788334.0,358000000000.0,1960000000000.0,14808985133.0,4930000000000.0,41608435915.0,167000000000.0,82036510877.0,223029864.5,1620000000000.0,7180764703.0,121000000000.0,7702938379.0,17071155481.0,30483806018.0,53027680686.0,2306741674.0,3390703400.0,67157452182.0,6474308718.0,47758736932.0,65712180343.0,50383871121.0,13176313594.0,8943543677.0,319000000000.0,4816426257.0,15365713048.0,13484541926.0,212935714.7,6800135898.0,13713506131.0,1190000000000.0,359000000.0,9514404016.0,6431271365.0,11480847741.0,4856599481.0,119000000000.0,13264640646.0,66053040483.0,12895153160.0,109355638.9,28971588940.0,834000000000.0,9174048682.0,207000000000.0,13785943183.0,11185104252.0,376000000000.0,11307067070.0,1560000000.0,402000000000.0,80856697009.0,339000000000.0,292345764.2,62202700000.0,22742699138.0,38997129474.0,211000000000.0,328000000000.0,525000000000.0,221000000000.0,103000000000.0,161000000000.0,210000000000.0,1570000000000.0,9252834120.0,884844384.5,1528621195.0,322002845.2,715000000000.0,20996562944.0,44179075779.0,1675370641.0,3719443418.0,343000000000.0,1353212123.0,95649966261.0,48589100043.0,1469789119.0,8252394373.0,381000000000.0,11997800760.0,1310000000000.0,94376237797.0,1056977778.0,1998503704.0,700492405.6600001,844040740.7,41283617976.0,3591679431.0,541000000000.0,695000000000.0,16369843341.0,7536402853.0,53274884533.0,456000000000.0,1598208400.0,6387422518.0,460374354.8,24040299978.0,42163530591.0,859000000000.0,37926285714.0,1028941663.0,45276595.35,30744473841.0,112000000000.0,391000000000.0,2680000000000.0,19600000000000.0,65006047680.0,62081322740.0,880061833.7,482000000000.0,281000000000.0,3794000000.0,16128000000.0,26842229045.0,25873601261.0,17584890937.0
2018,18053222687.0,15156424015.0,195000000000.0,639000000.0,3218419897.0,79450688259.0,1661529630.0,525000000000.0,12457940695.0,3276184358.0,1430000000000.0,455000000000.0,47112470052.0,12615800000.0,37802005319.0,321000000000.0,5128345200.0,60031173808.0,543000000000.0,2292787336.0,14262408090.0,7225977000.0,2583335723.0,40287647931.0,20484053869.0,17031943186.0,1920000000000.0,13566937674.0,66370132238.0,15890066221.0,2667182200.0,2205099507.0,24571753583.0,39955552190.0,1730000000000.0,5530178499.0,11239167898.0,9940766574.0,296000000000.0,13900000000000.0,334000000000.0,1188797449.0,47568210010.0,14773900278.0,62420164992.0,58522477787.0,61861145806.0,100000000000.0,3046364804.0,25597301191.0,249000000000.0,357000000000.0,2913466732.0,554770370.4,85555390139.0,107000000000.0,263000000000.0,26020850000.0,13097012134.0,2065001626.0,30624720196.0,4666598024.0,84269196626.0,3188600927.0,5581425327.0,276000000000.0,2790000000000.0,6135116253.0,16867326390.0,1670671328.0,17902544881.0,3970000000000.0,67298914624.0,212000000000.0,3055782146.0,1166514815.0,6051000000.0,73328365862.0,11857030367.0,1554133594.0,4787636998.0,16403864618.0,24067750760.0,362000000000.0,161000000000.0,26260850582.0,2700000000000.0,1040000000000.0,330000000000.0,227000000000.0,387000000000.0,7491649456.0,377000000000.0,2090000000000.0,15730792876.0,5040000000000.0,43370860704.0,179000000000.0,92202979985.0,233859230.2,1730000000000.0,7878759715.0,138000000000.0,8271106235.0,18141641090.0,34429023435.0,54901519156.0,2556247292.0,3422754800.0,76686029772.0,6692620692.0,53751411409.0,71000359760.0,55190661340.0,13760033282.0,9880675786.0,359000000000.0,5404344163.0,17070867590.0,15404393365.0,219430038.5,7473550557.0,14735695931.0,1260000000000.0,392000000.0,11252353421.0,7182444410.0,13178094720.0,5506942238.0,127000000000.0,15017359042.0,67860515990.0,13682018827.0,130995566.3,33111525237.0,914000000000.0,9896402284.0,212000000000.0,13025239912.0,12837307497.0,422000000000.0,12683068114.0,1301000000.0,440000000000.0,91505851756.0,356000000000.0,288160980.2,67294169200.0,24109780708.0,40225448341.0,223000000000.0,347000000000.0,589000000000.0,242000000000.0,101000000000.0,183000000000.0,243000000000.0,1660000000000.0,9637904553.0,878448433.4,1655354304.0,383717327.8,847000000000.0,23116701556.0,50640662859.0,1784313927.0,4085114388.0,377000000000.0,1259200447.0,106000000000.0,54177882426.0,1615478393.0,8278212314.0,405000000000.0,11997800760.0,1420000000000.0,94493871201.0,1076548148.0,2060955556.0,676349221.38,884329629.6,32333780383.0,3996198867.0,555000000000.0,726000000000.0,21497782881.0,7764999999.0,57003712892.0,507000000000.0,1566157200.0,7029300383.0,488906838.6,24569079488.0,42686580021.0,779000000000.0,40765428571.0,1128749005.0,48015259.88,32927025620.0,131000000000.0,427000000000.0,2870000000000.0,20700000000000.0,65344408987.0,52870108215.0,914736985.4,482000000000.0,310000000000.0,3923000000.0,16276600000.0,21606160663.0,26311507274.0,34156069918.0
2019,18799444490.0,15401826127.0,193000000000.0,647000000.0,3155149348.0,70897962732.0,1725351852.0,448000000000.0,13619290539.0,3395798883.0,1390000000000.0,445000000000.0,48174235294.0,13016200000.0,38653318085.0,351000000000.0,5367139250.0,64410122847.0,536000000000.0,2386792476.0,14390708751.0,7423465000.0,2735683409.0,40895322851.0,20482608755.0,16725908149.0,1870000000000.0,13469235365.0,68881010246.0,16032813502.0,2576518880.0,2252177124.0,27089390033.0,39667757528.0,1740000000000.0,5941896600.0,11314951092.0,9921386550.0,278000000000.0,14300000000000.0,323000000000.0,1195019532.0,51775829877.0,13976637329.0,64417670521.0,60382894697.0,61867157679.0,103000000000.0,3026124134.0,25947020102.0,253000000000.0,346000000000.0,3088853639.0,611537037.0,88941372558.0,108000000000.0,319000000000.0,26881140000.0,11364133550.0,2065001626.0,31290453294.0,4495267266.0,95912607722.0,3266432734.0,5444407198.0,269000000000.0,2730000000000.0,6022276196.0,16874405460.0,1813609692.0,17638337117.0,3890000000000.0,68337969248.0,205000000000.0,2997309972.0,1213485185.0,6355000000.0,77172317259.0,13442861496.0,1486476582.0,5173760192.0,15016090930.0,24882225742.0,363000000000.0,164000000000.0,24681343649.0,2840000000000.0,1120000000000.0,284000000000.0,234000000000.0,399000000000.0,7314967866.0,402000000000.0,2010000000000.0,15830766531.0,5120000000000.0,44502816901.0,182000000000.0,100000000000.0,216891541.0,1650000000000.0,7899737577.0,139000000000.0,9371275264.0,18740561513.0,34225547537.0,51605959131.0,2390702296.0,3319596500.0,72081962263.0,6436467007.0,54808531641.0,69890505324.0,55082293844.0,14104664679.0,11077305330.0,365000000000.0,5726094799.0,17280250810.0,16004563886.0,231996704.1,7894764886.0,14436346980.0,1310000000000.0,394000000.0,11736797055.0,7383944044.0,14206359018.0,5542054181.0,129000000000.0,15512758965.0,75065106228.0,12541928103.0,125160115.5,34186180699.0,910000000000.0,9475655325.0,213000000000.0,12699046245.0,12889555561.0,475000000000.0,12606338449.0,1181000000.0,409000000000.0,88060858257.0,321000000000.0,281828704.8,69721787500.0,24751066911.0,37925338329.0,228000000000.0,377000000000.0,596000000000.0,240000000000.0,105000000000.0,176000000000.0,251000000000.0,1690000000000.0,10349299856.0,912950466.1,1616188702.0,412976064.5,839000000000.0,23403995992.0,51514242939.0,1868690097.0,4076578699.0,377000000000.0,1407880447.0,106000000000.0,54386654314.0,1619155017.0,9420431258.0,389000000000.0,11997800760.0,1390000000000.0,89014978344.0,1107855556.0,2092081549.0,652206037.1,910766666.7,32338079165.0,4016040575.0,534000000000.0,721000000000.0,22583045053.0,8300813599.0,61026731926.0,544000000000.0,2027034000.0,6992700101.0,512053692.1,23775754305.0,41905540184.0,761000000000.0,45232857143.0,1177285212.0,54123198.57,35348155095.0,154000000000.0,418000000000.0,2850000000000.0,21500000000000.0,62222387929.0,60283503705.0,936526267.6,482000000000.0,334000000000.0,4121000000.0,17133500000.0,21606160663.0,23308667781.0,21832234926.0
2020,19955929052.0,15162734205.0,165000000000.0,721000000.0,2891001149.0,48501561204.0,1410796296.0,386000000000.0,12641698583.0,2558906304.0,1330000000000.0,435000000000.0,42693000000.0,9958200000.0,34621807713.0,374000000000.0,4779756550.0,61371755326.0,526000000000.0,2047727810.0,15686741884.0,6887147000.0,2457604042.0,36629843806.0,20226036564.0,14960291106.0,1480000000000.0,12005799654.0,70368758395.0,17725010531.0,2649680261.0,1821565614.0,25872797892.0,40773241177.0,1660000000000.0,5655357984.0,10715396042.0,9301349237.0,254000000000.0,14700000000000.0,270000000000.0,1225039197.0,48716961860.0,11468688141.0,62395610760.0,63027852805.0,58221300898.0,107000000000.0,2534327598.0,25227189745.0,246000000000.0,355000000000.0,3185150981.0,504214814.8,78844656298.0,95865472000.0,384000000000.0,24921190000.0,9893816008.0,2065001626.0,31330419851.0,3982236694.0,108000000000.0,3262045883.0,4432466220.0,272000000000.0,2650000000000.0,5792545871.0,15314577168.0,1812170891.0,16010869216.0,3890000000000.0,70043095504.0,188000000000.0,3082884653.0,1043411111.0,5916000000.0,77715183063.0,14177835841.0,1520479985.0,5471256595.0,14508222518.0,23352232484.0,345000000000.0,157000000000.0,21629953194.0,2670000000000.0,1060000000000.0,240000000000.0,181000000000.0,429000000000.0,6684225641.0,413000000000.0,1900000000000.0,13812421836.0,5060000000000.0,43700383099.0,171000000000.0,101000000000.0,222973879.7,1640000000000.0,7717145218.0,108000000000.0,8270468614.0,18981805250.0,34390910339.0,31712128254.0,2053338465.0,3176126340.0,65688454972.0,6405870210.0,56964942999.0,73699366700.0,25343525936.0,13051441204.0,12041250084.0,337000000000.0,3712604583.0,17465392764.0,15249999048.0,240751144.4,8260752385.0,11408106446.0,1120000000000.0,372000000.0,11530746234.0,6739645416.0,13312981429.0,4769996866.0,121000000000.0,14235420174.0,79006113643.0,10583748542.0,124685688.2,33433659301.0,910000000000.0,9454629468.0,213000000000.0,12681548304.0,13744653103.0,432000000000.0,12361036914.0,858000000.0,368000000000.0,75909397659.0,300000000000.0,261179138.2,57086836900.0,23848445104.0,35432178068.0,201000000000.0,362000000000.0,599000000000.0,229000000000.0,103000000000.0,144000000000.0,251000000000.0,1490000000000.0,10174387614.0,868898358.3,1541247884.0,471229484.6,734000000000.0,24530513038.0,53356484591.0,1382551752.0,4062906266.0,349000000000.0,1236428101.0,107000000000.0,53734526854.0,1536145814.0,9204140383.0,338000000000.0,11997800760.0,1280000000000.0,84304298771.0,883922222.2,1497825994.0,652206037.1,869111111.1,27034593750.0,2911807496.0,547000000000.0,742000000000.0,11155888304.0,8133963551.0,66068737786.0,500000000000.0,2162619200.0,7400284168.0,484796854.9,20807571314.0,42491816476.0,720000000000.0,45818000000.0,774653669.3,51746594.31,37600368240.0,157000000000.0,349000000000.0,2700000000000.0,21300000000000.0,53668636568.0,60224701297.0,909421043.5,482000000000.0,347000000000.0,4189000000.0,15531700000.0,21606160663.0,18137764931.0,21509698406.0
