Food Name,Category Name,Calcium,Calories,Carbs,Cholesterol,Copper,Fats,Fiber,Folate,Iron,Magnesium,Monounsaturated Fat,Net carbs,Phosphorus,Polyunsaturated fat,Potassium,Protein,Saturated Fat,Selenium,Sodium,Vitamin A (IU),Vitamin A RAE,Vitamin B1,Vitamin B12,Vitamin B2,Vitamin B3,Vitamin B5,Vitamin B6,Vitamin C,Zinc,Manganese
Acerola,Fruits,0.012,32.0,7.7,0.0,8.999999999999999e-05,0.3,1.1,1.4e-05,0.0002,0.018,0.08,6.6,0.011,0.09,0.146,0.4,0.07,6e-07,0.007,767.0,3.8e-05,2e-05,0.0,6e-05,0.0004,0.00031,1e-05,1.678,0.0001,
Apple,Fruits,0.006,52.0,14.0,0.0,3e-05,0.17,2.4,3e-06,0.0001199999999999,0.005,0.01,11.0,0.011,0.05,0.107,0.26,0.03,0.0,0.001,54.0,3e-06,2e-05,0.0,3e-05,8.999999999999999e-05,6e-05,4e-05,0.0046,4e-05,4e-05
Apricot,Fruits,0.013,48.0,11.0,0.0,8e-05,0.39,2.0,9e-06,0.00039,0.01,0.17,9.1,0.023,0.08,0.259,1.4,0.03,1.0000000000000001e-07,0.001,1279.0,9.6e-05,3e-05,0.0,4e-05,0.0006,0.0002399999999999,5e-05,0.01,0.0002,8e-05
Dried fruit,Fruits,0.055,241.0,63.0,0.0,0.00034,0.51,7.3,1e-05,0.0027,0.032,0.07,55.0,0.071,0.07,1.162,3.4,0.02,2.2e-06,0.01,3604.0,0.00018,2e-05,0.0,7.000000000000001e-05,0.0026,0.00052,0.00014,0.001,0.00039,0.0002399999999999
Avocado,Fruits,0.012,160.0,8.5,0.0,0.00019,15.0,6.7,8.1e-05,0.00055,0.029,9.8,1.8,0.052,1.8,0.485,2.0,2.1,4.0000000000000003e-07,0.007,146.0,7e-06,7.000000000000001e-05,0.0,0.00013,0.0017,0.0014,0.00026,0.01,0.00064,0.00014
Banana,Fruits,0.005,89.0,23.0,0.0,8e-05,0.33,2.6,2e-05,0.00026,0.027,0.03,20.0,0.022,0.07,0.358,1.1,0.11,1e-06,0.001,64.0,3e-06,3e-05,0.0,7.000000000000001e-05,0.00067,0.00033,0.00037,0.0087,0.00015,0.00027
Blackberry,Fruits,0.029,43.0,9.6,0.0,0.00017,0.49,5.3,2.5e-05,0.00062,0.02,0.05,4.3,0.022,0.28,0.162,1.4,0.01,4.0000000000000003e-07,0.001,214.0,1.1e-05,2e-05,0.0,3e-05,0.00065,0.00028,3e-05,0.021,0.00053,0.00065
Blueberry,Fruits,0.006,57.0,14.0,0.0,6e-05,0.33,2.4,6e-06,0.00028,0.006,0.05,12.0,0.012,0.15,0.077,0.74,0.03,1.0000000000000001e-07,0.001,54.0,3e-06,4e-05,0.0,4e-05,0.0004199999999999,0.0001199999999999,5e-05,0.0096999999999999,0.00016,0.00034
Boysenberries,Fruits,0.027,50.0,12.0,0.0,8e-05,0.26,5.3,6.3e-05,0.00085,0.016,0.03,6.9,0.027,0.15,0.139,1.1,0.01,2.0000000000000002e-07,0.001,67.0,3e-06,5e-05,0.0,4e-05,0.00077,0.00025,6e-05,0.0031,0.00022,0.00055
Breadfruit,Fruits,0.017,103.0,27.0,0.0,8e-05,0.23,4.9,1.4e-05,0.00054,0.025,0.03,22.0,0.03,0.07,0.49,1.1,0.05,6e-07,0.002,0.0,0.0,0.00011,0.0,3e-05,0.0009,0.00046,0.0001,0.029,0.0001199999999999,6e-05
Carambola,Fruits,0.003,31.0,6.7,0.0,0.00014,0.33,2.8,1.2e-05,8e-05,0.01,0.03,3.9,0.012,0.18,0.133,1.0,0.02,6e-07,0.002,61.0,3e-06,1e-05,0.0,2e-05,0.00037,0.00039,2e-05,0.034,0.0001199999999999,4e-05
Cherimoya,Fruits,0.01,75.0,18.0,0.0,7.000000000000001e-05,0.68,3.0,2.3e-05,0.00027,0.017,0.06,15.0,0.026,0.19,0.287,1.6,0.23,,0.007,5.0,0.0,0.0001,0.0,0.00013,0.00064,0.00035,0.00026,0.013,0.00016,8.999999999999999e-05
Cherry,Fruits,0.016,50.0,12.0,0.0,0.0001,0.3,1.6,8e-06,0.00032,0.009,0.08,11.0,0.015,0.09,0.173,1.0,0.07,0.0,0.003,1283.0,6.4e-05,3e-05,0.0,4e-05,0.0004,0.00014,4e-05,0.01,0.0001,0.00011
Crabapple (Malus),Fruits,0.018,76.0,20.0,0.0,7.000000000000001e-05,0.3,,,0.0003599999999999,0.007,0.01,20.0,0.015,0.09,0.194,0.4,0.05,,0.001,40.0,2e-06,3e-05,0.0,2e-05,0.0001,,,0.008,,0.0001199999999999
Cranberry,Fruits,0.008,46.0,12.0,0.0,6e-05,0.13,3.6,1e-06,0.00023,0.006,0.02,8.4,0.011,0.06,0.08,0.46,0.01,1.0000000000000001e-07,0.002,63.0,3e-06,1e-05,0.0,2e-05,0.0001,0.0003,6e-05,0.014,8.999999999999999e-05,0.00027
Currant,Fruits,0.033,56.0,14.0,0.0,0.00011,0.2,4.3,8e-06,0.001,0.013,0.03,9.5,0.044,0.09,0.275,1.4,0.02,6e-07,0.001,42.0,2e-06,4e-05,0.0,5e-05,0.0001,6e-05,7.000000000000001e-05,0.041,0.00023,0.00019
Custard apple,Fruits,0.03,101.0,25.0,0.0,,0.6,2.4,,0.0007099999999999,0.018,,23.0,0.021,,0.382,1.7,0.23,,0.004,33.0,2e-06,8e-05,0.0,0.0001,0.0005,0.00014,0.00022,0.019,,
Dates,Fruits,0.039,282.0,75.0,0.0,0.0002099999999999,0.39,8.0,1.9e-05,0.001,0.043,0.04,67.0,0.062,0.02,0.656,2.5,0.03,3e-06,0.002,10.0,0.0,5e-05,0.0,7.000000000000001e-05,0.0013,0.0005899999999999,0.00017,0.0004,0.00029,0.00026
Elderberry,Fruits,0.038,73.0,18.0,0.0,6e-05,0.5,7.0,6e-06,0.0016,0.005,0.08,11.0,0.039,0.25,0.28,0.66,0.02,6e-07,0.006,600.0,3e-05,7.000000000000001e-05,0.0,6e-05,0.0005,0.00014,0.00023,0.036,0.00011,
Figs,Fruits,0.035,74.0,19.0,0.0,7.000000000000001e-05,0.3,2.9,6e-06,0.00037,0.017,0.07,16.0,0.014,0.14,0.232,0.75,0.06,2.0000000000000002e-07,0.001,142.0,7e-06,6e-05,0.0,5e-05,0.0004,0.0003,0.00011,0.002,0.00015,0.00013
Fruit salad,Fruits,0.011,50.0,13.0,0.0,5e-05,0.03,1.0,3e-06,0.00025,0.008,0.01,12.0,0.014,0.01,0.116,0.51,0.0,,0.005,600.0,3e-05,1e-05,0.0,1e-05,0.0003599999999999,5e-05,3e-05,0.0033,0.00014,0.00015
Gooseberry,Fruits,0.025,44.0,10.0,0.0,7.000000000000001e-05,0.58,4.3,6e-06,0.00031,0.01,0.05,5.9,0.027,0.32,0.198,0.88,0.04,6e-07,0.001,290.0,1.5e-05,4e-05,0.0,3e-05,0.0003,0.00029,8e-05,0.028,0.0001199999999999,0.00014
Goji berries,Fruits,0.19,349.0,77.0,0.0,,0.39,13.0,,0.0068,,,64.0,,,,14.0,0.0,,0.298,26822.0,,,,,,,,0.048,,
Grapefruit,Fruits,0.022,42.0,11.0,0.0,3e-05,0.14,1.6,1.3e-05,8e-05,0.009,0.02,9.1,0.018,0.04,0.135,0.77,0.02,1.0000000000000001e-07,0.0,1150.0,5.8e-05,4e-05,0.0,3e-05,0.0002,0.00026,5e-05,0.031,7.000000000000001e-05,2e-05
Grape,Fruits,0.014,67.0,17.0,0.0,4e-05,0.35,0.9,4e-06,0.00029,0.005,0.01,16.0,0.01,0.1,0.191,0.63,0.11,1.0000000000000001e-07,0.002,100.0,5e-06,8.999999999999999e-05,0.0,6e-05,0.0003,2e-05,0.00011,0.004,4e-05,0.0007199999999999
Peruvian groundcherry,Fruits,0.009,53.0,11.0,0.0,,0.7,,,0.001,,,11.0,0.04,,,1.9,,,,720.0,3.6e-05,0.00011,0.0,4e-05,0.0028,,,0.011,,
Guava,Fruits,0.018,68.0,14.0,0.0,0.00023,0.95,5.4,4.9e-05,0.00026,0.022,0.09,8.9,0.04,0.4,0.417,2.6,0.27,6e-07,0.002,624.0,3.1e-05,7.000000000000001e-05,0.0,4e-05,0.0011,0.00045,0.00011,0.228,0.00023,0.00015
Jackfruit,Fruits,0.024,95.0,23.0,0.0,8e-05,0.64,1.5,2.4e-05,0.00023,0.029,0.16,22.0,0.021,0.09,0.448,1.7,0.2,,0.002,110.0,5e-06,0.00011,0.0,6e-05,0.00092,0.0002399999999999,0.00033,0.014,0.00013,4e-05
Java plum,Fruits,0.019,60.0,16.0,0.0,,0.23,,,0.00019,0.015,,16.0,0.017,,0.079,0.72,,,0.014,3.0,0.0,1e-05,0.0,1e-05,0.00026,,4e-05,0.014,,
Jujube,Fruits,0.021,79.0,20.0,0.0,7.000000000000001e-05,0.2,,,0.0004799999999999,0.01,,20.0,0.023,,0.25,1.2,,,0.003,40.0,2e-06,2e-05,0.0,4e-05,0.0009,,8e-05,0.069,5e-05,8e-05
Kiwifruit,Fruits,0.034,61.0,15.0,0.0,0.00013,0.52,3.0,2.5e-05,0.00031,0.017,0.05,12.0,0.034,0.29,0.312,1.1,0.03,2.0000000000000002e-07,0.003,87.0,4e-06,3e-05,0.0,3e-05,0.00034,0.0001799999999999,6e-05,0.093,0.00014,0.0001
Kumquat,Fruits,0.062,71.0,16.0,0.0,0.0001,0.86,6.5,1.7e-05,0.00086,0.02,0.15,9.4,0.019,0.17,0.186,1.9,0.1,0.0,0.01,290.0,1.5e-05,4e-05,0.0,8.999999999999999e-05,0.00043,0.0002099999999999,4e-05,0.044,0.00017,0.00014
Lemon,Fruits,0.026,29.0,9.3,0.0,4e-05,0.3,2.8,1.1e-05,0.0006,0.008,0.01,6.5,0.016,0.09,0.138,1.1,0.04,4.0000000000000003e-07,0.002,22.0,1e-06,4e-05,0.0,2e-05,0.0001,0.00019,8e-05,0.053,6e-05,3e-05
Lime,Fruits,0.033,30.0,11.0,0.0,7.000000000000001e-05,0.2,2.8,8e-06,0.0006,0.006,0.02,7.7,0.018,0.06,0.102,0.7,0.02,4.0000000000000003e-07,0.002,50.0,2e-06,3e-05,0.0,2e-05,0.0002,0.00022,4e-05,0.029,0.00011,1e-05
Lychee,Fruits,0.005,66.0,17.0,0.0,0.00015,0.44,1.3,1.4e-05,0.00031,0.01,0.12,15.0,0.031,0.13,0.171,0.83,0.1,6e-07,0.001,0.0,0.0,1e-05,0.0,7.000000000000001e-05,0.0006,,0.0001,0.072,7.000000000000001e-05,6e-05
Loganberries,Fruits,0.026,55.0,13.0,0.0,0.0001199999999999,0.31,5.3,2.6e-05,0.00064,0.021,0.03,7.7,0.026,0.18,0.145,1.5,0.01,2.0000000000000002e-07,0.001,35.0,2e-06,5e-05,0.0,3e-05,0.0008399999999999,0.0002399999999999,7.000000000000001e-05,0.015,0.00034,0.0012
Longan,Fruits,0.001,60.0,15.0,0.0,0.00017,0.1,1.1,,0.00013,0.01,,14.0,0.021,,0.266,1.3,,,0.0,,,3e-05,0.0,0.00014,0.0003,,,0.084,5e-05,5e-05
Loquat,Fruits,0.016,47.0,12.0,0.0,4e-05,0.2,1.7,1.4e-05,0.00028,0.013,0.01,10.0,0.027,0.09,0.266,0.43,0.04,6e-07,0.001,1528.0,7.6e-05,2e-05,0.0,2e-05,0.0001799999999999,,0.0001,0.001,5e-05,0.00015
Mango,Fruits,0.011,60.0,15.0,0.0,0.00011,0.38,1.6,4.3e-05,0.00016,0.01,0.14,13.0,0.014,0.07,0.168,0.82,0.09,6e-07,0.001,1082.0,5.4e-05,3e-05,0.0,4e-05,0.00067,0.0002,0.0001199999999999,0.036,8.999999999999999e-05,6e-05
Purple mangosteen,Fruits,0.012,73.0,18.0,0.0,7.000000000000001e-05,0.58,1.8,3.1e-05,0.0003,0.013,,16.0,0.008,,0.048,0.41,,,0.007,35.0,2e-06,5e-05,0.0,5e-05,0.00029,3e-05,2e-05,0.0029,0.0002099999999999,0.0001
Cantaloupe,Fruits,0.009,34.0,8.2,0.0,4e-05,0.19,0.9,2.1e-05,0.0002099999999999,0.012,0.0,7.3,0.015,0.08,0.267,0.84,0.05,4.0000000000000003e-07,0.016,3382.0,0.000169,4e-05,0.0,2e-05,0.00073,0.00011,7.000000000000001e-05,0.037,0.0001799999999999,4e-05
Melon,Fruits,0.011,28.0,6.6,0.0,6e-05,0.1,0.9,8e-06,0.00034,0.011,0.0,5.7,0.005,0.04,0.182,1.1,0.03,4.0000000000000003e-07,0.009,0.0,0.0,2e-05,0.0,3e-05,0.00023,8e-05,0.00016,0.022,7.000000000000001e-05,4e-05
Honeydew,Fruits,0.006,36.0,9.1,0.0,2e-05,0.14,0.8,1.9e-05,0.00017,0.01,0.0,8.3,0.011,0.06,0.228,0.54,0.04,7e-07,0.018,50.0,3e-06,4e-05,0.0,1e-05,0.0004199999999999,0.00016,8.999999999999999e-05,0.018,8.999999999999999e-05,3e-05
Mulberry,Fruits,0.039,43.0,9.8,0.0,6e-05,0.39,1.7,6e-06,0.0019,0.018,0.04,8.1,0.038,0.21,0.194,1.4,0.03,6e-07,0.01,25.0,1e-06,3e-05,0.0,0.0001,0.00062,,5e-05,0.036,0.0001199999999999,
Nectarine,Fruits,0.006,44.0,11.0,0.0,8.999999999999999e-05,0.32,1.7,5e-06,0.00028,0.009,0.09,8.9,0.026,0.11,0.201,1.1,0.03,0.0,0.0,332.0,1.7e-05,3e-05,0.0,3e-05,0.0011,0.00019,3e-05,0.0054,0.00017,5e-05
Orange,Fruits,0.04,47.0,12.0,0.0,5e-05,0.12,2.4,3e-05,0.0001,0.01,0.02,9.4,0.014,0.03,0.181,0.94,0.02,5e-07,0.0,225.0,1.1e-05,8.999999999999999e-05,0.0,4e-05,0.00028,0.00025,6e-05,0.053,7.000000000000001e-05,3e-05
Mandarin orange,Fruits,0.037,53.0,13.0,0.0,4e-05,0.31,1.8,1.6e-05,0.00015,0.012,0.06,12.0,0.02,0.07,0.166,0.81,0.04,1.0000000000000001e-07,0.002,681.0,3.4e-05,6e-05,0.0,4e-05,0.00038,0.00022,8e-05,0.027,7.000000000000001e-05,4e-05
Papaya,Fruits,0.02,43.0,11.0,0.0,5e-05,0.26,1.7,3.7e-05,0.00025,0.021,0.07,9.1,0.01,0.06,0.182,0.47,0.08,6e-07,0.008,950.0,4.7e-05,2e-05,0.0,3e-05,0.0003599999999999,0.00019,4e-05,0.061,8e-05,4e-05
Passion fruit,Fruits,0.012,97.0,23.0,0.0,8.999999999999999e-05,0.7,10.0,1.4e-05,0.0016,0.029,0.09,13.0,0.068,0.41,0.348,2.2,0.06,6e-07,0.028,1272.0,6.4e-05,0.0,0.0,0.00013,0.0015,,0.0001,0.03,0.0001,
Peach,Fruits,0.006,39.0,9.5,0.0,7.000000000000001e-05,0.25,1.5,4e-06,0.00025,0.009,0.07,8.0,0.02,0.09,0.19,0.91,0.02,1.0000000000000001e-07,0.0,326.0,1.6e-05,2e-05,0.0,3e-05,0.00081,0.00015,3e-05,0.0066,0.00017,6e-05
Pear,Fruits,0.009,57.0,15.0,0.0,8e-05,0.14,3.1,7e-06,0.0001799999999999,0.007,0.08,12.0,0.012,0.09,0.116,0.36,0.02,1.0000000000000001e-07,0.001,25.0,1e-06,1e-05,0.0,3e-05,0.00016,5e-05,3e-05,0.0043,0.0001,5e-05
Persimmon,Fruits,0.027,127.0,34.0,0.0,,0.4,,,0.0025,,,34.0,0.026,,0.31,0.8,,,0.001,,,,0.0,,,,,0.066,,
Pineapple,Fruits,0.013,50.0,13.0,0.0,0.00011,0.12,1.4,1.8e-05,0.00029,0.012,0.01,12.0,0.008,0.04,0.109,0.54,0.01,1.0000000000000001e-07,0.001,58.0,3e-06,8e-05,0.0,3e-05,0.0005,0.0002099999999999,0.00011,0.048,0.0001199999999999,0.00093
Pitanga (Surinam cherry),Fruits,0.009,33.0,7.5,0.0,,0.4,,,0.0002,0.012,,7.5,0.011,,0.103,0.8,,,0.003,1500.0,7.5e-05,3e-05,0.0,4e-05,0.0003,,,0.026,,
Plantain,Fruits,0.002,116.0,31.0,0.0,7.000000000000001e-05,0.18,2.3,2.6e-05,0.00058,0.032,0.02,29.0,0.028,0.03,0.465,0.79,0.07,1.4e-06,0.005,909.0,4.5e-05,5e-05,0.0,5e-05,0.00076,0.00023,0.0002399999999999,0.011,0.00013,
Plum,Fruits,0.006,46.0,11.0,0.0,6e-05,0.28,1.4,5e-06,0.00017,0.007,0.13,10.0,0.016,0.04,0.157,0.7,0.02,0.0,0.0,345.0,1.7e-05,3e-05,0.0,3e-05,0.0004199999999999,0.00014,3e-05,0.0095,0.0001,5e-05
Pomegranate,Fruits,0.01,83.0,19.0,0.0,0.00016,1.2,4.0,3.8e-05,0.0003,0.012,0.09,15.0,0.036,0.08,0.236,1.7,0.12,5e-07,0.003,0.0,0.0,7.000000000000001e-05,0.0,5e-05,0.00029,0.00038,8e-05,0.01,0.00035,0.0001199999999999
Prickly pear,Fruits,0.056,41.0,9.6,0.0,8e-05,0.51,3.6,6e-06,0.0003,0.085,0.08,6.0,0.024,0.21,0.22,0.73,0.07,6e-07,0.005,43.0,2e-06,1e-05,0.0,6e-05,0.00046,,6e-05,0.014,0.0001199999999999,
Prunes,Fruits,0.043,240.0,64.0,0.0,0.00028,0.38,7.1,4e-06,0.00093,0.041,0.05,57.0,0.069,0.06,0.732,2.2,0.09,3e-07,0.002,781.0,3.9e-05,5e-05,0.0,0.00019,0.0019,0.0004199999999999,0.0002099999999999,0.0006,0.00044,0.0003
Pomelo,Fruits,0.004,38.0,9.6,0.0,5e-05,0.04,1.0,,0.00011,0.006,,8.6,0.017,,0.216,0.76,,,0.001,8.0,0.0,3e-05,0.0,3e-05,0.00022,,4e-05,0.061,8e-05,2e-05
Quince,Fruits,0.011,57.0,15.0,0.0,0.00013,0.1,1.9,3e-06,0.0007,0.008,0.04,13.0,0.017,0.05,0.197,0.4,0.01,6e-07,0.004,40.0,2e-06,2e-05,0.0,3e-05,0.0002,8e-05,4e-05,0.015,4e-05,
Raisin,Fruits,0.05,299.0,79.0,0.0,0.00032,0.46,3.7,5e-06,0.0019,0.032,0.05,75.0,0.101,0.04,0.749,3.1,0.06,6e-07,0.011,0.0,0.0,0.00011,0.0,0.00013,0.00077,0.0001,0.00017,0.0023,0.00022,0.0003
Rambutan,Fruits,0.022,82.0,21.0,0.0,7.000000000000001e-05,0.21,0.9,8e-06,0.00035,0.007,,20.0,0.009,,0.042,0.65,,,0.011,3.0,0.0,1e-05,0.0,2e-05,0.0014,2e-05,2e-05,0.0049,8e-05,0.00034
Raspberry,Fruits,0.025,52.0,12.0,0.0,8.999999999999999e-05,0.65,6.5,2.1e-05,0.00069,0.022,0.06,5.4,0.029,0.38,0.151,1.2,0.02,2.0000000000000002e-07,0.001,33.0,2e-06,3e-05,0.0,4e-05,0.0006,0.00033,6e-05,0.026,0.0004199999999999,0.00067
Roselle,Fruits,0.215,49.0,11.0,0.0,,0.64,,,0.0015,0.051,,11.0,0.037,,0.208,0.96,,,0.006,287.0,1.4e-05,1e-05,0.0,3e-05,0.00031,,,0.012,,
Rose apple,Fruits,0.029,25.0,5.7,0.0,2e-05,0.3,,,7.000000000000001e-05,0.005,,5.7,0.008,,0.123,0.6,,,0.0,339.0,1.7e-05,2e-05,0.0,3e-05,0.0008,,,0.022,6e-05,3e-05
Sapodilla,Fruits,0.021,83.0,20.0,0.0,8.999999999999999e-05,1.1,5.3,1.4e-05,0.0008,0.012,0.52,15.0,0.012,0.01,0.193,0.44,0.19,6e-07,0.012,60.0,3e-06,0.0,0.0,2e-05,0.0002,0.00025,4e-05,0.015,0.0001,
Mamey Sapote,Fruits,0.018,124.0,32.0,0.0,0.0002099999999999,0.46,5.4,7e-06,0.00078,0.011,0.1,27.0,0.026,0.1,0.454,1.5,0.17,,0.007,143.0,7e-06,1e-05,0.0,0.0001199999999999,0.0014,0.0004,0.0007199999999999,0.023,0.00019,0.0002
Soursop,Fruits,0.014,66.0,17.0,0.0,8.999999999999999e-05,0.3,3.3,1.4e-05,0.0006,0.021,0.09,14.0,0.027,0.07,0.278,1.0,0.05,6e-07,0.014,2.0,0.0,7.000000000000001e-05,0.0,5e-05,0.0009,0.00025,6e-05,0.021,0.0001,
Strawberry,Fruits,0.016,32.0,7.7,0.0,5e-05,0.3,2.0,2.4e-05,0.00041,0.013,0.04,5.7,0.024,0.16,0.153,0.67,0.02,4.0000000000000003e-07,0.001,12.0,1e-06,2e-05,0.0,2e-05,0.00039,0.00013,5e-05,0.059,0.00014,0.00039
Tamarind,Fruits,0.074,239.0,63.0,0.0,8.999999999999999e-05,0.6,5.1,1.4e-05,0.0028,0.092,0.18,57.0,0.113,0.06,0.628,2.8,0.27,1.3e-06,0.028,30.0,2e-06,0.00043,0.0,0.00015,0.0019,0.00014,7.000000000000001e-05,0.0035,0.0001,
Watermelon,Fruits,0.007,30.0,7.6,0.0,4e-05,0.15,0.4,3e-06,0.0002399999999999,0.01,0.04,7.2,0.011,0.05,0.112,0.61,0.02,4.0000000000000003e-07,0.001,569.0,2.8e-05,3e-05,0.0,2e-05,0.0001799999999999,0.00022,5e-05,0.0081,0.0001,4e-05
Maraschino cherry,Fruits,0.054,165.0,42.0,0.0,0.00014,0.21,3.2,0.0,0.00043,0.004,0.05,39.0,0.003,0.06,0.021,0.22,0.04,2.0000000000000002e-07,0.004,45.0,2e-06,0.0,0.0,0.0,0.0,5e-05,1e-05,0.0,0.00026,1e-05
Feijoa,Fruits,0.017,61.0,15.0,0.0,4e-05,0.42,6.4,2.3e-05,0.00014,0.009,0.06,8.8,0.019,0.14,0.172,0.71,0.1,,0.003,6.0,0.0,1e-05,0.0,2e-05,0.0003,0.00023,7.000000000000001e-05,0.033,6e-05,8e-05
Asian pear,Fruits,0.004,42.0,11.0,0.0,5e-05,0.23,3.6,8e-06,0.0,0.008,0.05,7.1,0.011,0.06,0.121,0.5,0.01,1.0000000000000001e-07,0.0,0.0,0.0,1e-05,0.0,1e-05,0.00022,7.000000000000001e-05,2e-05,0.0038,2e-05,6e-05
Sour cherry,Fruits,0.011,42.0,10.0,,,0.21,1.2,,0.00064,0.008,,9.3,0.016,,0.115,0.69,,,0.004,,,3e-05,0.0,7.000000000000001e-05,0.00026,4e-05,5e-05,0.0003,7.000000000000001e-05,6e-05
Durian,Fruits,0.006,147.0,27.0,0.0,0.0002099999999999,5.3,3.8,3.6e-05,0.00043,0.03,,23.0,0.039,,0.436,1.5,,,0.002,44.0,2e-06,0.00037,0.0,0.0002,0.0011,0.00023,0.00032,0.02,0.00028,0.00033
Crateva religiosa,Fruits,0.008,69.0,18.0,,6e-05,0.1,5.3,,0.0016,0.024,,12.0,0.047,,0.304,1.5,0.01,,0.02,100.0,5e-06,,,,,,,0.054,0.00031,0.0001799999999999
Clementine,Fruits,0.03,47.0,12.0,,4e-05,0.15,1.7,2.4e-05,0.00014,0.01,,10.0,0.021,,0.177,0.85,,1.0000000000000001e-07,0.001,,,8.999999999999999e-05,,3e-05,0.00064,0.00015,8e-05,0.049,6e-05,2e-05
Nance,Fruits,0.046,73.0,17.0,,4e-05,1.2,7.5,8e-06,0.00038,0.02,,9.5,0.01,,0.244,0.66,,4.0000000000000003e-07,0.003,74.0,4e-06,2e-05,,2e-05,0.00029,0.0001799999999999,2e-05,0.093,8.999999999999999e-05,0.00025
Naranjilla,Fruits,0.008,25.0,5.9,,3e-05,0.22,1.1,3e-06,0.00035,0.011,,4.8,0.012,,0.2,0.44,,4.0000000000000003e-07,0.004,568.0,2.8e-05,5e-05,,0.0,0.0015,0.00022,0.00011,0.0032,0.0001,7.000000000000001e-05
Horned melon,Fruits,0.013,44.0,7.6,,2e-05,1.3,,3e-06,0.0011,0.04,,7.6,0.037,,0.123,1.8,,,0.002,147.0,7e-06,3e-05,,2e-05,0.00057,0.0001799999999999,6e-05,0.0053,0.0004799999999999,4e-05
Coconut,Fruits,0.014,354.0,15.0,0.0,0.00044,33.0,9.0,2.6e-05,0.0024,0.032,1.4,6.2,0.113,0.37,0.356,3.3,30.0,1e-05,0.02,0.0,0.0,7.000000000000001e-05,0.0,2e-05,0.00054,0.0003,5e-05,0.0033,0.0011,0.0015
Cloudberry,Fruits,0.018,51.0,8.6,,,0.8,,,0.0007,,,8.6,0.035,,,2.4,,,,210.0,,5e-05,,7.000000000000001e-05,0.0009,,,0.158,,
Huckleberries,Fruits,0.015,37.0,8.7,,,0.1,,,0.0003,,,8.7,,,,0.4,,,0.01,79.0,,1e-05,,3e-05,0.0003,,,0.0028,,
Banana melon,Fruits,0.013,21.0,4.1,,4e-05,0.2,0.3,2e-05,0.0002099999999999,0.01,,3.8,0.009,,0.14,0.84,,4.0000000000000003e-07,0.011,,,2e-05,,2e-05,0.00046,7.000000000000001e-05,5e-05,0.0081,0.00014,4e-05
Salmonberries,Fruits,0.013,47.0,10.0,,3e-05,0.33,1.9,1.7e-05,0.0004,0.015,,8.2,0.027,,0.11,0.85,,,0.014,496.0,5e-05,4e-05,,6e-05,0.00047,0.00017,8e-05,0.0092,0.00028,0.0011
Chokecherries,Fruits,0.04,156.0,34.0,,7.000000000000001e-05,0.98,17.0,1e-05,0.0004,0.021,,17.0,0.045,,0.309,2.9,,1.7e-06,0.002,43.0,2e-06,3e-05,0.0,6e-05,0.00067,0.00033,0.00019,0.0007,0.00019,0.00019
Rose hip,Fruits,0.169,162.0,38.0,,0.00011,0.34,24.0,3e-06,0.0011,0.069,,14.0,0.061,,0.429,1.6,,,0.004,4345.0,0.000217,2e-05,,0.00017,0.0013,0.0008,8e-05,0.426,0.00025,0.001
Cod liver oil,Seafood,0.0,902.0,0.0,0.57,0.0,100.0,0.0,0.0,0.0,0.0,47.0,0.0,0.0,23.0,0.0,0.0,23.0,0.0,0.0,100000.0,0.03,,0.0,0.0,0.0,0.0,0.0,0.0,0.0,0.0
Anchovy,Seafood,0.147,131.0,0.0,0.06,0.0002099999999999,4.8,0.0,9e-06,0.0033,0.041,1.2,0.0,0.174,1.6,0.383,20.0,1.3,3.7e-05,0.104,50.0,1.5e-05,6e-05,6.2e-07,0.00026,0.014,0.00065,0.00014,0.0,0.0017,7.000000000000001e-05
Carp,Seafood,0.052,162.0,0.0,0.084,7.000000000000001e-05,7.2,0.0,1.7e-05,0.0016,0.038,3.0,0.0,0.531,1.8,0.427,23.0,1.4,1.6e-05,0.063,32.0,1e-05,0.00014,1.5e-06,7.000000000000001e-05,0.0021,0.00087,0.00022,0.0016,0.0019,5e-05
Caviar,Seafood,0.275,264.0,4.0,0.588,0.00011,18.0,0.0,5e-05,0.012,0.3,4.6,4.0,0.356,7.4,0.181,25.0,4.1,6.6e-05,1.5,905.0,0.000271,0.00019,2e-05,0.00062,0.0001199999999999,0.0035,0.00032,0.0,0.00095,5e-05
Cod,Seafood,0.014,105.0,0.0,0.055,4e-05,0.86,0.0,8e-06,0.00049,0.042,0.12,0.0,0.138,0.29,0.244,23.0,0.17,3.8e-05,0.078,47.0,1.4e-05,8.999999999999999e-05,1.1e-06,8e-05,0.0025,0.0001799999999999,0.00028,0.001,0.00058,2e-05
Croaker,Seafood,0.032,221.0,7.5,0.084,7.000000000000001e-05,13.0,0.4,3.4e-05,0.00086,0.042,5.3,7.1,0.217,2.9,0.34,18.0,3.5,3.9e-05,0.348,75.0,2.3e-05,8.999999999999999e-05,2.1e-06,0.00013,0.0043,0.00074,0.00026,0.0,0.00052,8e-05
Eel,Seafood,0.026,236.0,0.0,0.161,3e-05,15.0,0.0,1.7e-05,0.00064,0.026,9.2,0.0,0.277,1.2,0.349,24.0,3.0,8.3e-06,0.065,3787.0,0.001137,0.0001799999999999,2.9e-06,5e-05,0.0045,0.00028,8e-05,0.0018,0.0021,4e-05
Fish sticks,Seafood,0.016,277.0,22.0,0.028,6e-05,16.0,1.5,2.4e-05,0.0008399999999999,0.025,3.2,20.0,0.191,7.8,0.185,11.0,3.7,1.6e-05,0.402,18.0,4e-06,0.0001199999999999,9.6e-07,0.0001199999999999,0.0015,0.00027,8e-05,0.0,0.0004199999999999,0.0001799999999999
Flatfish,Seafood,0.025,86.0,0.0,0.056,2e-05,2.4,0.0,6e-06,0.00023,0.022,0.66,0.0,0.309,0.46,0.197,15.0,0.54,3.3e-05,0.363,37.0,1.2e-05,3e-05,1.3e-06,3e-05,0.0013,0.00023,0.0001199999999999,0.0,0.00039,2e-05
Gefilte fish,Seafood,0.023,84.0,7.4,0.03,0.0002,1.7,0.0,3e-06,0.0025,0.009,0.82,7.4,0.073,0.29,0.091,9.1,0.41,1.1e-05,0.524,89.0,2.7e-05,7.000000000000001e-05,8.4e-07,6e-05,0.001,0.0002,8e-05,0.0008,0.00082,7.000000000000001e-05
Grouper fish,Seafood,0.021,118.0,0.0,0.047,5e-05,1.3,0.0,1e-05,0.0011,0.037,0.27,0.0,0.143,0.4,0.475,25.0,0.3,4.7e-05,0.053,165.0,5e-05,8e-05,6.9e-07,1e-05,0.00038,0.00087,0.00035,0.0,0.00051,1e-05
Haddock,Seafood,0.014,90.0,0.0,0.066,3e-05,0.55,0.0,1.3e-05,0.0002099999999999,0.026,0.07,0.0,0.278,0.2,0.351,20.0,0.11,3.2e-05,0.261,62.0,2.1e-05,2e-05,2.1e-06,7.000000000000001e-05,0.0040999999999999,0.00049,0.00033,0.0,0.0004,1e-05
Herring,Seafood,0.074,203.0,0.0,0.077,0.0001199999999999,12.0,0.0,1.2e-05,0.0014,0.041,4.8,0.0,0.303,2.7,0.419,23.0,2.6,4.7e-05,0.115,120.0,3.6e-05,0.00011,1.3e-05,0.0003,0.0040999999999999,0.00074,0.00035,0.0007,0.0013,4e-05
Mackerel,Seafood,0.015,262.0,0.0,0.075,8.999999999999999e-05,18.0,0.0,2e-06,0.0016,0.097,7.0,0.0,0.278,4.3,0.401,24.0,4.2,5.2e-05,0.083,180.0,5.4e-05,0.00016,1.9e-05,0.00041,0.0069,0.00099,0.00046,0.0004,0.00094,2e-05
Mullet fish,Seafood,0.031,150.0,0.0,0.063,0.00014,4.9,0.0,1e-05,0.0014,0.033,1.4,0.0,0.244,0.92,0.458,25.0,1.4,4.7e-05,0.071,141.0,4.2e-05,0.0001,2.5e-07,0.0001,0.0063,0.00088,0.00049,0.0012,0.00088,2e-05
Perch,Seafood,0.102,117.0,0.0,0.115,0.00019,1.2,0.0,6e-06,0.0012,0.038,0.2,0.0,0.257,0.47,0.344,25.0,0.24,1.6e-05,0.079,32.0,1e-05,8e-05,2.2e-06,0.0001199999999999,0.0019,0.00087,0.00014,0.0017,0.0014,0.0009
Alaska pollock,Seafood,0.072,111.0,0.0,0.086,6e-05,1.2,0.0,3e-06,0.00056,0.081,0.13,0.0,0.267,0.58,0.43,23.0,0.16,4.4e-05,0.419,51.0,1.7e-05,5e-05,3.7e-06,0.00022,0.0039,0.00043,0.00033,0.0,0.00057,2e-05
Pompano,Seafood,0.043,211.0,0.0,0.064,8e-05,12.0,0.0,1.7e-05,0.00067,0.031,3.3,0.0,0.341,1.5,0.636,24.0,4.5,4.7e-05,0.076,120.0,3.6e-05,0.00068,1.2e-06,0.00015,0.0038,0.00087,0.00023,0.0,0.00069,3e-05
Rockfish,Seafood,0.017,109.0,0.0,0.061,4e-05,1.6,0.0,1e-05,0.0003599999999999,0.033,0.47,0.0,0.248,0.49,0.467,22.0,0.42,7.6e-05,0.089,16.0,5e-06,3e-05,1.6e-06,0.00023,0.0029,0.0004,0.0002399999999999,0.0,0.00043,1e-05
Smoked salmon,Seafood,0.011,117.0,0.0,0.023,0.00023,4.3,0.0,2e-06,0.00085,0.018,2.0,0.0,0.164,1.0,0.175,18.0,0.93,3.2e-05,0.672,87.0,2.6e-05,2e-05,3.3e-06,0.0001,0.0047,0.00087,0.00028,0.0,0.00031,2e-05
Sockeye salmon,Seafood,0.011,156.0,0.0,0.061,8e-05,5.6,0.0,7e-06,0.00052,0.036,1.9,0.0,0.305,1.3,0.436,26.0,0.97,3.6e-05,0.092,193.0,5.8e-05,0.00016,4.5e-06,0.00025,0.01,0.0013,0.00083,0.0,0.00055,1e-05
Sardine,Seafood,0.382,208.0,0.0,0.142,0.00019,11.0,0.0,1e-05,0.0029,0.039,3.9,0.0,0.49,5.1,0.397,25.0,1.5,5.3e-05,0.307,108.0,3.2e-05,8e-05,8.900000000000001e-06,0.00023,0.0052,0.00064,0.00017,0.0,0.0013,0.00011
Shark,Seafood,0.05,228.0,6.4,0.059,4e-05,14.0,0.0,1.5e-05,0.0011,0.043,5.9,6.4,0.194,3.7,0.155,19.0,3.2,3.4e-05,0.122,180.0,5.4e-05,7.000000000000001e-05,1.2e-06,0.0001,0.0028,0.00062,0.0003,0.0,0.0004799999999999,5e-05
Sheepshead,Seafood,0.037,126.0,0.0,0.064,0.0001199999999999,1.6,0.0,1.7e-05,0.00067,0.035,0.35,0.0,0.35,0.38,0.512,26.0,0.36,5.1e-05,0.073,115.0,3.5e-05,1e-05,2.3e-06,5e-05,0.0018,0.00087,0.00035,0.0,0.00063,2e-05
Smelt,Seafood,0.077,124.0,0.0,0.09,0.0001799999999999,3.1,0.0,5e-06,0.0012,0.038,0.82,0.0,0.295,1.1,0.372,23.0,0.58,4.7e-05,0.077,58.0,1.7e-05,1e-05,4e-06,0.00015,0.0018,0.00074,0.00017,0.0,0.0021,0.0009
Snapper,Seafood,0.04,128.0,0.0,0.047,5e-05,1.7,0.0,6e-06,0.0002399999999999,0.037,0.32,0.0,0.201,0.59,0.522,26.0,0.37,4.9e-05,0.057,115.0,3.5e-05,5e-05,3.5e-06,0.0,0.00035,0.00087,0.00046,0.0016,0.00044,2e-05
Sturgeon,Seafood,0.017,135.0,0.0,0.077,5e-05,5.2,0.0,1.7e-05,0.0009,0.045,2.5,0.0,0.271,0.89,0.364,21.0,1.2,1.6e-05,0.069,875.0,0.000263,8e-05,2.5e-06,8.999999999999999e-05,0.01,0.00087,0.00023,0.0,0.00054,3e-05
Surimi,Seafood,0.009,99.0,6.9,0.03,3e-05,0.9,0.0,2e-06,0.00026,0.043,0.15,6.9,0.282,0.44,0.112,15.0,0.19,2.8e-05,0.143,67.0,2e-05,2e-05,1.6e-06,2e-05,0.00022,7.000000000000001e-05,3e-05,0.0,0.00033,1e-05
Swordfish,Seafood,0.006,172.0,0.0,0.078,5e-05,7.9,0.0,2e-06,0.00045,0.035,3.5,0.0,0.304,1.4,0.499,23.0,1.9,6.9e-05,0.097,129.0,4.3e-05,8.999999999999999e-05,1.6e-06,6e-05,0.0093,0.0004199999999999,0.00062,0.0,0.00078,1e-05
Tilefish,Seafood,0.026,147.0,0.0,0.064,5e-05,4.7,0.0,1.7e-05,0.00031,0.033,1.3,0.0,0.236,1.2,0.512,24.0,0.87,5.2e-05,0.059,69.0,2.1e-05,0.00014,2.5e-06,0.00019,0.0035,0.00087,0.0003,0.0,0.00053,2e-05
Tuna salad,Seafood,0.017,187.0,9.4,0.013,0.00015,9.3,0.0,8e-06,0.001,0.019,2.9,9.4,0.178,4.1,0.178,16.0,1.5,4.1e-05,0.402,97.0,2.4e-05,3e-05,1.2e-06,7.000000000000001e-05,0.0067,0.00026,8e-05,0.0022,0.00056,4e-05
Whiting,Seafood,0.062,116.0,0.0,0.084,4e-05,1.7,0.0,1.5e-05,0.0004199999999999,0.027,0.45,0.0,0.285,0.59,0.434,23.0,0.4,4.1e-05,0.132,128.0,3.8e-05,7.000000000000001e-05,2.6e-06,6e-05,0.0017,0.00025,0.0001799999999999,0.0,0.00053,0.00013
Crab meat,Seafood,0.059,97.0,0.0,0.053,0.0012,1.5,0.0,5.1e-05,0.00076,0.063,0.19,0.0,0.28,0.54,0.262,19.0,0.13,4e-05,1.072,29.0,9e-06,5e-05,1.2e-05,6e-05,0.0013,0.0004,0.0001799999999999,0.0076,0.0076,4e-05
Crab stick,Seafood,0.013,95.0,15.0,0.02,3e-05,0.46,0.5,0.0,0.00039,0.043,0.28,15.0,0.282,0.14,0.09,7.6,0.22,2.2e-05,0.529,0.0,0.0,3e-05,5.699999999999999e-07,8e-05,0.00062,0.0,0.00013,0.0,0.00033,1e-05
Crab,Seafood,0.091,83.0,0.0,0.097,0.00081,0.74,0.0,5.1e-05,0.0005,0.036,0.13,0.0,0.234,0.26,0.259,18.0,0.2,4.3e-05,0.563,2.0,1e-06,2e-05,3.3e-06,8.999999999999999e-05,0.0027,0.001,0.00016,0.0033,0.0038,7.000000000000001e-05
Crayfish,Seafood,0.06,82.0,0.0,0.133,0.00069,1.2,0.0,4.4e-05,0.00083,0.033,0.24,0.0,0.27,0.37,0.296,17.0,0.18,3.7e-05,0.094,50.0,1.5e-05,5e-05,2.2e-06,8.999999999999999e-05,0.0023,0.00058,8e-05,0.0009,0.0018,0.00052
Lobster,Seafood,0.096,89.0,0.0,0.146,0.0016,0.86,0.0,1.1e-05,0.00029,0.043,0.25,0.0,0.185,0.34,0.23,19.0,0.21,7.3e-05,0.486,4.0,1e-06,2e-05,1.4e-06,2e-05,0.0018,0.0017,0.0001199999999999,0.0,0.0040999999999999,7.000000000000001e-05
Shrimp,Seafood,0.091,119.0,1.5,0.211,0.00026,1.7,0.0,2.4e-05,0.00032,0.037,0.36,1.5,0.306,0.59,0.17,23.0,0.52,5e-05,0.947,301.0,9e-05,3e-05,1.7e-06,2e-05,0.0027,0.00052,0.0002399999999999,0.0,0.0016,5e-05
Abalone,Seafood,0.037,189.0,11.0,0.094,0.00023,6.8,0.0,1.4e-05,0.0038,0.056,2.7,11.0,0.217,1.7,0.284,20.0,1.6,5.2e-05,0.591,5.0,2e-06,0.00022,6.9e-07,0.00013,0.0019,0.0029,0.00015,0.0018,0.00095,7.000000000000001e-05
Clam,Seafood,0.092,148.0,5.1,0.067,0.00069,2.0,0.0,2.9e-05,0.0028,0.018,0.17,5.1,0.338,0.55,0.628,26.0,0.19,6.4e-05,1.202,570.0,0.000171,0.00015,9.9e-05,0.00043,0.0034,0.00068,0.00011,0.022,0.0027,0.001
Cuttlefish,Seafood,0.09,79.0,0.82,0.112,0.0005899999999999,0.7,0.0,1.6e-05,0.006,0.03,0.08,0.82,0.387,0.13,0.354,16.0,0.12,4.5e-05,0.372,375.0,0.000113,1e-05,3e-06,0.00091,0.0012,0.0005,0.00015,0.0053,0.0017,0.00011
Mussels,Seafood,0.033,172.0,7.4,0.056,0.00015,4.5,0.0,7.6e-05,0.0067,0.037,1.0,7.4,0.285,1.2,0.268,24.0,0.85,9e-05,0.369,304.0,9.1e-05,0.0003,2.4e-05,0.0004199999999999,0.003,0.00095,0.0001,0.014,0.0027,0.0068
Oysters,Seafood,0.116,102.0,5.5,0.079,0.0057,3.4,0.0,1.4e-05,0.0092,0.035,0.51,5.5,0.194,1.1,0.139,11.0,0.95,4e-05,0.166,88.0,2.6e-05,4e-05,1.8e-05,0.0001799999999999,0.0019,0.00045,6e-05,0.0,0.079,0.0005899999999999
Whelk,Seafood,0.113,275.0,16.0,0.13,0.0021,0.8,0.0,1.1e-05,0.01,0.172,0.06,16.0,0.282,0.05,0.694,48.0,0.06,9e-05,0.412,162.0,4.9e-05,5e-05,1.8e-05,0.0002099999999999,0.002,0.0004,0.00065,0.0068,0.0033,0.00089
Bass,Seafood,0.019,124.0,0.0,0.103,4e-05,3.0,0.0,1e-05,0.0011,0.051,0.85,0.0,0.254,1.0,0.328,23.0,0.65,4.7e-05,0.088,104.0,3.1e-05,0.0001199999999999,4.4e-06,4e-05,0.0026,0.00087,0.00035,0.0,0.00051,2e-05
Bluefish,Seafood,0.009,159.0,0.0,0.076,7.000000000000001e-05,5.4,0.0,2e-06,0.00062,0.042,2.3,0.0,0.291,1.4,0.477,26.0,1.2,4.7e-05,0.077,459.0,0.000138,7.000000000000001e-05,6.2e-06,0.0001,0.0072,0.0009599999999999,0.00046,0.0,0.001,3e-05
Burbot,Seafood,0.064,115.0,0.0,0.077,0.00026,1.0,0.0,1e-06,0.0012,0.041,0.17,0.0,0.256,0.38,0.518,25.0,0.21,1.6e-05,0.124,17.0,5e-06,0.00043,9.2e-07,0.00017,0.002,0.00017,0.00035,0.0,0.0009699999999999,0.0009
Butterfish,Seafood,0.028,187.0,0.0,0.083,7.000000000000001e-05,10.0,0.0,1.7e-05,0.00064,0.032,,0.0,0.308,,0.481,22.0,,4.7e-05,0.114,109.0,3.3e-05,0.00015,1.8e-06,0.00019,0.0058,0.00087,0.00035,0.0,0.00099,2e-05
Mahimahi,Seafood,0.019,109.0,0.0,0.094,5e-05,0.9,0.0,6e-06,0.0015,0.038,0.16,0.0,0.183,0.21,0.533,24.0,0.24,4.7e-05,0.113,208.0,6.2e-05,2e-05,6.9e-07,8.999999999999999e-05,0.0074,0.00087,0.00046,0.0,0.0005899999999999,2e-05
Drum fish,Seafood,0.077,153.0,0.0,0.082,0.0003,6.3,0.0,1.7e-05,0.0012,0.038,2.8,0.0,0.231,1.5,0.353,22.0,1.4,1.6e-05,0.096,196.0,5.9e-05,8e-05,2.3e-06,0.0002099999999999,0.0029,0.00087,0.00035,0.001,0.00085,0.0009
Halibut,Seafood,0.004,239.0,0.0,0.059,4e-05,18.0,0.0,1e-06,0.00085,0.033,11.0,0.0,0.21,1.8,0.344,18.0,3.1,4.7e-05,0.103,60.0,1.8e-05,7.000000000000001e-05,9.6e-07,0.0001,0.0019,0.00029,0.00049,0.0,0.00051,2e-05
Ling fish,Seafood,0.044,111.0,0.0,0.051,0.00014,0.82,0.0,8e-06,0.00083,0.081,,0.0,0.254,,0.486,24.0,,4.7e-05,0.173,115.0,3.5e-05,0.00013,6.5e-07,0.00023,0.0028,0.00037,0.00035,0.0,0.001,4e-05
Lingcod,Seafood,0.018,109.0,0.0,0.067,4e-05,1.4,0.0,1e-05,0.00041,0.033,0.45,0.0,0.258,0.38,0.56,23.0,0.26,4.7e-05,0.076,58.0,1.7e-05,4e-05,4.2e-06,0.00014,0.0023,0.00087,0.00035,0.0,0.00058,3e-05
Milkfish,Seafood,0.065,190.0,0.0,0.067,4e-05,8.6,0.0,1.8e-05,0.00041,0.038,,0.0,0.208,,0.374,26.0,,1.6e-05,0.092,109.0,3.3e-05,2e-05,3.3e-06,7.000000000000001e-05,0.0083,0.00087,0.00049,0.0,0.0011,3e-05
Monkfish,Seafood,0.01,97.0,0.0,0.032,4e-05,2.0,0.0,8e-06,0.00041,0.027,,0.0,0.256,,0.513,19.0,,4.7e-05,0.023,46.0,1.4e-05,3e-05,1e-06,7.000000000000001e-05,0.0026,0.00017,0.00028,0.001,0.00053,3e-05
Pacific saury,Seafood,0.141,119.0,0.0,0.11,0.00023,1.6,0.0,1.7e-05,0.0017,0.038,0.38,0.0,0.269,0.57,0.499,25.0,0.32,1.6e-05,0.065,81.0,2.4e-05,0.00031,2.3e-06,0.0002,0.0028,0.00087,0.00014,0.0,0.00079,0.001
Roe,Seafood,0.028,204.0,1.9,0.479,0.00013,8.2,0.0,9.2e-05,0.00077,0.026,2.1,1.9,0.515,3.4,0.283,29.0,1.9,5.2e-05,0.117,303.0,9.1e-05,0.00028,1.2e-05,0.00095,0.0022,0.0012,0.00019,0.016,0.0013,1e-05
Sablefish,Seafood,0.045,250.0,0.0,0.063,3e-05,20.0,0.0,1.7e-05,0.0016,0.071,10.0,0.0,0.215,2.6,0.459,17.0,4.1,4.7e-05,0.072,338.0,0.000102,0.0001199999999999,1.4e-06,0.0001199999999999,0.0050999999999999,0.00087,0.00035,0.0,0.00041,2e-05
Chinook salmon,Seafood,0.028,231.0,0.0,0.085,5e-05,13.0,0.0,3.5e-05,0.00091,0.122,5.7,0.0,0.371,2.7,0.505,26.0,3.2,4.7e-05,0.06,496.0,0.000149,4e-05,2.9e-06,0.00015,0.01,0.00087,0.00046,0.0040999999999999,0.00056,2e-05
Scup,Seafood,0.051,135.0,0.0,0.067,7.000000000000001e-05,3.5,0.0,1.7e-05,0.00068,0.029,,0.0,0.237,,0.368,24.0,,4.7e-05,0.054,104.0,3.1e-05,0.00013,1.6e-06,0.0001199999999999,0.005,0.00087,0.00035,0.0,0.00062,5e-05
Seatrout,Seafood,0.022,133.0,0.0,0.106,4e-05,4.6,0.0,6e-06,0.00035,0.04,1.1,0.0,0.321,0.93,0.437,21.0,1.3,4.7e-05,0.074,115.0,3.5e-05,7.000000000000001e-05,3.5e-06,0.0002099999999999,0.0029,0.00087,0.00046,0.0,0.00058,2e-05
Shad,Seafood,0.06,252.0,0.0,0.096,8e-05,18.0,0.0,1.7e-05,0.0012,0.038,,0.0,0.349,,0.492,22.0,,4.7e-05,0.065,120.0,3.6e-05,0.0001799999999999,1.4e-07,0.00031,0.011,0.00087,0.00046,0.0,0.00047,5e-05
Sucker fish,Seafood,0.09,119.0,0.0,0.053,0.00025,3.0,0.0,1.7e-05,0.0017,0.038,0.91,0.0,0.269,1.0,0.487,21.0,0.58,1.6e-05,0.051,196.0,5.9e-05,1e-05,2.3e-06,8.999999999999999e-05,0.0015,0.00087,0.00023,0.0,0.0009599999999999,0.00077
Sunfish,Seafood,0.103,114.0,0.0,0.086,0.00039,0.9,0.0,1.7e-05,0.0015,0.038,0.15,0.0,0.231,0.32,0.449,25.0,0.18,1.6e-05,0.103,58.0,1.7e-05,8.999999999999999e-05,2.3e-06,8.999999999999999e-05,0.0015,0.00087,0.00014,0.001,0.002,0.0009
Skipjack tuna,Seafood,0.037,132.0,0.0,0.06,0.00011,1.3,0.0,1e-05,0.0016,0.044,0.24,0.0,0.285,0.4,0.522,28.0,0.42,4.7e-05,0.047,60.0,1.8e-05,4e-05,2.2e-06,0.0001199999999999,0.019,0.00049,0.00098,0.001,0.0011,2e-05
Tuna,Seafood,0.004,130.0,0.0,0.047,4e-05,0.59,0.0,2e-06,0.00092,0.042,0.14,0.0,0.333,0.18,0.527,29.0,0.21,0.000108,0.054,65.0,2.2e-05,0.00013,2.4e-06,0.00014,0.022,0.00033,0.001,0.0,0.00045,1e-05
Turbot,Seafood,0.023,122.0,0.0,0.062,5e-05,3.8,0.0,9e-06,0.00046,0.065,,0.0,0.165,,0.305,21.0,,4.7e-05,0.192,40.0,1.2e-05,8e-05,2.5e-06,0.0001,0.0027,0.00066,0.0002399999999999,0.0017,0.00028,2e-05
Whitefish,Seafood,0.033,172.0,0.0,0.077,8.999999999999999e-05,7.5,0.0,1.7e-05,0.00047,0.042,2.6,0.0,0.346,2.8,0.406,24.0,1.2,1.6e-05,0.065,131.0,3.9e-05,0.00017,9.6e-07,0.00015,0.0038,0.00087,0.00035,0.0,0.0013,8.999999999999999e-05
Wolffish,Seafood,0.008,123.0,0.0,0.059,4e-05,3.1,0.0,6e-06,0.0001199999999999,0.038,1.1,0.0,0.256,1.1,0.385,22.0,0.47,4.7e-05,0.109,433.0,0.00013,0.0002099999999999,2.4e-06,0.0001,0.0026,0.00066,0.00046,0.0,0.001,2e-05
Yellowtail,Seafood,0.029,187.0,0.0,0.071,6e-05,6.7,0.0,4e-06,0.00063,0.038,,0.0,0.201,,0.538,30.0,,4.7e-05,0.05,104.0,3.1e-05,0.0001799999999999,1.3e-06,5e-05,0.0087,0.00068,0.00019,0.0029,0.00067,2e-05
Squid,Seafood,0.18,158.0,1.6,0.224,0.001,1.4,0.0,2.4e-05,0.011,0.06,0.16,1.6,0.58,0.27,0.637,32.0,0.24,9e-05,0.744,675.0,0.000203,2e-05,5.4e-06,0.0017,0.0022,0.0009,0.00027,0.0085,0.0035,0.0002099999999999
Octopus,Seafood,0.106,164.0,4.4,0.096,0.00074,2.1,0.0,2.4e-05,0.0095,0.06,0.32,4.4,0.279,0.48,0.63,30.0,0.45,9e-05,0.46,300.0,9e-05,6e-05,3.6e-05,8e-05,0.0038,0.0009,0.00065,0.008,0.0034,5e-05
Orange roughy,Seafood,0.011,105.0,0.0,0.08,8e-05,0.9,0.0,5e-06,0.0011,0.018,0.44,0.0,0.102,0.18,0.181,23.0,0.03,8.8e-05,0.069,80.0,2.4e-05,5e-05,4.7000000000000005e-07,6e-05,0.0018,6e-05,7.000000000000001e-05,0.0,0.00032,4e-05
Catfish,Seafood,0.009,144.0,0.0,0.066,4e-05,7.2,0.0,1.2e-05,0.00028,0.023,3.1,0.0,0.247,1.4,0.366,18.0,1.6,9.9e-06,0.119,2.0,1e-06,2e-05,2.8e-06,0.0001,0.0025,0.00081,0.0001799999999999,0.0,0.00058,2e-05
Salmon,Seafood,0.015,206.0,0.0,0.063,5e-05,12.0,0.0,3.4e-05,0.00034,0.03,4.2,0.0,0.252,4.6,0.384,22.0,2.4,4.1e-05,0.061,230.0,6.9e-05,0.00034,2.8e-06,0.00014,0.008,0.0015,0.00065,0.0037,0.00043,2e-05
Trout,Seafood,0.03,168.0,0.0,0.07,6e-05,7.4,0.0,1.2e-05,0.0003599999999999,0.03,2.4,0.0,0.27,1.8,0.45,24.0,1.7,2.8e-05,0.061,301.0,0.0001,0.00014,4.1e-06,0.00011,0.0066,0.002,0.00039,0.0029,0.00054,1e-05
Tilapia,Seafood,0.014,128.0,0.0,0.057,8e-05,2.7,0.0,6e-06,0.00069,0.034,0.96,0.0,0.204,0.6,0.38,26.0,0.94,5.4e-05,0.056,0.0,0.0,8.999999999999999e-05,1.9e-06,7.000000000000001e-05,0.0047,0.00066,0.0001199999999999,0.0,0.00041,4e-05
Cockles,Seafood,0.03,79.0,4.7,,,0.7,,,0.016,,,4.7,,,,14.0,,,,,,1e-05,,0.0002,0.0032,,,,,
Devilfish,Seafood,0.012,97.0,0.0,,,5.3,,,0.0004,,,0.0,0.003,,,12.0,,,,1020.0,,8.999999999999999e-05,,0.0001,0.0011,,,0.003,,
Pike,Seafood,0.028,156.0,4.3,,,8.0,,,0.0021,,,4.3,0.412,,,17.0,,,,860.0,,0.0001,,0.0007,0.005,,,,,
Sea cucumber,Seafood,0.03,56.0,0.0,,,0.4,,,0.0006,,,0.0,,,,13.0,,,,310.0,,5e-05,,0.00094,0.0032,,,,,
Steelhead trout,Seafood,0.03,159.0,0.0,0.059,6e-05,8.3,0.0,,0.00064,0.025,2.2,0.0,0.249,1.2,0.365,21.0,1.5,2.6e-05,0.118,65.0,2e-05,,5.8e-06,,,,,0.0,0.00057,1e-05
Scallop,Seafood,0.01,111.0,5.4,0.041,3e-05,0.84,0.0,2e-05,0.00058,0.037,0.08,5.4,0.426,0.22,0.314,21.0,0.22,2.2e-05,0.667,5.0,2e-06,1e-05,2.2e-06,2e-05,0.0011,0.00037,0.00011,0.0,0.0016,3e-05
Blue cheese,Dairy,0.528,353.0,2.3,0.075,4e-05,29.0,0.0,3.6e-05,0.00031,0.023,7.8,2.3,0.387,0.8,0.256,21.0,19.0,1.5e-05,1.146,721.0,0.000198,3e-05,1.2e-06,0.00038,0.001,0.0017,0.00017,0.0,0.0027,1e-05
Brie,Dairy,0.184,334.0,0.45,0.1,2e-05,28.0,0.0,6.5e-05,0.0005,0.02,8.0,0.45,0.188,0.83,0.152,21.0,17.0,1.5e-05,0.629,592.0,0.000174,7.000000000000001e-05,1.7e-06,0.00052,0.00038,0.00069,0.0002399999999999,0.0,0.0024,3e-05
Camembert,Dairy,0.388,300.0,0.46,0.072,2e-05,24.0,0.0,6.2e-05,0.00033,0.02,7.0,0.46,0.347,0.72,0.187,20.0,15.0,1.5e-05,0.842,820.0,0.000241,3e-05,1.3e-06,0.00049,0.00063,0.0014,0.00023,0.0,0.0024,4e-05
Cheese,Dairy,0.71,404.0,3.1,0.099,3e-05,33.0,0.0,2.7e-05,0.00014,0.027,9.2,3.1,0.455,1.4,0.076,23.0,19.0,2.9e-05,0.653,1242.0,0.00033,3e-05,1.1e-06,0.00043,6e-05,0.00041,7.000000000000001e-05,0.0,0.0036,3e-05
Cottage cheese,Dairy,0.083,98.0,3.4,0.017,3e-05,4.3,0.0,1.2e-05,7.000000000000001e-05,0.008,0.78,3.4,0.159,0.12,0.104,11.0,1.7,9.7e-06,0.364,140.0,3.7e-05,3e-05,4.3e-07,0.00016,0.0001,0.00056,5e-05,0.0,0.0004,0.0
Cream cheese,Dairy,0.097,350.0,5.5,0.101,2e-05,34.0,0.0,9e-06,0.00011,0.009,8.9,5.5,0.107,1.5,0.132,6.2,20.0,8.599999999999999e-06,0.314,1111.0,0.000308,2e-05,2.2e-07,0.00023,8.999999999999999e-05,0.00052,6e-05,0.0,0.0005,1e-05
Edam,Dairy,0.731,357.0,1.4,0.089,4e-05,28.0,0.0,1.6e-05,0.00044,0.03,8.1,1.4,0.536,0.67,0.188,25.0,18.0,1.5e-05,0.812,825.0,0.000243,4e-05,1.5e-06,0.00039,8e-05,0.00028,8e-05,0.0,0.0038,1e-05
Feta,Dairy,0.493,264.0,4.1,0.089,3e-05,21.0,0.0,3.2e-05,0.00065,0.019,4.6,4.1,0.337,0.59,0.062,14.0,15.0,1.5e-05,0.917,422.0,0.000125,0.00015,1.7e-06,0.0008399999999999,0.00099,0.0009699999999999,0.0004199999999999,0.0,0.0029,3e-05
Fontina,Dairy,0.55,389.0,1.6,0.116,3e-05,31.0,0.0,6e-06,0.00023,0.014,8.7,1.6,0.346,1.7,0.064,26.0,19.0,1.5e-05,0.8,913.0,0.000261,2e-05,1.7e-06,0.0002,0.00015,0.00043,8e-05,0.0,0.0035,1e-05
Brunost,Dairy,0.4,466.0,43.0,0.094,8e-05,30.0,0.0,5e-06,0.00052,0.07,7.9,43.0,0.444,0.94,1.409,9.7,19.0,1.5e-05,0.6,1113.0,0.000334,0.00032,2.4e-06,0.0014,0.00081,0.0034,0.00027,0.0,0.0011,4e-05
Gouda cheese,Dairy,0.7,356.0,2.2,0.114,4e-05,27.0,0.0,2.1e-05,0.0002399999999999,0.029,7.7,2.2,0.546,0.66,0.121,25.0,18.0,1.5e-05,0.819,563.0,0.000165,3e-05,1.5e-06,0.00033,6e-05,0.00034,8e-05,0.0,0.0039,1e-05
Gruyere cheese,Dairy,1.011,413.0,0.36,0.11,3e-05,32.0,0.0,1e-05,0.00017,0.036,10.0,0.36,0.605,1.7,0.081,30.0,19.0,1.5e-05,0.714,948.0,0.000271,6e-05,1.6e-06,0.00028,0.00011,0.00056,8e-05,0.0,0.0039,2e-05
Limburger,Dairy,0.497,327.0,0.49,0.09,2e-05,27.0,0.0,5.8e-05,0.00013,0.021,8.6,0.49,0.393,0.5,0.128,20.0,17.0,1.5e-05,0.8,1155.0,0.00034,8e-05,1e-06,0.0005,0.00016,0.0012,8.999999999999999e-05,0.0,0.0021,4e-05
Monterey Jack,Dairy,0.746,373.0,0.68,0.089,3e-05,30.0,0.0,1.8e-05,0.0007199999999999,0.027,8.8,0.68,0.444,0.9,0.081,24.0,19.0,1.5e-05,0.6,769.0,0.000198,2e-05,8.3e-07,0.00039,8.999999999999999e-05,0.0002099999999999,8e-05,0.0,0.003,1e-05
Muenster cheese,Dairy,0.717,368.0,1.1,0.096,3e-05,30.0,0.0,1.2e-05,0.00041,0.027,8.7,1.1,0.468,0.66,0.134,23.0,19.0,1.5e-05,0.628,1012.0,0.000298,1e-05,1.5e-06,0.00032,0.0001,0.00019,6e-05,0.0,0.0028,1e-05
Neufch√¢tel cheese,Dairy,0.117,253.0,3.6,0.074,3e-05,23.0,0.0,1.4e-05,0.00013,0.01,5.8,3.6,0.138,0.97,0.152,9.2,13.0,3e-06,0.334,841.0,0.000241,2e-05,3e-07,0.00016,0.0002099999999999,0.00058,4e-05,0.0,0.00082,1e-05
Port Salut,Dairy,0.65,352.0,0.57,0.123,2e-05,28.0,0.0,1.8e-05,0.00043,0.024,9.3,0.57,0.36,0.73,0.136,24.0,17.0,1.5e-05,0.534,1092.0,0.000315,1e-05,1.5e-06,0.0002399999999999,6e-05,0.0002099999999999,5e-05,0.0,0.0026,1e-05
Provolone,Dairy,0.756,351.0,2.1,0.069,3e-05,27.0,0.0,1e-05,0.00052,0.028,7.4,2.1,0.496,0.77,0.138,26.0,17.0,1.5e-05,0.876,880.0,0.000236,2e-05,1.5e-06,0.00032,0.00016,0.0004799999999999,7.000000000000001e-05,0.0,0.0032,1e-05
Ricotta,Dairy,0.207,174.0,3.0,0.051,2e-05,13.0,0.0,1.2e-05,0.00038,0.011,3.6,3.0,0.158,0.39,0.105,11.0,8.3,1.5e-05,0.084,445.0,0.00012,1e-05,3.400000000000001e-07,0.0002,0.0001,0.0002099999999999,4e-05,0.0,0.0012,1e-05
Romano cheese,Dairy,1.064,387.0,3.6,0.104,3e-05,27.0,0.0,7e-06,0.00077,0.041,7.8,3.6,0.76,0.59,0.086,32.0,17.0,1.5e-05,1.433,415.0,9.6e-05,4e-05,1.1e-06,0.00037,8e-05,0.0004199999999999,8.999999999999999e-05,0.0,0.0026,2e-05
Roquefort,Dairy,0.662,369.0,2.0,0.09,3e-05,31.0,0.0,4.9e-05,0.00056,0.03,8.5,2.0,0.392,1.3,0.091,22.0,19.0,1.5e-05,1.809,1047.0,0.000294,4e-05,6.4e-07,0.0005899999999999,0.00073,0.0017,0.0001199999999999,0.0,0.0021,3e-05
Swiss cheese,Dairy,0.89,393.0,1.4,0.093,5e-05,31.0,0.0,1e-05,0.00013,0.033,8.0,1.4,0.574,1.3,0.072,27.0,18.0,3e-05,0.187,1047.0,0.000288,1e-05,3.1e-06,0.0003,6e-05,0.00035,7.000000000000001e-05,0.0,0.0044,3e-05
Tilsit cheese,Dairy,0.7,340.0,1.9,0.102,3e-05,26.0,0.0,2e-05,0.00023,0.013,7.1,1.9,0.5,0.72,0.065,24.0,17.0,1.5e-05,0.753,1045.0,0.000249,6e-05,2.1e-06,0.0003599999999999,0.0002099999999999,0.00035,7.000000000000001e-05,0.0,0.0035,1e-05
Whipped cream,Dairy,0.101,257.0,12.0,0.076,1e-05,22.0,0.0,3e-06,5e-05,0.011,6.4,12.0,0.089,0.83,0.147,3.2,14.0,1.4e-06,0.008,685.0,0.000188,4e-05,2.9e-07,7.000000000000001e-05,7.000000000000001e-05,0.00031,4e-05,0.0,0.00037,0.0
Eggnog,Dairy,0.13,88.0,8.1,0.059,1e-05,4.2,0.0,1e-06,0.0002,0.019,1.3,8.1,0.109,0.2,0.165,4.6,2.6,4.2e-06,0.054,206.0,5.9e-05,3e-05,4.5000000000000003e-07,0.00019,0.00011,0.0004199999999999,5e-05,0.0015,0.00046,1e-05
Milk,Dairy,0.125,42.0,5.0,0.005,1e-05,0.97,0.0,5e-06,3e-05,0.011,0.28,5.0,0.095,0.04,0.15,3.4,0.63,3.3e-06,0.044,196.0,5.8e-05,2e-05,4.7000000000000005e-07,0.00019,8.999999999999999e-05,0.0003599999999999,4e-05,0.0,0.0004199999999999,0.0
Buttermilk,Dairy,0.116,40.0,4.8,0.004,1e-05,0.88,0.0,5e-06,5e-05,0.011,0.25,4.8,0.089,0.03,0.151,3.3,0.55,2e-06,0.19,47.0,1.4e-05,3e-05,2.2e-07,0.00015,6e-05,0.00028,3e-05,0.001,0.0004199999999999,0.0
Condensed milk,Dairy,0.284,321.0,54.0,0.034,2e-05,8.7,0.0,1.1e-05,0.00019,0.026,2.4,54.0,0.253,0.34,0.371,7.9,5.5,1.5e-05,0.127,267.0,7.4e-05,8.999999999999999e-05,4.4e-07,0.0004199999999999,0.0002099999999999,0.00075,5e-05,0.0026,0.00094,1e-05
Chocolate milk,Dairy,0.112,83.0,10.0,0.012,7.000000000000001e-05,3.4,0.8,5e-06,0.0002399999999999,0.013,0.99,9.5,0.101,0.12,0.167,3.2,2.1,1.9e-06,0.06,98.0,2.7e-05,4e-05,3.3e-07,0.00016,0.00013,0.0003,4e-05,0.0009,0.00041,8e-05
Hot chocolate,Dairy,0.114,77.0,11.0,0.008,0.0001,2.3,1.0,5e-06,0.0004199999999999,0.023,0.68,9.7,0.105,0.08,0.197,3.5,1.4,2.7e-06,0.044,176.0,5.1e-05,4e-05,4.9e-07,0.0001799999999999,0.00013,0.00033,4e-05,0.0002,0.00063,1e-05
Goat milk,Dairy,0.134,69.0,4.5,0.011,5e-05,4.1,0.0,1e-06,5e-05,0.014,1.1,4.5,0.111,0.15,0.204,3.6,2.7,1.4e-06,0.05,198.0,5.7e-05,5e-05,7e-08,0.00014,0.00028,0.00031,5e-05,0.0013,0.0003,2e-05
Milkshake,Dairy,0.146,112.0,18.0,0.012,5e-05,3.0,0.0,7e-06,0.0001,0.012,0.88,18.0,0.115,0.11,0.183,3.9,1.9,2.3e-06,0.095,91.0,2.5e-05,3e-05,5.2e-07,0.0002,0.00015,0.00037,4e-05,0.0,0.00039,1e-05
Whey,Dairy,0.047,27.0,5.1,0.002,0.0,0.36,0.0,1e-06,6e-05,0.008,0.1,5.1,0.046,0.01,0.161,0.85,0.23,1.9e-06,0.054,12.0,3e-06,4e-05,2.8e-07,0.00016,7.000000000000001e-05,0.00038,3e-05,0.0001,0.00013,0.0
Egg white,Dairy,0.007,52.0,0.73,0.0,2e-05,0.17,0.0,4e-06,8e-05,0.011,0.0,0.73,0.015,0.0,0.163,11.0,0.0,2e-05,0.166,0.0,0.0,0.0,9e-08,0.00044,0.00011,0.00019,1e-05,0.0,3e-05,1e-05
Yolk,Dairy,0.129,322.0,3.6,1.085,8e-05,27.0,0.0,0.000146,0.0027,0.005,12.0,3.6,0.39,4.2,0.109,16.0,9.6,5.6e-05,0.048,1442.0,0.000381,0.0001799999999999,2e-06,0.00053,2e-05,0.003,0.00035,0.0,0.0023,6e-05
Egg,Dairy,0.05,155.0,1.1,0.373,0.002,11.0,0.0,4.4e-05,0.0012,0.01,4.1,1.1,0.172,1.4,0.126,13.0,3.3,3.1e-05,0.124,520.0,0.000149,7.000000000000001e-05,1.1e-06,0.00051,6e-05,0.0014,0.0001199999999999,0.0,0.0011,3e-05
Omelette,Dairy,0.048,154.0,0.64,0.313,6e-05,12.0,0.0,3.9e-05,0.0015,0.011,4.8,0.64,0.167,2.7,0.117,11.0,3.3,2.6e-05,0.155,617.0,0.000172,3e-05,7.6e-07,0.00039,6e-05,0.0013,0.00014,0.0,0.0011,2e-05
Duck egg,Dairy,0.064,185.0,1.5,0.884,6e-05,14.0,0.0,8e-05,0.0039,0.017,6.5,1.5,0.22,1.2,0.222,13.0,3.7,3.6e-05,0.146,674.0,0.000194,0.00016,5.4e-06,0.0004,0.0002,0.0019,0.00025,0.0,0.0014,4e-05
Goose egg,Dairy,0.06,185.0,1.4,0.852,6e-05,13.0,0.0,7.6e-05,0.0036,0.016,5.7,1.4,0.208,1.7,0.21,14.0,3.6,3.7e-05,0.138,650.0,0.000187,0.00015,5.1e-06,0.00038,0.00019,0.0018,0.0002399999999999,0.0,0.0013,4e-05
Quail egg,Dairy,0.064,158.0,0.41,0.844,6e-05,11.0,0.0,6.6e-05,0.0037,0.013,4.3,0.41,0.226,1.3,0.132,13.0,3.6,3.2e-05,0.141,543.0,0.000156,0.00013,1.6e-06,0.00079,0.00015,0.0018,0.00015,0.0,0.0015,4e-05
Turkey egg,Dairy,0.099,171.0,1.2,0.933,6e-05,12.0,0.0,7.1e-05,0.0040999999999999,0.013,4.6,1.2,0.17,1.7,0.142,14.0,3.6,3.4e-05,0.151,554.0,0.000166,0.00011,1.7e-06,0.00047,2e-05,0.0019,0.00013,0.0,0.0016,4e-05
Butter,Dairy,0.024,717.0,0.06,0.215,2e-05,81.0,0.0,3e-06,2e-05,0.002,23.0,0.06,0.024,3.0,0.024,0.85,50.0,1e-06,0.011,2499.0,0.000684,1e-05,1.7000000000000001e-07,3e-05,4e-05,0.00011,0.0,0.0,8.999999999999999e-05,0.0
Goat cheese,Dairy,0.298,364.0,0.12,0.079,0.00056,30.0,0.0,2e-06,0.0016,0.029,6.8,0.12,0.375,0.71,0.158,22.0,21.0,3.8e-06,0.415,1464.0,0.000407,7.000000000000001e-05,2.2e-07,0.00068,0.0011,0.00019,6e-05,0.0,0.00066,8.999999999999999e-05
Mexican Cheese queso chihuahua,Dairy,0.651,374.0,5.6,0.105,2e-05,30.0,0.0,2e-06,0.00047,0.023,8.4,5.6,0.442,0.89,0.052,22.0,19.0,1.5e-05,0.617,193.0,5.6e-05,2e-05,1e-06,0.00023,0.00015,0.00028,6e-05,0.0,0.0035,7.000000000000001e-05
Sour cream,Dairy,0.141,181.0,7.0,0.035,1e-05,14.0,0.0,1.1e-05,6e-05,0.011,4.1,7.0,0.085,0.5,0.211,7.0,8.7,4.1e-06,0.07,436.0,0.000119,4e-05,3e-07,0.0002399999999999,7.000000000000001e-05,,2e-05,0.0009,0.00027,
Parmigiano-Reggiano,Dairy,1.109,265.0,1.4,0.088,0.0002399999999999,20.0,0.0,1e-05,0.0009,0.038,6.1,1.4,0.729,0.46,0.125,20.0,13.0,1.8e-05,1.529,605.0,0.00016,3e-05,2.3e-06,0.00049,0.00011,0.00033,5e-05,0.0,0.0039,8.999999999999999e-05
Powdered milk,Dairy,0.912,496.0,38.0,0.097,8e-05,27.0,0.0,3.7e-05,0.00047,0.085,7.9,38.0,0.776,0.67,1.33,26.0,17.0,1.6e-05,0.371,934.0,0.000258,0.00028,3.3e-06,0.0012,0.00065,0.0023,0.0003,0.0086,0.0033,4e-05
Dulce de Leche,Dairy,0.251,315.0,55.0,0.029,0.0,7.4,0.0,1.1e-05,0.00017,0.022,2.1,55.0,0.193,0.38,0.35,6.8,4.5,2.7e-06,0.129,267.0,7.4e-05,2e-05,3.1e-07,0.00041,0.0002099999999999,0.0008399999999999,2e-05,0.0026,0.00079,0.0
Soft serve,Dairy,0.131,222.0,22.0,0.091,3e-05,13.0,0.7,9e-06,0.0002099999999999,0.012,3.5,22.0,0.116,0.46,0.177,4.1,7.5,3e-06,0.061,589.0,0.000162,5e-05,5e-07,0.0001799999999999,0.0001,0.00051,5e-05,0.0008,0.00052,1e-05
Ice cream sandwich,Dairy,0.086,237.0,37.0,0.021,0.00025,8.6,0.0,3.4e-05,0.00026,0.029,2.7,37.0,0.072,2.3,0.115,4.3,2.3,3.1e-06,0.129,286.0,8.6e-05,0.00011,5e-08,0.00015,0.0016,0.0002099999999999,3e-05,0.0,0.0006,0.00038
American cheese,Dairy,1.045,371.0,3.7,0.1,5e-05,32.0,0.0,8e-06,0.00063,0.026,8.2,3.7,0.641,1.3,0.132,18.0,18.0,2e-05,1.671,945.0,0.00025,2e-05,1.5e-06,0.00023,8e-05,0.0004,5e-05,0.0,0.0025,4e-05
Yogurt,Dairy,0.11,59.0,3.6,0.005,2e-05,0.39,0.0,7e-06,7.000000000000001e-05,0.011,0.05,3.6,0.135,0.01,0.141,10.0,0.12,9.7e-06,0.036,4.0,1e-06,2e-05,7.5e-07,0.00028,0.0002099999999999,0.00033,6e-05,0.0,0.00052,1e-05
Cotija cheese,Dairy,0.8,366.0,4.0,0.1,0.0002399999999999,30.0,0.0,1e-05,0.0,0.038,8.3,4.0,0.729,1.2,0.125,20.0,18.0,1.8e-05,1.4,865.0,0.000229,3e-05,2.3e-06,0.00049,0.00011,,5e-05,0.0,0.0039,
Kefir,Dairy,0.13,41.0,4.5,0.005,1e-05,0.93,0.0,1.3e-05,4e-05,0.012,0.31,4.5,0.105,0.05,0.164,3.8,0.66,3.6000000000000003e-06,0.04,569.0,0.000171,3e-05,2.9e-07,0.00014,0.00015,0.00039,6e-05,0.0002,0.00046,1e-05
Greek yogurt,Dairy,0.1,97.0,4.0,0.013,2e-05,5.0,0.0,5e-06,0.0,0.011,2.1,4.0,0.135,0.47,0.141,9.0,2.4,9.7e-06,0.035,15.0,2e-06,2e-05,7.5e-07,0.00028,0.0002099999999999,0.00033,6e-05,0.0,0.00052,1e-05
Ice cream sundae cone,Dairy,0.06,254.0,29.0,0.015,8e-05,14.0,1.0,1.9e-05,0.0003599999999999,0.02,1.8,28.0,0.128,0.75,0.204,3.0,2.7,2.3e-06,0.115,410.0,0.000117,8.999999999999999e-05,3.5e-07,0.0002099999999999,0.0011,0.0003599999999999,5e-05,0.0,0.00056,8.999999999999999e-05
Coconut milk,Dairy,0.016,230.0,5.5,0.0,0.00027,24.0,2.2,1.6e-05,0.0016,0.037,1.0,3.3,0.1,0.26,0.263,2.3,21.0,6.2e-06,0.015,0.0,0.0,3e-05,0.0,0.0,0.00076,0.0001799999999999,3e-05,0.0028,0.00067,0.00092
Mozzarella,Dairy,0.731,280.0,3.1,0.054,3e-05,17.0,0.0,9e-06,0.00025,0.026,4.8,3.1,0.524,0.51,0.095,28.0,11.0,1.6e-05,0.016,517.0,0.000137,2e-05,9.2e-07,0.00034,0.0001199999999999,,8e-05,0.0,0.0031,
Chicken meat,Meat,0.015,239.0,0.0,0.088,7.000000000000001e-05,14.0,0.0,5e-06,0.0013,0.023,5.3,0.0,0.182,3.0,0.223,27.0,3.8,2.4e-05,0.082,161.0,4.8e-05,6e-05,3e-07,0.00017,0.0085,0.001,0.0004,0.0,0.0019,2e-05
Chicken gizzard,Meat,0.017,154.0,0.0,0.37,0.00016,2.7,0.0,5e-06,0.0032,0.003,0.53,0.0,0.189,0.35,0.179,30.0,0.67,4.1e-05,0.056,0.0,0.0,3e-05,1e-06,0.0002099999999999,0.0031,0.00047,7.000000000000001e-05,0.0,0.0044,7.000000000000001e-05
Chicken heart,Meat,0.012,153.0,0.71,0.136,0.00035,9.3,0.0,7.2e-05,0.006,0.015,2.4,0.71,0.177,2.7,0.176,16.0,2.7,4.3e-06,0.074,30.0,9e-06,0.00015,7.299999999999999e-06,0.00073,0.0049,0.0026,0.0003599999999999,0.0032,0.0066,8.999999999999999e-05
Chicken liver,Meat,0.008,119.0,0.73,0.345,0.00049,4.8,0.0,0.000588,0.009,0.019,1.2,0.73,0.297,1.3,0.23,17.0,1.6,5.5e-05,0.071,11078.0,0.003296,0.00031,1.7e-05,0.0018,0.0096999999999999,0.0062,0.00085,0.018,0.0027,0.00026
Chicken breast,Meat,0.016,187.0,0.51,0.091,5e-05,4.7,0.0,4e-06,0.0011,0.031,1.7,0.51,0.246,1.1,0.276,33.0,1.3,2.6e-05,0.079,23.0,7e-06,8e-05,3.7e-07,0.00013,0.015,0.001,0.00064,0.0,0.0011,2e-05
Chicken neck,Meat,0.018,297.0,0.0,0.099,8e-05,26.0,0.0,5e-06,0.0019,0.013,11.0,0.0,0.112,5.7,0.137,14.0,7.3,1.2e-05,0.064,216.0,6.5e-05,5e-05,2.6e-07,0.00019,0.0036,0.00085,0.00017,0.0,0.0019,3e-05
Chicken thigh,Meat,0.013,218.0,1.2,0.102,8.999999999999999e-05,10.0,0.0,9e-06,0.0015,0.026,3.8,1.2,0.199,2.4,0.259,28.0,2.8,2.1e-05,0.095,70.0,,8.999999999999999e-05,3.3e-07,0.00026,0.0070999999999999,0.0013,0.00038,0.0,0.0028,3e-05
Chicken wing,Meat,0.02,324.0,11.0,0.079,6e-05,22.0,0.3,1.8e-05,0.0013,0.016,9.0,11.0,0.121,5.1,0.138,20.0,5.8,2.6e-05,0.32,113.0,3.4e-05,0.00011,2.5e-07,0.00015,0.0053,0.0007099999999999,0.0003,0.0,0.0014,6e-05
Duck meat,Meat,0.011,337.0,0.0,0.084,0.00023,28.0,0.0,6e-06,0.0027,0.016,13.0,0.0,0.156,3.7,0.204,19.0,9.7,2e-05,0.059,210.0,6.3e-05,0.00017,3e-07,0.00027,0.0048,0.0011,0.0001799999999999,0.0,0.0019,2e-05
Domestic goose,Meat,0.014,238.0,0.0,0.096,0.00028,13.0,0.0,1.2e-05,0.0029,0.025,4.3,0.0,0.309,1.5,0.388,29.0,4.6,2.6e-05,0.076,40.0,1.2e-05,8.999999999999999e-05,4.9e-07,0.00039,0.0040999999999999,0.0018,0.00047,0.0,0.0032,2e-05
Quail meat,Meat,0.013,192.0,0.0,0.076,0.00051,12.0,0.0,8e-06,0.004,0.023,4.2,0.0,0.275,3.0,0.216,20.0,3.4,1.7e-05,0.053,243.0,7.3e-05,0.0002399999999999,4.3e-07,0.00026,0.0075,0.00077,0.0006,0.0060999999999999,0.0024,2e-05
Turkey meat,Meat,0.014,189.0,0.06,0.109,8.999999999999999e-05,7.4,0.0,9e-06,0.0011,0.03,2.6,0.06,0.223,2.1,0.239,29.0,2.2,3e-05,0.103,39.0,1.2e-05,5e-05,1e-06,0.00028,0.0096,0.00095,0.00062,0.0,0.0025,1e-05
Turkey neck,Meat,0.024,125.0,0.0,0.115,0.00014,6.0,0.0,5e-06,0.001,0.015,1.8,0.0,0.16,1.5,0.133,17.0,1.6,2.9e-05,0.233,43.0,1.3e-05,5e-05,1.8e-06,0.0002099999999999,0.0049,0.0008,0.0003599999999999,0.0,0.0034,6e-05
Turkey breast,Meat,0.013,157.0,0.0,0.065,7.000000000000001e-05,7.0,0.0,7e-06,0.0012,0.024,2.7,0.0,0.186,1.7,0.275,22.0,1.9,2.2e-05,0.059,6.0,2e-06,6e-05,4.2e-07,0.0001199999999999,0.0052,0.00062,0.0004799999999999,0.0,0.0016,2e-05
Turkey leg,Meat,0.017,144.0,0.0,0.071,0.00014,6.7,0.0,1e-05,0.0017,0.021,2.1,0.0,0.177,1.8,0.273,20.0,2.1,2.6e-05,0.074,3.0,1e-06,8e-05,3.9e-07,0.0002099999999999,0.0029,0.0011,0.00034,0.0,0.0031,2e-05
Turkey wing,Meat,0.014,197.0,0.0,0.07,8e-05,12.0,0.0,7e-06,0.0013,0.021,5.0,0.0,0.165,2.9,0.24,20.0,3.3,2.2e-05,0.055,11.0,3e-06,5e-05,3.9e-07,0.00011,0.0044,0.00055,0.00041,0.0,0.0015,2e-05
Foie gras,Meat,0.07,462.0,4.7,0.15,0.0004,44.0,0.0,6e-05,0.0055,0.013,26.0,4.7,0.2,0.84,0.138,11.0,14.0,4.4e-05,0.697,3333.0,0.001001,8.999999999999999e-05,9.4e-06,0.0003,0.0025,0.0012,6e-05,0.002,0.00092,0.0001199999999999
Ground turkey,Meat,0.028,203.0,0.0,0.093,0.00015,10.0,0.0,7e-06,0.0015,0.03,3.5,0.0,0.254,2.9,0.294,27.0,2.7,3.1e-05,0.078,79.0,2.4e-05,8e-05,1.3e-06,0.0002099999999999,0.0087,0.0012,0.00063,0.0,0.0031,1e-05
Ground chicken,Meat,0.008,189.0,0.0,0.107,6e-05,11.0,0.0,2e-06,0.00093,0.028,4.9,0.0,0.234,2.1,0.677,23.0,3.1,1.4e-05,0.075,0.0,0.0,0.0001199999999999,5.1e-07,0.0003,0.0070999999999999,0.0013,0.00054,0.0,0.0019,2e-05
Chicken feet,Meat,0.088,215.0,0.2,0.084,0.0001,15.0,0.0,8.6e-05,0.00091,0.005,5.5,0.2,0.083,3.0,0.031,19.0,3.9,3.6000000000000003e-06,0.067,100.0,3e-05,6e-05,4.7000000000000005e-07,0.0002,0.0004,,1e-05,0.0,0.00069,
Fajita,Meat,0.013,135.0,2.2,0.088,3e-05,5.7,0.0,4e-06,0.00099,0.022,2.3,2.2,0.277,1.1,0.284,19.0,1.6,1.7e-05,0.799,0.0,0.0,0.0001,5.4e-07,0.0002099999999999,0.0048,0.00073,0.00039,0.0,0.0014,7.000000000000001e-05
Barbecue chicken,Meat,0.016,226.0,0.12,0.127,8e-05,15.0,0.0,8e-06,0.00095,0.021,6.4,0.12,0.218,2.0,0.255,23.0,3.9,2.2e-05,0.335,67.0,2e-05,6e-05,4.7000000000000005e-07,0.00023,0.0057,0.00015,0.00019,0.0,0.0018,1e-05
Turkey ham,Meat,0.007,118.0,3.1,0.064,,4.0,0.0,,0.001,0.016,1.3,3.1,0.289,0.87,0.253,16.0,1.2,3.8e-05,0.909,53.0,1.6e-05,0.00023,8.000000000000001e-07,0.00027,0.0040999999999999,,6e-05,0.0,0.0021,
Ostrich,Meat,0.006,145.0,0.0,0.085,0.00015,2.6,0.0,1.5e-05,0.0028,0.025,0.97,0.0,0.251,0.44,0.362,28.0,1.0,3.8e-05,0.08,0.0,0.0,0.00023,6.3e-06,0.00029,0.0070999999999999,0.0013,0.00055,0.0,0.0049,2e-05
Blood sausage,Meat,0.006,379.0,1.3,0.12,4e-05,35.0,0.0,5e-06,0.0064,0.008,16.0,1.3,0.022,3.5,0.038,15.0,13.0,1.6e-05,0.68,0.0,0.0,7.000000000000001e-05,1e-06,0.00013,0.0012,0.0006,4e-05,0.0,0.0013,1e-05
Bockwurst,Meat,0.041,301.0,3.0,0.093,0.0001,26.0,1.0,1.7e-05,0.0012,0.026,13.0,2.0,0.169,2.3,0.27,14.0,10.0,1.1e-05,0.756,256.0,1.5e-05,0.00019,8.6e-07,0.00023,0.0056,0.00089,0.00038,0.0032,0.0021,0.00017
Bologna sausage,Meat,0.011,247.0,0.73,0.059,8e-05,20.0,0.0,5e-06,0.00077,0.014,9.7,0.73,0.139,2.1,0.281,15.0,6.8,1.3e-05,0.907,0.0,0.0,0.00052,9.3e-07,0.00016,0.0039,0.0007199999999999,0.00027,0.0,0.002,4e-05
Braunschweiger,Meat,0.009,327.0,3.1,0.18,0.0002399999999999,29.0,0.0,4.4e-05,0.011,0.011,13.0,3.1,0.168,3.2,0.199,15.0,9.3,5.8e-05,0.977,14051.0,0.00422,0.00025,2e-05,0.0015,0.0084,0.0034,0.00033,0.0,0.0028,0.00016
Chorizo,Meat,0.008,455.0,1.9,0.088,8e-05,38.0,0.0,2e-06,0.0016,0.018,18.0,1.9,0.15,3.5,0.398,24.0,14.0,2.1e-05,1.235,0.0,0.0,0.00063,2e-06,0.0003,0.0050999999999999,0.0011,0.00053,0.0,0.0034,4e-05
Headcheese,Meat,0.016,157.0,0.0,0.069,0.0001199999999999,11.0,0.0,2e-06,0.0015,0.009,5.6,0.0,0.056,1.1,0.031,14.0,3.4,1.0000000000000001e-07,0.941,0.0,0.0,2e-05,1.1e-06,0.0001199999999999,0.00044,,0.00019,0.0,0.0009699999999999,
Knackwurst,Meat,0.011,307.0,3.2,0.06,6e-05,28.0,0.0,2e-06,0.00066,0.011,13.0,3.2,0.098,2.9,0.199,11.0,10.0,1.4e-05,0.93,0.0,0.0,0.00034,1.2e-06,0.00014,0.0027,0.00032,0.00017,0.0,0.0017,2e-05
Leberk√§se,Meat,0.008,304.0,2.1,0.174,0.00038,26.0,0.0,0.000104,0.011,0.012,12.0,2.1,0.207,3.4,0.226,15.0,9.0,3.7e-05,1.225,17490.0,0.005252,0.0002099999999999,2.5e-05,0.0022,0.012,0.0035,0.00047,0.003,0.0037,0.0002
Roast beef,Meat,0.005,115.0,0.64,0.051,8.999999999999999e-05,3.7,0.0,5e-06,0.0021,0.02,1.5,0.64,0.242,0.27,0.647,19.0,1.3,1.5e-05,0.853,11.0,3e-06,4e-05,2e-06,0.0002099999999999,0.0056,0.00057,0.00046,0.0,0.0032,2e-05
Luncheon meat,Meat,0.005,189.0,1.0,0.078,3e-05,13.0,0.0,0.0,0.0009699999999999,0.018,5.7,1.0,0.17,1.6,0.3,18.0,3.9,3.8e-05,0.82,0.0,0.0,0.00013,9.2e-07,0.0002099999999999,0.0052,0.00061,0.00027,0.0,0.0022,4e-05
Mortadella,Meat,0.018,311.0,3.1,0.056,6e-05,25.0,0.0,3e-06,0.0014,0.011,11.0,3.1,0.097,3.1,0.163,16.0,9.5,2.3e-05,1.246,0.0,0.0,0.0001199999999999,1.5e-06,0.153,0.0027,0.00044,0.00013,0.0,0.0021,3e-05
Chicken liver pate,Meat,0.01,201.0,6.6,0.391,0.0001799999999999,13.0,0.0,0.000321,0.0092,0.013,5.3,6.6,0.175,2.5,0.095,13.0,4.0,4.6e-05,0.386,724.0,0.000217,5e-05,8.1e-06,0.0014,0.0075,0.0026,0.00026,0.01,0.0021,0.00016
P√¢t√©,Meat,0.07,319.0,1.5,0.255,0.0004,28.0,0.0,6e-05,0.0055,0.013,12.0,1.5,0.2,3.2,0.138,14.0,9.6,4.2e-05,0.697,3300.0,0.000991,3e-05,3.2000000000000003e-06,0.0006,0.0033,0.0012,6e-05,0.002,0.0029,0.0001199999999999
Pepperoni,Meat,0.019,504.0,1.2,0.097,8.999999999999999e-05,46.0,0.0,5e-06,0.0013,0.018,21.0,1.2,0.158,4.5,0.274,19.0,18.0,2.9e-05,1.582,0.0,0.0,0.00027,1.3e-06,0.00026,0.005,0.00093,0.0003599999999999,0.0,0.0024,0.0011
Salami,Meat,0.015,336.0,2.4,0.089,0.0003599999999999,26.0,0.0,3e-06,0.0016,0.019,11.0,2.4,0.191,2.5,0.316,22.0,9.3,3.1e-05,1.74,0.0,0.0,0.00037,1.5e-06,0.0003599999999999,0.0060999999999999,0.0012,0.00046,0.0,0.0029,0.00098
Cervelat,Meat,0.009,362.0,3.3,0.074,0.00015,30.0,0.0,2e-06,0.002,0.014,13.0,3.3,0.111,1.2,0.26,17.0,12.0,2e-05,1.3,0.0,0.0,0.00015,5.5e-06,0.00033,0.0043,,0.00026,0.017,0.0026,
Vienna sausage,Meat,0.01,230.0,2.6,0.087,3e-05,19.0,0.0,4e-06,0.00088,0.007,9.6,2.6,0.049,1.3,0.101,11.0,7.1,1.7e-05,0.879,0.0,0.0,8.999999999999999e-05,1e-06,0.00011,0.0016,0.00035,0.0001199999999999,0.0,0.0016,
Italian sausage,Meat,0.021,344.0,4.3,0.057,8e-05,27.0,0.1,5e-06,0.0014,0.018,17.0,4.2,0.17,3.5,0.304,19.0,10.0,2.2e-05,0.743,16.0,1e-05,0.00062,1.3e-06,0.00023,0.0042,,0.00033,0.0001,0.0024,
Turkey bacon,Meat,0.08,226.0,1.9,0.086,7.000000000000001e-05,17.0,,1e-05,0.0014,0.016,6.2,1.9,0.222,4.7,0.349,16.0,4.5,1.6e-05,1.069,34.0,1e-05,3e-05,1.2e-06,0.0002399999999999,0.004,0.00068,0.0002399999999999,,0.0025,2e-05
Liverwurst,Meat,0.022,305.0,5.9,0.118,0.0002399999999999,25.0,2.5,3e-05,0.0089,0.012,12.0,3.4,0.23,2.4,0.17,12.0,9.9,5.8e-05,0.7,13636.0,0.004091,0.00027,1.3e-05,0.001,0.0043,0.003,0.00019,0.0035,0.0023,0.00016
Polish sausage,Meat,0.012,259.0,3.6,0.066,8.999999999999999e-05,19.0,0.0,2e-06,0.00088,0.014,9.7,3.6,0.136,0.79,0.237,18.0,8.0,1.8e-05,1.54,0.0,0.0,0.0005,9.8e-07,0.00015,0.0034,0.00045,0.00019,0.0,0.0019,5e-05
Summer sausage,Meat,0.081,426.0,1.8,0.089,7.000000000000001e-05,38.0,0.2,7e-06,0.0023,0.013,14.0,1.6,0.178,3.0,0.206,19.0,10.0,7.5e-06,1.483,749.0,0.000225,0.00025,1.7e-06,0.00016,0.0029,0.00076,0.00013,0.0,0.0023,3e-05
Turkey sausage,Meat,0.032,235.0,1.6,0.16,0.00011,18.0,0.0,4e-06,0.0011,0.016,5.2,1.6,0.155,4.7,0.229,15.0,3.8,0.0,0.639,0.0,0.0,5e-05,7.900000000000001e-07,0.00017,0.0037,,0.0002099999999999,0.0005,0.003,
Bratwurst,Meat,0.007,297.0,2.0,0.078,8e-05,26.0,0.0,4e-06,0.001,0.015,8.0,2.0,0.13,1.6,0.283,12.0,6.1,1.4e-05,0.848,0.0,0.0,0.00038,2.7e-06,0.0002099999999999,0.0031,0.00069,0.0002,0.0,0.0025,4e-05
Kielbasa,Meat,,226.0,3.9,0.07,,18.0,0.0,,0.0012,,8.3,3.9,,2.3,,13.0,6.2,,1.2,0.0,0.0,,,,,,,0.015,,
Scrapple,Meat,0.007,213.0,14.0,0.049,0.0002099999999999,14.0,0.3,5e-06,0.0019,0.013,6.2,14.0,0.076,1.7,0.158,8.1,4.7,1.7e-05,0.482,2086.0,0.000626,0.0001199999999999,3.1e-07,0.00029,0.0023,,0.0001199999999999,0.0025,0.0011,
Meatball,Meat,0.08,286.0,8.1,0.066,0.0001199999999999,22.0,2.3,3.6e-05,0.0018,0.031,9.2,5.8,0.239,3.3,0.296,14.0,7.6,1.5e-05,0.666,73.0,2.2e-05,0.00014,1e-06,0.00023,0.0031,0.00092,0.0002,0.0,0.0017,0.00028
Pork belly,Meat,0.005,518.0,0.0,0.072,5e-05,53.0,0.0,1e-06,0.00052,0.004,25.0,0.0,0.108,5.7,0.185,9.3,19.0,8e-06,0.032,10.0,3e-06,0.0004,8.4e-07,0.0002399999999999,0.0046,0.00026,0.00013,0.0003,0.001,1e-05
Pork leg,Meat,0.005,245.0,0.0,0.073,7.000000000000001e-05,19.0,0.0,7e-06,0.00085,0.02,8.4,0.0,0.199,2.0,0.315,17.0,6.5,2.9e-05,0.047,7.0,0.0,0.00074,6.3e-07,0.0002,0.0046,0.00069,0.0004,0.0007,0.0019,2e-05
Pork loin,Meat,0.018,198.0,0.0,0.063,6e-05,13.0,0.0,1e-06,0.00079,0.021,5.6,0.0,0.197,1.3,0.356,20.0,4.4,3.3e-05,0.05,7.0,2e-06,0.0009,5.3e-07,0.00025,0.0046,0.0007199999999999,0.00047,0.0006,0.0017,1e-05
Pork,Meat,0.019,242.0,0.0,0.08,7.000000000000001e-05,14.0,0.0,5e-06,0.00087,0.028,6.2,0.0,0.246,1.2,0.423,27.0,5.2,4.5e-05,0.062,7.0,2e-06,0.00088,7e-07,0.00032,0.005,0.0007,0.00046,0.0006,0.0024,1e-05
Pork chop,Meat,0.056,231.0,0.0,0.078,0.00011,14.0,0.0,0.0,0.00087,0.02,4.9,0.0,0.241,1.9,0.315,24.0,4.3,3.6e-05,0.074,15.0,4e-06,0.00049,6.6e-07,0.00031,0.0079,0.0011,0.00049,0.0,0.0032,1e-05
Pork shoulder,Meat,0.015,236.0,0.0,0.071,8e-05,18.0,0.0,5e-06,0.0011,0.018,8.0,0.0,0.182,1.9,0.302,17.0,6.2,2.6e-05,0.065,7.0,2e-06,0.00077,7.4e-07,0.00028,0.0038,0.0007199999999999,0.00035,0.0007,0.0027,1e-05
Pork spare ribs,Meat,0.015,277.0,0.0,0.08,8e-05,23.0,0.0,0.0,0.00091,0.016,8.5,0.0,0.141,4.0,0.242,15.0,7.5,2.2e-05,0.081,0.0,0.0,0.00032,3.8e-07,0.00025,0.0047,0.00063,0.00057,0.0,0.0025,1e-05
Pork jowl,Meat,0.004,655.0,0.0,0.09,4e-05,70.0,0.0,1e-06,0.0004199999999999,0.003,33.0,0.0,0.086,8.1,0.148,6.4,25.0,1.5e-06,0.025,9.0,3e-06,0.00039,8.2e-07,0.0002399999999999,0.0045,0.00025,8.999999999999999e-05,0.0,0.0008399999999999,1e-05
Liver,Meat,0.01,165.0,3.8,0.355,0.00063,4.4,0.0,0.000163,0.018,0.014,0.63,3.8,0.241,1.1,0.15,26.0,1.4,6.8e-05,0.049,17997.0,0.005405,0.00026,1.9e-05,0.0022,0.0084,0.0048,0.00057,0.024,0.0067,0.0003
Ham,Meat,0.008,145.0,1.5,0.053,8e-05,5.5,0.0,3e-06,0.0015,0.014,2.6,1.5,0.196,0.54,0.287,21.0,1.8,2e-05,1.203,0.0,0.0,0.00075,6.5e-07,0.0002,0.004,0.0004,0.0004,0.0,0.0029,5e-05
Pork bacon,Meat,0.01,548.0,1.4,0.107,0.0001799999999999,43.0,0.0,2e-06,0.0015,0.03,19.0,1.4,0.506,4.9,0.539,36.0,14.0,5.9e-05,2.193,37.0,1.1e-05,0.00035,1.2e-06,0.00025,0.011,0.001,0.00031,0.0,0.0034,2e-05
Pork hock,Meat,0.019,171.0,0.0,0.089,8e-05,11.0,0.0,1e-06,0.0011,0.006,5.1,0.0,0.06,1.2,0.047,19.0,3.2,2.6e-05,1.05,76.0,2.3e-05,8e-05,5.1e-07,7.000000000000001e-05,0.0011,0.00034,6e-05,0.0,0.0024,2e-05
Canadian bacon,Meat,0.007,146.0,1.8,0.067,6e-05,2.8,0.0,4e-06,0.00056,0.027,1.3,1.8,0.309,0.49,0.999,28.0,1.0,5e-05,0.993,0.0,0.0,0.00067,4.3e-07,0.00019,0.01,0.0007199999999999,0.00028,0.0,0.0017,2e-05
Short ribs,Meat,0.012,471.0,0.0,0.094,0.0001,42.0,0.0,5e-06,0.0023,0.015,19.0,0.0,0.162,1.5,0.224,22.0,18.0,2.1e-05,0.05,0.0,0.0,5e-05,2.6e-06,0.00015,0.0025,0.00025,0.00022,0.0,0.0049,1e-05
Beef shank,Meat,0.032,201.0,0.0,0.078,0.00017,6.4,0.0,1e-05,0.0039,0.03,2.9,0.0,0.263,0.21,0.447,34.0,2.3,3e-05,0.064,0.0,0.0,0.00014,3.8e-06,0.0002099999999999,0.0059,0.00041,0.00037,0.0,0.01,2e-05
T bone steak,Meat,0.019,217.0,0.0,0.081,8e-05,11.0,0.0,7e-06,0.0036,0.02,5.2,0.0,0.21,0.58,0.28,27.0,4.6,3e-05,0.068,5.0,1e-06,6e-05,1.9e-06,0.00027,0.0063,0.00031,0.00076,0.0,0.0047,0.0
Beef Liver,Meat,0.006,191.0,5.1,0.396,0.014,5.3,0.0,0.000253,0.0065,0.021,1.1,5.1,0.497,1.1,0.352,29.0,2.9,3.6e-05,0.079,31714.0,0.009442,0.00019,7.1e-05,0.0034,0.018,0.0070999999999999,0.001,0.0019,0.0053,0.0003599999999999
Corned beef,Meat,0.008,251.0,0.47,0.098,0.00015,19.0,0.0,6e-06,0.0019,0.012,9.2,0.47,0.125,0.67,0.145,18.0,6.3,3.3e-05,0.973,0.0,0.0,3e-05,1.6e-06,0.00017,0.003,0.0004199999999999,0.00023,0.0,0.0046,2e-05
Pastrami,Meat,0.01,147.0,0.36,0.068,8.999999999999999e-05,5.8,0.0,6e-06,0.0022,0.017,2.1,0.36,0.175,0.15,0.21,22.0,2.7,1.8e-05,1.078,42.0,2e-06,5e-05,1.9e-06,0.00016,0.0043,0.00027,0.00022,0.0003,0.005,3e-05
Pot roast,Meat,0.016,297.0,0.0,0.116,0.0001,19.0,0.0,9e-06,0.0024,0.019,8.2,0.0,0.174,0.71,0.231,29.0,7.5,2.7e-05,0.047,0.0,0.0,6e-05,2.1e-06,0.00017,0.0040999999999999,0.00057,0.00028,0.0,0.0067,1e-05
Beef ribs,Meat,0.01,372.0,0.0,0.085,8.999999999999999e-05,30.0,0.0,7e-06,0.0023,0.02,13.0,0.0,0.172,1.1,0.29,23.0,12.0,2.1e-05,0.064,0.0,0.0,7.000000000000001e-05,2.3e-06,0.00019,0.0036,0.00037,0.00023,0.0,0.0058,1e-05
Beef sirloin,Meat,0.022,177.0,0.0,0.081,8.999999999999999e-05,5.0,0.0,1e-05,0.0019,0.027,2.0,0.0,0.253,0.19,0.41,31.0,1.9,3.9e-05,0.066,0.0,0.0,8.999999999999999e-05,1.5e-06,0.00016,0.009,0.00061,0.00068,0.0,0.0057,1e-05
Porterhouse steak,Meat,0.007,276.0,0.0,0.067,0.00013,19.0,0.0,7e-06,0.0029,0.022,8.7,0.0,0.193,0.69,0.299,24.0,7.3,2e-05,0.065,0.0,0.0,0.0001,2.2e-06,0.00023,0.0042,0.00031,0.00037,0.0,0.0046,2e-05
Ground beef,Meat,0.033,241.0,0.0,0.088,8e-05,15.0,0.0,7e-06,0.0023,0.017,7.3,0.0,0.166,0.41,0.241,24.0,6.1,1.9e-05,0.073,9.0,3e-06,5e-05,2.5e-06,0.00017,0.004,0.00051,0.00031,0.0,0.0058,1e-05
Brisket,Meat,0.016,289.0,0.0,0.106,0.0001,18.0,0.0,9e-06,0.0024,0.019,7.9,0.0,0.175,0.68,0.232,29.0,7.3,2.7e-05,0.048,0.0,0.0,6e-05,2.1e-06,0.00017,0.0040999999999999,0.00057,0.00028,0.0,0.0067,1e-05
Beefsteak,Meat,0.022,250.0,0.0,0.079,7.000000000000001e-05,15.0,0.0,8e-06,0.0016,0.023,6.3,0.0,0.213,0.56,0.34,27.0,6.0,2.9e-05,0.057,0.0,0.0,8e-05,1.4e-06,0.00014,0.007,0.00053,0.0005899999999999,0.0,0.0049,1e-05
Beef tenderloin,Meat,0.009,324.0,0.0,0.085,0.0001199999999999,25.0,0.0,8e-06,0.0031,0.022,10.0,0.0,0.203,1.0,0.331,24.0,9.7,2.3e-05,0.057,0.0,0.0,8.999999999999999e-05,2.5e-06,0.00026,0.003,0.00025,0.00025,0.0,0.004,1e-05
Flank steak,Meat,0.02,192.0,0.0,0.079,8e-05,8.2,0.0,9e-06,0.0017,0.023,3.3,0.0,0.21,0.32,0.339,28.0,3.4,2.9e-05,0.056,0.0,0.0,8e-05,1.6e-06,0.00013,0.0074,0.00055,0.00058,0.0,0.0049,1e-05
Lamb,Meat,0.017,294.0,0.0,0.097,0.0001199999999999,21.0,0.0,1.8e-05,0.0019,0.023,8.8,0.0,0.188,1.5,0.31,25.0,8.8,2.6e-05,0.072,0.0,0.0,0.0001,2.6e-06,0.00025,0.0067,0.00066,0.00013,0.0,0.0045,2e-05
Lamb leg,Meat,0.009,230.0,0.0,0.069,0.00011,17.0,0.0,1.9e-05,0.0017,0.023,7.0,0.0,0.17,1.4,0.249,18.0,7.4,2.1e-05,0.056,0.0,0.0,0.00013,2.5e-06,0.00023,0.0063,0.00069,0.00015,0.0,0.0033,2e-05
Lamb loin,Meat,0.018,309.0,0.0,0.095,0.0001199999999999,24.0,0.0,1.9e-05,0.0021,0.023,9.7,0.0,0.18,1.9,0.246,23.0,10.0,2.5e-05,0.064,0.0,0.0,0.0001,2.2e-06,0.0002399999999999,0.0070999999999999,0.00065,0.00011,0.0,0.0034,2e-05
Lamb ribs,Meat,0.022,359.0,0.0,0.097,0.0001199999999999,30.0,0.0,1.5e-05,0.0016,0.02,13.0,0.0,0.166,2.2,0.271,21.0,13.0,2.2e-05,0.073,0.0,0.0,8.999999999999999e-05,2.2e-06,0.0002099999999999,0.0068,0.00063,0.00011,0.0,0.0035,2e-05
Lamb shoulder,Meat,0.018,279.0,0.0,0.092,0.00011,20.0,0.0,2e-05,0.002,0.023,8.3,0.0,0.183,1.6,0.259,23.0,8.7,2.5e-05,0.065,0.0,0.0,8.999999999999999e-05,2.6e-06,0.00025,0.0067,0.0007099999999999,0.0001199999999999,0.0,0.0045,2e-05
Veal,Meat,0.017,172.0,0.0,0.103,0.0001,7.6,0.0,1.1e-05,0.00099,0.024,2.8,0.0,0.217,0.55,0.337,24.0,3.0,1.4e-05,0.083,0.0,0.0,7.000000000000001e-05,1.3e-06,0.00027,0.008,0.0012,0.00039,0.0,0.0039,4e-05
Game,Meat,0.004,150.0,0.0,0.126,0.0002099999999999,2.7,0.0,9e-06,0.0042,0.028,0.63,0.0,0.21,0.58,0.372,29.0,0.97,1.3e-05,0.054,0.0,,0.00026,,0.00073,,,,0.0,0.0017,2e-05
Bear meat,Meat,0.005,259.0,0.0,0.098,0.00015,13.0,0.0,6e-06,0.011,0.023,5.7,0.0,0.17,2.4,0.263,32.0,3.5,1.1e-05,0.071,0.0,0.0,0.0001,2.5e-06,0.00082,0.0034,,0.00029,0.0,0.01,
Bison meat,Meat,0.008,143.0,0.0,0.082,0.00011,2.4,0.0,8e-06,0.0034,0.026,0.95,0.0,0.209,0.24,0.361,28.0,0.91,3.6e-05,0.057,0.0,0.0,0.0001,2.9e-06,0.00027,0.0037,,0.0004,0.0,0.0037,1e-05
Caribou meat,Meat,0.022,167.0,0.0,0.109,0.00026,4.4,0.0,5e-06,0.0062,0.027,1.3,0.0,0.233,0.62,0.31,30.0,1.7,1.4e-05,0.06,0.0,0.0,0.00025,6.6e-06,0.0009,0.0058,0.0027,0.00032,0.003,0.0053,8.999999999999999e-05
Goat,Meat,0.017,143.0,0.0,0.075,0.0003,3.0,0.0,5e-06,0.0037,0.0,1.4,0.0,0.201,0.23,0.405,27.0,0.93,1.2e-05,0.086,0.0,0.0,8.999999999999999e-05,1.2e-06,0.00061,0.004,,0.0,0.0,0.0053,4e-05
Horse meat,Meat,0.008,175.0,0.0,0.068,0.00017,6.1,0.0,,0.005,0.025,2.1,0.0,0.247,0.85,0.379,28.0,1.9,1.4e-05,0.055,0.0,0.0,0.0001,3.2000000000000003e-06,0.0001199999999999,0.0048,,0.00033,0.002,0.0038,2e-05
Rabbit Meat,Meat,0.018,173.0,0.0,0.123,0.0001799999999999,3.5,0.0,8e-06,0.0049,0.031,0.95,0.0,0.24,0.68,0.343,33.0,1.1,1.5e-05,0.045,0.0,0.0,2e-05,6.5e-06,7.000000000000001e-05,0.0064,,0.00034,0.0,0.0024,
Elk meat,Meat,0.005,162.0,0.0,0.072,0.00035,3.4,0.0,9e-06,0.0040999999999999,0.029,0.97,0.0,0.285,0.16,0.392,31.0,1.3,1.1e-05,0.05,0.0,0.0,0.00014,3e-06,0.00037,0.0060999999999999,0.0012,0.00049,0.0,0.0040999999999999,2e-05
Deer meat,Meat,0.005,149.0,0.0,0.088,0.00025,2.4,0.0,9e-06,0.0043,0.033,0.55,0.0,0.299,0.13,0.434,30.0,1.1,1.1e-05,0.057,0.0,0.0,0.00026,3.6000000000000003e-06,0.00056,0.0088,0.00086,0.00061,0.0,0.004,2e-05
Chuck steak,Meat,0.016,277.0,0.0,0.087,8e-05,20.0,0.0,6e-06,0.0025,0.022,9.5,0.0,0.193,0.81,0.325,25.0,8.7,2.8e-05,0.071,25.0,7e-06,7.000000000000001e-05,3e-06,0.00019,0.0047,0.00075,0.00037,0.0,0.0087,1e-05
Rib eye steak,Meat,0.011,291.0,0.0,0.08,8e-05,22.0,0.0,6e-06,0.0022,0.022,11.0,0.0,0.152,1.0,0.26,24.0,9.7,3e-05,0.054,25.0,8e-06,7.000000000000001e-05,2.1e-06,0.00029,0.0049,0.00054,0.0004799999999999,0.0,0.0059,8e-05
Steak,Meat,0.012,271.0,0.0,0.078,8.999999999999999e-05,19.0,0.0,6e-06,0.0024,0.023,9.2,0.0,0.163,0.9,0.279,25.0,8.4,3.2e-05,0.058,25.0,7e-06,7.000000000000001e-05,2.2e-06,0.0003,0.0050999999999999,,0.0005,0.0,0.0063,
Beef,Meat,0.013,169.0,0.0,0.085,0.0001,6.5,0.0,7e-06,0.003,0.014,2.7,0.0,0.259,0.53,0.352,28.0,2.6,2.5e-05,0.054,6.0,2e-06,7.000000000000001e-05,4.2e-06,0.0004,0.0058,0.0004799999999999,0.00067,0.0,0.0037,1e-05
Mutton,Meat,0.01,234.0,0.08,0.109,6e-05,11.0,,0.0,0.0048,0.031,4.5,0.08,0.272,0.81,0.409,33.0,5.1,3.8e-05,0.135,,,6e-05,4.4e-06,0.0003,0.0065,0.0009,0.00038,,0.0059,3e-05
Frog legs,Meat,0.018,73.0,0.0,0.05,0.00025,0.3,0.0,1.5e-05,0.0015,0.02,0.05,0.0,0.147,0.1,0.285,16.0,0.08,1.4e-05,0.058,50.0,1.5e-05,0.00014,4.0000000000000003e-07,0.00025,0.0012,,0.0001199999999999,0.0,0.001,
Lard,Oils and Sauces,0.0,902.0,0.0,0.095,0.0,100.0,0.0,0.0,0.0,0.0,45.0,0.0,0.0,11.0,0.0,0.0,39.0,2.0000000000000002e-07,0.0,0.0,0.0,0.0,0.0,0.0,0.0,0.0,0.0,0.0,0.00011,0.0
Russian dressing,Oils and Sauces,0.013,355.0,32.0,0.0,6e-05,26.0,0.7,5e-06,0.0006,0.01,5.9,31.0,0.02,15.0,0.173,0.69,2.4,1.6e-06,1.133,577.0,2.9e-05,3e-05,0.0,5e-05,0.0005899999999999,0.0004,0.0001,0.006,0.00022,6e-05
Thousand island,Oils and Sauces,0.017,379.0,15.0,0.026,0.0,35.0,0.8,0.0,0.0012,0.008,7.9,14.0,0.027,18.0,0.107,1.1,5.1,1.5e-06,0.962,213.0,1.4e-05,0.0014,0.0,6e-05,0.0004199999999999,0.0,0.0,0.0,0.00026,4e-05
French dressing,Oils and Sauces,0.011,222.0,31.0,0.0,0.00016,12.0,1.5,2e-06,0.00073,0.008,4.5,30.0,0.016,3.9,0.107,0.58,0.84,1.6e-06,0.838,541.0,2.7e-05,2e-05,0.0,5e-05,0.00047,0.0,6e-05,0.0048,0.0002,0.00011
Italian dressing,Oils and Sauces,0.015,102.0,10.0,0.0,2e-05,6.7,0.0,3e-06,0.00025,0.004,1.7,10.0,0.012,3.2,0.09,0.39,0.83,1.6e-06,0.891,12.0,1e-06,1e-05,0.0,1e-05,8.999999999999999e-05,0.0,6e-05,0.0,6e-05,3e-05
Soybean oil,Oils and Sauces,0.0,884.0,0.0,0.0,0.0,100.0,0.0,0.0,0.0,0.0,43.0,0.0,0.0,38.0,0.0,0.0,15.0,0.0,0.0,0.0,0.0,0.0,0.0,0.0,0.0,0.0,0.0,0.0,0.0,
Rice bran oil,Oils and Sauces,0.0,884.0,0.0,0.0,,100.0,0.0,0.0,7.000000000000001e-05,0.0,39.0,0.0,0.0,35.0,0.0,0.0,20.0,0.0,0.0,0.0,0.0,0.0,0.0,0.0,0.0,0.0,0.0,0.0,0.0,
Wheat germ oil,Oils and Sauces,0.0,884.0,0.0,0.0,0.0,100.0,0.0,0.0,0.0,0.0,15.0,0.0,0.0,62.0,0.0,0.0,19.0,0.0,0.0,0.0,0.0,0.0,0.0,0.0,0.0,0.0,0.0,0.0,0.0,
Peanut oil,Oils and Sauces,0.0,884.0,0.0,0.0,0.0,100.0,0.0,0.0,3e-05,0.0,46.0,0.0,0.0,32.0,0.0,0.0,17.0,0.0,0.0,0.0,0.0,0.0,0.0,0.0,0.0,0.0,0.0,0.0,1e-05,
Coconut oil,Oils and Sauces,0.001,892.0,0.0,0.0,0.0,99.0,0.0,0.0,5e-05,0.0,6.3,0.0,0.0,1.7,0.0,0.0,82.0,0.0,0.0,0.0,0.0,0.0,0.0,0.0,0.0,0.0,0.0,0.0,2e-05,0.0
Olive oil,Oils and Sauces,0.001,884.0,0.0,0.0,0.0,100.0,0.0,0.0,0.00056,0.0,73.0,0.0,0.0,11.0,0.001,0.0,14.0,0.0,0.002,0.0,0.0,0.0,0.0,0.0,0.0,0.0,0.0,0.0,0.0,0.0
Palm oil,Oils and Sauces,0.0,884.0,0.0,0.0,0.0,100.0,0.0,0.0,1e-05,0.0,37.0,0.0,0.0,9.3,0.0,0.0,49.0,0.0,0.0,0.0,0.0,0.0,0.0,0.0,0.0,0.0,0.0,0.0,0.0,
Sesame oil,Oils and Sauces,0.0,884.0,0.0,0.0,0.0,100.0,0.0,0.0,0.0,0.0,40.0,0.0,0.0,42.0,0.0,0.0,14.0,0.0,0.0,0.0,0.0,0.0,0.0,0.0,0.0,0.0,0.0,0.0,0.0,
Cocoa butter,Oils and Sauces,0.0,884.0,0.0,0.0,0.0,100.0,0.0,0.0,0.0,0.0,33.0,0.0,0.0,3.0,0.0,0.0,60.0,0.0,0.0,0.0,0.0,0.0,0.0,0.0,0.0,0.0,0.0,0.0,0.0,0.0
Cottonseed oil,Oils and Sauces,0.0,884.0,0.0,0.0,0.0,100.0,0.0,0.0,0.0,0.0,18.0,0.0,0.0,52.0,0.0,0.0,26.0,0.0,0.0,0.0,0.0,0.0,0.0,0.0,0.0,0.0,0.0,0.0,0.0,
Safflower oil,Oils and Sauces,0.0,884.0,0.0,0.0,0.0,100.0,0.0,0.0,0.0,0.0,75.0,0.0,0.0,13.0,0.0,0.0,7.5,0.0,0.0,0.0,0.0,0.0,0.0,0.0,0.0,0.0,0.0,0.0,0.0,0.0
Grape seed oil,Oils and Sauces,0.0,884.0,0.0,0.0,,100.0,0.0,0.0,0.0,0.0,16.0,0.0,0.0,70.0,0.0,0.0,9.6,0.0,0.0,0.0,0.0,0.0,0.0,0.0,0.0,0.0,0.0,0.0,0.0,
Walnut oil,Oils and Sauces,0.0,884.0,0.0,0.0,0.0,100.0,0.0,0.0,0.0,0.0,23.0,0.0,0.0,63.0,0.0,0.0,9.1,0.0,0.0,0.0,0.0,0.0,0.0,0.0,0.0,0.0,0.0,0.0,0.0,
Babassu oil,Oils and Sauces,0.0,884.0,0.0,0.0,,100.0,0.0,0.0,0.0,0.0,11.0,0.0,0.0,1.6,0.0,0.0,81.0,0.0,0.0,0.0,0.0,0.0,0.0,0.0,0.0,0.0,0.0,0.0,0.0,
Blue cheese dressing,Oils and Sauces,0.037,484.0,4.8,0.031,1e-05,51.0,0.4,5e-06,8.999999999999999e-05,0.008,13.0,4.4,0.074,28.0,0.088,1.4,8.3,1e-06,0.642,73.0,1.4e-05,1e-05,2.7e-07,0.0001,0.0001,0.00039,4e-05,0.0007,0.0002099999999999,1e-05
Sunflower oil,Oils and Sauces,0.0,884.0,0.0,0.0,0.0,100.0,0.0,0.0,0.0,0.0,46.0,0.0,0.0,36.0,0.0,0.0,13.0,0.0,0.0,0.0,0.0,0.0,0.0,0.0,0.0,0.0,0.0,0.0,0.0,0.0
Duck fat,Oils and Sauces,0.0,882.0,0.0,0.1,0.0,100.0,0.0,0.0,0.0,0.0,49.0,0.0,0.0,13.0,0.0,0.0,33.0,2.0000000000000002e-07,0.0,0.0,0.0,0.0,0.0,0.0,0.0,0.0,0.0,0.0,0.0,
Avocado oil,Oils and Sauces,0.0,884.0,0.0,,0.0,100.0,0.0,0.0,0.0,0.0,71.0,0.0,0.0,13.0,0.0,0.0,12.0,0.0,0.0,0.0,0.0,0.0,0.0,0.0,0.0,0.0,0.0,0.0,0.0,0.0
Canola oil,Oils and Sauces,0.0,884.0,0.0,0.0,0.0,100.0,0.0,0.0,0.0,0.0,63.0,0.0,0.0,28.0,0.0,0.0,7.4,0.0,0.0,0.0,0.0,0.0,0.0,0.0,0.0,0.0,0.0,0.0,0.0,0.0
Mustard oil,Oils and Sauces,0.0,884.0,0.0,,0.0,100.0,0.0,0.0,0.0,0.0,59.0,0.0,0.0,21.0,0.0,0.0,12.0,0.0,0.0,0.0,0.0,0.0,0.0,0.0,0.0,0.0,0.0,0.0,0.0,0.0
Salmon oil,Oils and Sauces,0.0,902.0,0.0,0.485,0.0,100.0,0.0,0.0,0.0,0.0,29.0,0.0,0.0,40.0,0.0,0.0,20.0,0.0,0.0,0.0,0.0,0.0,0.0,0.0,0.0,0.0,0.0,0.0,0.0,0.0
Fish oil,Oils and Sauces,0.0,902.0,0.0,0.71,0.0,100.0,0.0,0.0,0.0,0.0,34.0,0.0,0.0,32.0,0.0,0.0,30.0,0.0,0.0,0.0,0.0,0.0,0.0,0.0,0.0,0.0,0.0,0.0,0.0,0.0
Margarine,Oils and Sauces,0.003,717.0,0.7,0.0,0.0,81.0,0.0,1e-06,6e-05,0.003,39.0,0.7,0.005,24.0,0.018,0.16,15.0,0.0,0.002,3577.0,0.000819,1e-05,1.0000000000000001e-07,4e-05,2e-05,,1e-05,0.0002,0.0,
Spread,Oils and Sauces,,158.0,0.0,0.0,,17.0,0.0,,,,7.6,0.0,0.0,4.0,0.012,0.0,2.2,,0.755,4489.0,,,,,,,,,,
Honey mustard,Oils and Sauces,0.067,207.0,28.0,0.0,3e-05,10.0,0.8,2e-06,0.00041,0.012,5.6,27.0,0.028,3.2,0.055,0.98,0.83,6.8e-06,0.701,14.0,1e-06,7.000000000000001e-05,0.0,1e-05,0.0001199999999999,7.000000000000001e-05,2e-05,0.0004,0.00017,0.00014
Benecol,Oils and Sauces,0.004,357.0,5.7,,0.0,39.0,,,0.0,0.001,19.0,5.7,0.004,12.0,0.004,0.0,4.8,,0.67,4567.0,0.00137,1e-05,,0.0,0.0,,0.0,,0.0,0.0
Poppy seed dressing,Oils and Sauces,0.059,399.0,24.0,0.015,4e-05,33.0,0.3,3e-06,0.00025,0.009,8.2,23.0,0.049,17.0,0.061,0.92,6.1,1.2e-06,0.933,180.0,5.1e-05,2e-05,9e-08,6e-05,5e-05,0.00011,2e-05,0.0003,0.00025,0.00013
Ceasar dressing,Oils and Sauces,0.033,131.0,31.0,0.001,2e-05,0.23,0.2,2e-06,0.00029,0.004,0.05,31.0,0.03,0.01,0.048,1.5,0.1,2.2e-06,1.265,4.0,1e-06,3e-05,4e-08,1e-05,3e-05,3e-05,4e-05,0.0001,0.0003,4e-05
Flaxseed oil,Oils and Sauces,0.009,878.0,0.39,0.0,7.000000000000001e-05,99.0,,,0.00034,0.015,21.0,0.39,0.027,65.0,0.031,0.37,9.0,,0.006,,,,,,,,,,0.00031,0.00014
Barbecue sauce,Oils and Sauces,0.033,172.0,41.0,0.0,7.000000000000001e-05,0.63,0.9,2e-06,0.00064,0.013,0.08,40.0,0.02,0.1,0.232,0.82,0.05,1.3e-06,1.027,224.0,1.1e-05,2e-05,0.0,6e-05,0.0006,0.00016,8e-05,0.0006,0.00017,0.00013
B√©chamel sauce,Oils and Sauces,0.126,105.0,7.4,0.008,1e-05,6.7,0.1,9e-06,0.0002099999999999,0.015,2.7,7.3,0.101,1.6,0.163,3.8,2.2,3.3e-06,0.328,262.0,7.3e-05,6e-05,3e-07,0.0001799999999999,0.00026,0.00034,4e-05,0.0008,0.0004199999999999,2e-05
Hot sauce,Oils and Sauces,0.008,11.0,1.8,0.0,3e-05,0.37,0.3,6e-06,0.0004799999999999,0.005,0.03,1.5,0.011,0.2,0.144,0.51,0.05,0.0,2.643,162.0,8e-06,4e-05,0.0,8e-05,0.00025,0.00011,0.00016,0.075,0.00011,5e-05
Hoisin sauce,Oils and Sauces,0.032,220.0,44.0,0.003,0.00013,3.4,2.8,2.3e-05,0.001,0.024,0.96,41.0,0.038,1.7,0.119,3.3,0.57,1.8e-06,1.615,6.0,0.0,0.0,0.0,0.00022,0.0012,7.000000000000001e-05,6e-05,0.0004,0.00032,0.00025
Salsa,Oils and Sauces,0.012,36.0,7.0,0.0,0.0001,0.2,1.4,1.9e-05,0.0022,0.016,0.02,5.6,0.03,0.11,0.27,1.5,0.03,4.0000000000000003e-07,0.43,550.0,2.8e-05,5e-05,0.0,3e-05,0.0011,,0.00015,0.004,0.00017,
Fish sauce,Oils and Sauces,0.043,35.0,3.6,0.0,5e-05,0.01,0.0,5.1e-05,0.00078,0.175,0.0,3.6,0.007,0.0,0.288,5.1,0.0,9.1e-06,7.851,12.0,4e-06,1e-05,4.8e-07,6e-05,0.0023,0.0001199999999999,0.0004,0.0005,0.0002,0.00023
Marinara sauce,Oils and Sauces,0.027,51.0,8.1,0.002,8e-05,1.5,1.8,1.3e-05,0.00078,0.018,0.38,6.3,0.034,0.51,0.319,1.4,0.17,1.1e-06,0.03,650.0,3.3e-05,2e-05,0.0,6e-05,0.0039,,0.00017,0.002,0.0002,0.00014
Olive,Oils and Sauces,0.088,115.0,6.3,0.0,0.00025,11.0,3.2,0.0,0.0033,0.004,7.9,3.1,0.003,0.91,0.008,0.84,1.4,9.000000000000001e-07,0.735,403.0,2e-05,0.0,0.0,0.0,4e-05,2e-05,1e-05,0.0009,0.00022,2e-05
Tomato paste,Oils and Sauces,0.036,82.0,19.0,0.0,0.00037,0.47,4.1,1.2e-05,0.003,0.042,0.07,15.0,0.083,0.16,1.014,4.3,0.1,5.3e-06,0.059,1525.0,7.6e-05,6e-05,0.0,0.00015,0.0031,0.00014,0.00022,0.022,0.00063,0.0003
Ketchup,Oils and Sauces,0.015,101.0,27.0,0.0,8.999999999999999e-05,0.1,0.3,9e-06,0.00035,0.013,0.02,27.0,0.026,0.04,0.281,1.0,0.01,7e-07,0.907,527.0,2.6e-05,1e-05,0.0,0.00017,0.0014,5e-05,0.00016,0.0040999999999999,0.00017,8e-05
Wasabi,Oils and Sauces,0.128,109.0,24.0,0.0,0.00016,0.63,7.8,1.8e-05,0.001,0.069,,16.0,0.08,,0.568,4.8,,,0.017,35.0,2e-06,0.00013,0.0,0.00011,0.00074,0.0002,0.00027,0.042,0.0016,0.00039
Miso,Oils and Sauces,0.057,198.0,25.0,0.0,0.0004199999999999,6.0,5.4,1.9e-05,0.0025,0.048,1.1,20.0,0.159,2.9,0.21,13.0,1.0,7e-06,3.728,87.0,4e-06,0.0001,8e-08,0.00023,0.00091,0.00034,0.0002,0.0,0.0026,0.00086
Soy milk,Oils and Sauces,0.025,54.0,6.3,0.0,0.00013,1.8,0.6,1.8e-05,0.00064,0.025,0.4,5.7,0.052,0.96,0.118,3.3,0.21,4.8e-06,0.051,3.0,0.0,6e-05,0.0,7.000000000000001e-05,0.00051,0.00037,8e-05,0.0,0.0001199999999999,0.00022
Soy sauce,Oils and Sauces,0.033,53.0,4.9,0.0,4e-05,0.57,0.8,1.4e-05,0.0015,0.074,0.09,4.1,0.166,0.26,0.435,8.1,0.07,5e-07,5.493,0.0,0.0,3e-05,0.0,0.00017,0.0022,0.0003,0.00015,0.0,0.00087,0.001
Peanut butter,Oils and Sauces,0.049,598.0,22.0,0.0,0.0004199999999999,51.0,5.0,8.7e-05,0.0017,0.168,26.0,17.0,0.335,13.0,0.558,22.0,10.0,4.1e-06,0.017,0.0,0.0,0.00015,0.0,0.00019,0.013,0.0011,0.00044,0.0,0.0025,0.0017
Sweet and sour,Oils and Sauces,0.01,150.0,38.0,0.0,8e-05,0.02,0.1,8e-06,0.0002099999999999,0.008,0.0,38.0,0.007,0.0,0.099,0.27,0.0,4.0000000000000003e-07,0.371,10.0,1e-06,5e-05,0.0,2e-05,0.00019,8.999999999999999e-05,5e-05,0.0087,8.999999999999999e-05,0.00076
Cocktail sauce,Oils and Sauces,0.026,124.0,28.0,0.0,0.00011,1.1,1.8,1.7e-05,0.00083,0.017,0.0,26.0,0.03,0.0,0.309,1.4,0.0,2.2e-06,0.983,359.0,1.8e-05,2e-05,0.0,5e-05,0.00082,7.000000000000001e-05,8e-05,0.012,0.00038,0.00015
Green Goddess Dressing,Oils and Sauces,0.034,427.0,7.4,0.04,1e-05,43.0,0.1,4e-06,0.00035,0.007,9.4,7.3,0.031,23.0,0.058,1.9,6.0,1.6e-06,0.867,41.0,1e-05,2e-05,2.6e-07,5e-05,0.00014,,1e-05,0.0002,0.00025,
Tomato sauce,Oils and Sauces,0.014,24.0,5.3,0.0,0.0001199999999999,0.3,1.5,9e-06,0.0009599999999999,0.015,0.04,3.8,0.027,0.12,0.297,1.2,0.04,6e-07,0.011,435.0,2.2e-05,2e-05,0.0,7.000000000000001e-05,0.00099,0.00031,0.0001,0.007,0.00022,0.00011
Vegetable oil,Oils and Sauces,0.0,884.0,0.0,0.0,0.0,100.0,0.0,0.0,0.00013,0.0,48.0,0.0,0.0,33.0,0.0,0.0,14.0,0.0,0.0,0.0,0.0,0.0,0.0,0.0,0.0,0.0,0.0,0.0,2e-05,0.0
