Year,Afghanistan,Albania,Algeria,American Samoa,Andorra,Angola,Antigua and Barbuda,Argentina,Armenia,Aruba,Australia,Austria,Azerbaijan,"Bahamas, The",Bahrain,Bangladesh,Barbados,Belarus,Belgium,Belize,Benin,Bermuda,Bhutan,Bolivia,Bosnia and Herzegovina,Botswana,Brazil,British Virgin Islands,Brunei Darussalam,Bulgaria,Burkina Faso,Burundi,Cabo Verde,Cambodia,Cameroon,Canada,Cayman Islands,Chad,Channel Islands,Chile,China,Colombia,Comoros,"Congo, Dem. Rep.","Congo, Rep.",Costa Rica,Cote d'Ivoire,Croatia,Cuba,Curacao,Cyprus,Czechia,Denmark,Djibouti,Dominica,Dominican Republic,Ecuador,"Egypt, Arab Rep.",El Salvador,Equatorial Guinea,Eritrea,Estonia,Eswatini,Ethiopia,Faroe Islands,Fiji,Finland,France,French Polynesia,Gabon,"Gambia, The",Georgia,Germany,Ghana,Gibraltar,Greece,Greenland,Grenada,Guam,Guatemala,Guinea,Guinea-Bissau,Guyana,Haiti,Honduras,"Hong Kong SAR, China",Hungary,Iceland,India,Indonesia,"Iran, Islamic Rep.",Iraq,Ireland,Isle of Man,Israel,Italy,Jamaica,Japan,Jordan,Kazakhstan,Kenya,Kiribati,"Korea, Dem. People's Rep.","Korea, Rep.",Kosovo,Kuwait,Kyrgyz Republic,Lao PDR,Latvia,Lebanon,Lesotho,Liberia,Libya,Liechtenstein,Lithuania,Luxembourg,"Macao SAR, China",Madagascar,Malawi,Malaysia,Maldives,Mali,Malta,Marshall Islands,Mauritania,Mauritius,Mexico,"Micronesia, Fed. Sts.",Moldova,Monaco,Mongolia,Montenegro,Morocco,Mozambique,Myanmar,Namibia,Nauru,Nepal,Netherlands,New Caledonia,New Zealand,Nicaragua,Niger,Nigeria,North Macedonia,Northern Mariana Islands,Norway,Oman,Pakistan,Palau,Panama,Papua New Guinea,Paraguay,Peru,Philippines,Poland,Portugal,Puerto Rico,Qatar,Romania,Russian Federation,Rwanda,Samoa,San Marino,Sao Tome and Principe,Saudi Arabia,Senegal,Serbia,Seychelles,Sierra Leone,Singapore,Sint Maarten (Dutch part),Slovak Republic,Slovenia,Solomon Islands,Somalia,South Africa,South Sudan,Spain,Sri Lanka,St. Kitts and Nevis,St. Lucia,St. Martin (French part),St. Vincent and the Grenadines,Sudan,Suriname,Sweden,Switzerland,Syrian Arab Republic,Tajikistan,Tanzania,Thailand,Timor-Leste,Togo,Tonga,Trinidad and Tobago,Tunisia,Turkiye,Turkmenistan,Turks and Caicos Islands,Tuvalu,Uganda,Ukraine,United Arab Emirates,United Kingdom,United States,Uruguay,Uzbekistan,Vanuatu,"Venezuela, RB",Viet Nam,Virgin Islands (U.S.),West Bank and Gaza,"Yemen, Rep.",Zambia,Zimbabwe
2001,,3.11,4.23,,,152.56,1.4,,3.15,2.88,4.41,2.65,1.55,2.04,-1.21,2.01,2.58,61.13,2.47,3.65,3.98,,3.41,1.59,,6.56,6.84,,0.6,7.36,5.01,9.3,3.35,-0.6,4.42,2.53,,12.43,,3.57,0.72,7.97,5.55,359.94,0.06,11.26,4.36,3.78,,1.79,1.97,4.66,2.34,1.75,1.3,8.88,37.68,2.27,3.75,8.83,,5.75,5.94,-8.24,,4.27,2.58,1.63,,2.14,4.49,4.65,1.98,41.51,,3.37,,3.14,,7.29,,3.35,2.63,13.32,9.67,-1.66,9.12,6.41,3.78,11.5,11.27,16.37,4.85,,1.15,2.79,6.8,-0.74,1.77,8.35,5.74,,,4.07,,1.3,6.92,7.81,2.49,,-9.62,,-8.81,,1.37,2.66,-1.98,7.92,22.7,1.42,0.67,5.19,2.93,,4.71,5.39,6.37,0.5,9.76,,6.28,,0.62,,21.1,,,2.69,4.16,,2.63,5.99,4.01,18.87,5.2,,3.0,-0.82,3.15,,0.31,9.3,7.27,1.98,5.35,5.41,4.37,,1.47,34.48,21.48,3.34,3.84,,9.22,-1.12,2.97,95.01,5.97,,1.0,,7.33,8.38,6.93,,5.7,,3.59,14.16,2.3,5.31,,0.9,1.94,38.59,2.41,0.99,3.0,38.59,5.15,1.63,,3.92,8.29,5.54,1.98,54.4,,,,1.87,11.96,,1.53,2.83,4.36,,3.58,,-0.43,,1.22,11.91,21.39,
2002,,7.77,1.42,,,108.9,2.41,,1.06,3.32,2.98,1.81,2.77,2.17,-0.5,3.33,0.13,42.54,1.65,4.24,2.49,,2.46,0.93,,8.03,8.45,,-2.31,5.81,2.18,-1.37,1.88,0.21,2.83,2.26,,5.19,,2.49,-0.73,6.35,3.53,31.52,4.38,9.17,3.08,1.67,,0.39,2.8,1.9,2.42,0.64,0.17,5.22,12.48,2.74,1.87,7.59,,3.57,12.02,0.68,,0.76,1.57,1.92,,0.04,8.61,5.59,1.42,9.36,,3.63,,1.07,,8.13,,3.3,5.34,7.03,7.69,-2.98,5.27,5.2,4.3,11.9,14.34,19.32,4.63,,5.77,2.47,7.08,-0.92,1.83,5.84,1.96,,,2.76,,0.89,2.13,10.63,1.94,,33.81,14.16,-9.8,,0.28,2.07,-2.64,16.5,14.74,1.81,4.18,5.03,2.19,,3.9,6.42,5.03,-0.11,5.3,,0.92,,2.8,,57.07,,,3.03,3.29,,2.68,3.75,2.63,12.88,2.31,,1.29,-0.28,3.29,-1.3,1.01,11.8,10.51,0.19,2.72,1.91,3.6,,0.24,22.54,15.79,1.99,8.05,,10.13,0.25,2.34,19.49,0.18,,-0.39,,3.13,7.48,10.93,,9.49,,3.07,9.55,2.04,-0.26,,1.86,22.22,15.53,2.16,0.64,-0.13,12.25,5.32,0.7,,3.06,10.36,4.15,2.72,44.96,,,,-0.29,0.76,,1.52,1.59,13.97,,1.96,,3.83,,5.71,12.24,22.23,
2003,,0.48,4.27,,,98.22,1.99,,4.72,3.66,2.73,1.36,2.23,3.03,1.59,5.67,1.62,28.4,1.59,2.32,1.49,,2.57,3.34,,9.19,14.71,,0.3,2.35,2.03,10.65,1.19,0.94,0.62,2.76,,-1.75,,2.81,1.13,7.13,3.8,12.87,-0.63,9.45,3.3,1.77,,1.63,4.14,0.12,2.08,1.98,1.45,27.45,7.93,4.51,2.12,7.32,,1.33,7.29,13.67,,4.17,0.88,2.1,,2.24,17.03,0.84,1.03,29.77,,3.53,,2.15,,5.6,,-3.5,5.98,28.7,7.67,-2.67,4.66,2.06,3.81,6.76,16.47,33.62,3.49,,0.7,2.67,10.09,-0.26,1.63,6.44,9.82,,,3.51,-1.08,0.96,2.97,15.49,2.94,,6.63,10.33,-2.19,,-1.13,2.05,-1.56,-1.7,9.58,1.09,-1.26,-1.35,1.3,,5.15,3.92,4.55,0.13,11.75,,5.13,,1.17,,36.59,7.14,,5.71,2.09,,1.75,5.3,-1.61,14.03,0.86,,2.49,0.23,2.91,0.92,0.39,14.71,14.24,2.26,2.29,0.68,3.22,,2.26,15.27,13.66,7.45,0.12,,9.79,0.61,-0.05,9.88,3.3,,0.51,,8.55,5.54,8.27,,5.68,,3.04,6.31,2.24,1.03,,0.21,6.49,23.0,1.93,0.64,5.8,16.3,5.3,1.8,7.17,-0.93,11.64,3.81,2.71,21.6,,,,8.68,5.18,,1.38,2.27,19.38,,3.02,,3.23,,4.4,10.83,21.4,
2004,,2.28,3.96,,,43.54,2.03,,6.96,2.53,2.34,2.06,6.71,0.98,2.35,7.59,1.39,18.11,2.1,6.39,0.87,,4.11,4.44,,6.95,6.6,,0.81,6.15,-0.4,8.18,-1.89,4.32,0.23,1.86,,-5.36,,1.05,3.82,5.9,4.47,3.99,2.43,12.31,1.46,2.06,,1.38,2.29,2.76,1.15,3.12,2.39,51.46,2.74,11.27,4.45,4.22,,3.05,3.45,3.33,,2.83,0.19,2.14,,0.41,14.21,5.66,1.67,18.04,,2.9,,2.31,,7.58,,0.88,4.67,21.03,8.11,-0.27,6.74,3.16,3.77,6.06,14.76,26.96,2.18,,-0.38,2.21,13.55,-0.01,3.36,6.88,11.62,,,3.59,-1.06,1.25,4.11,10.46,6.19,,5.02,7.83,-2.2,,1.16,2.23,0.98,13.96,11.43,1.42,-1.69,-3.1,2.79,,10.37,4.71,4.69,2.28,12.52,,8.24,,1.49,,4.53,4.14,,2.84,1.26,,2.29,8.47,0.26,15.0,-0.45,,0.45,0.62,7.44,4.96,0.47,2.16,4.32,3.66,4.83,3.38,2.37,,6.8,11.87,10.89,12.25,16.31,1.43,13.29,0.52,0.51,11.03,3.86,,1.66,,7.55,3.59,6.99,,-0.69,,3.04,7.58,2.31,1.46,,2.96,9.66,9.99,0.37,0.8,4.43,7.14,4.74,2.76,3.24,0.39,10.97,3.72,3.63,8.6,,,,3.72,9.05,,1.39,2.68,9.16,,1.42,,7.75,,3.0,12.52,17.97,
2005,12.69,2.37,1.38,,,22.95,2.1,,0.64,3.4,2.69,2.3,9.68,1.59,2.59,7.05,6.08,10.34,2.78,-1.1,5.36,,5.31,5.39,,8.61,6.87,,1.24,5.04,6.42,13.25,0.42,6.62,2.01,2.21,,7.89,,3.05,1.78,5.05,3.01,21.32,3.09,13.8,3.89,3.32,,4.12,2.56,1.86,1.82,3.1,1.68,4.19,2.17,4.87,4.69,5.63,,4.08,4.77,9.97,,2.37,0.62,1.75,,3.71,4.84,8.25,1.55,15.44,,3.55,,3.48,,9.11,31.37,3.33,6.93,13.97,8.81,0.83,3.56,3.99,4.25,10.45,13.43,36.96,2.46,,1.31,1.99,15.05,-0.28,3.49,7.58,10.31,,,2.75,-1.39,4.14,4.34,7.17,6.75,,3.44,10.83,2.65,,2.66,2.49,4.4,18.36,15.41,2.98,1.3,6.4,3.01,,12.13,4.94,3.99,4.26,11.96,,12.72,,0.98,6.43,9.37,2.28,,6.84,1.69,,3.04,9.6,7.8,17.86,0.53,,1.53,1.91,9.06,3.95,2.86,1.78,6.81,1.62,6.52,2.18,2.28,,8.81,9.01,12.69,9.01,1.86,1.69,17.15,0.48,1.71,16.12,0.91,,0.43,,2.71,2.45,7.33,,2.06,,3.37,11.64,3.38,3.9,,3.73,8.51,9.9,0.45,1.17,7.24,7.09,5.03,4.54,1.11,6.78,8.67,6.87,2.02,8.18,,,,8.45,13.57,,2.09,3.39,4.7,,1.2,,8.28,,4.11,11.81,18.32,
2006,6.78,2.37,2.31,,,13.31,1.79,,2.89,3.61,3.56,1.44,8.33,2.39,2.01,6.77,7.31,7.0,1.79,-7.11,3.78,,5.0,4.28,6.13,11.56,4.18,,0.16,7.26,2.33,2.75,5.37,5.81,5.12,2.0,,8.04,,3.39,1.65,4.29,3.37,13.05,6.54,11.47,2.47,3.19,,3.11,2.3,2.53,1.92,3.48,2.2,7.57,3.3,7.64,4.04,4.42,,4.44,5.3,12.3,,2.49,1.57,1.68,,-1.41,2.06,9.16,1.58,11.68,,3.2,,4.25,,6.56,34.7,1.95,6.68,11.35,5.58,2.0,3.93,6.69,5.8,13.11,10.02,53.23,3.94,,2.06,2.09,8.56,0.25,6.25,8.72,14.45,,,2.24,0.62,3.06,5.55,6.55,6.54,,6.07,7.34,1.46,,3.74,2.67,5.15,10.77,13.97,3.61,2.74,1.54,2.77,,6.24,8.91,3.63,4.64,12.78,,5.1,2.92,3.28,13.25,20.0,4.96,,6.92,1.1,,3.37,9.14,0.04,8.23,3.21,,2.33,3.54,7.92,4.43,2.46,2.37,9.59,2.0,5.49,1.28,3.11,,11.84,6.56,9.67,8.88,3.7,2.1,23.08,2.21,2.11,11.72,-0.35,,0.96,0.3,4.48,2.46,11.22,,3.24,,3.52,10.02,8.49,2.4,,2.74,7.2,11.28,1.36,1.06,10.02,10.01,7.25,4.64,3.94,2.23,6.15,8.33,3.23,9.6,,,,7.31,9.05,,2.46,3.23,6.4,,2.04,,7.42,,3.84,10.84,9.02,
2007,8.68,2.93,3.68,,,12.25,1.42,,4.41,5.39,2.33,2.17,16.7,2.49,3.26,9.11,4.03,8.43,1.82,2.32,1.3,,5.16,8.71,1.5,7.08,3.64,,0.97,8.4,-0.23,8.41,4.41,8.71,0.92,2.14,,-8.97,,4.41,4.82,5.54,4.47,16.95,2.65,9.36,1.89,2.9,,3.0,2.37,2.85,1.69,4.97,3.63,6.14,2.28,9.32,4.58,2.8,,6.6,8.08,17.24,,4.8,2.51,1.49,,5.03,5.37,9.24,2.3,10.73,,2.9,,3.86,,6.82,18.18,4.62,12.2,6.56,6.94,2.04,7.96,5.05,6.37,6.41,17.34,-10.07,4.89,,0.46,1.83,9.24,0.06,4.74,10.85,9.76,3.59,,2.53,4.36,5.48,10.23,4.66,10.09,,8.01,11.39,6.25,,5.74,2.31,5.57,10.29,7.95,2.03,6.79,1.41,1.25,,7.25,8.83,3.97,3.31,12.37,,9.63,4.35,2.04,8.49,35.02,6.55,,2.27,1.61,,2.38,11.13,0.05,5.39,2.25,,0.71,5.83,7.6,3.24,4.17,0.91,8.13,1.78,2.9,2.46,2.45,,13.76,4.84,9.01,9.08,5.58,2.5,18.55,4.17,5.85,6.39,5.32,11.65,2.1,4.43,2.76,3.66,7.67,,6.18,,2.79,15.84,4.48,2.82,,7.24,14.75,6.43,2.21,0.73,3.91,13.15,7.03,2.24,10.3,0.95,5.84,7.89,2.97,8.76,,,,6.14,12.84,,2.39,2.85,8.11,,3.94,,8.34,,1.86,7.91,10.66,
2008,26.42,3.32,4.86,,,12.48,5.33,,8.95,8.96,4.35,3.22,20.85,4.49,3.53,8.9,8.11,14.84,4.49,6.39,7.95,,8.33,14.01,7.43,12.7,5.68,,2.08,12.35,10.66,24.41,6.77,24.1,5.34,2.37,,10.3,,8.72,5.93,7.0,1.7,17.3,4.96,13.42,6.31,6.08,,6.88,4.67,6.36,3.42,11.96,6.36,10.64,8.4,18.32,6.71,6.55,,10.36,12.66,44.36,,7.73,4.07,2.81,,5.26,4.44,10.0,2.63,16.49,,4.15,,8.03,,11.36,23.07,10.46,8.1,15.28,11.4,4.3,6.04,12.69,8.35,10.23,25.41,12.66,4.04,,4.55,3.35,22.02,1.38,13.97,17.14,26.24,13.67,,4.67,9.35,10.58,24.52,7.63,15.4,,10.72,17.49,10.36,,10.93,3.4,8.61,9.3,8.71,5.44,12.04,9.17,4.26,,7.35,9.73,5.12,8.42,12.78,,27.96,8.76,3.71,14.5,26.8,9.09,,9.91,2.49,,3.96,19.83,11.31,11.58,8.33,,3.75,12.38,20.29,11.97,8.76,10.76,10.15,5.79,8.26,4.16,2.59,,15.05,7.85,14.11,15.44,11.57,4.29,31.99,9.87,7.35,12.41,36.96,8.21,6.63,-0.42,4.6,5.65,17.32,,10.07,,4.08,22.56,5.3,5.55,,10.07,14.3,14.67,3.44,2.43,15.75,20.47,10.28,5.47,9.06,8.69,10.45,12.03,4.35,10.44,,,,12.05,25.23,12.25,3.52,3.84,7.88,,4.84,,23.12,,9.89,18.98,12.45,
2009,-6.81,2.27,5.74,,,13.73,-0.55,,3.41,-2.14,1.77,0.51,1.46,2.06,2.8,5.42,3.64,12.95,-0.05,-1.1,0.9,,4.36,3.35,-0.38,8.03,4.89,,1.04,2.75,2.61,10.56,0.99,-1.24,3.04,0.3,,9.95,,0.35,-0.73,4.2,4.36,2.8,4.42,7.84,1.02,2.38,,1.75,0.33,1.02,1.3,1.68,0.01,1.44,5.16,11.76,1.06,4.69,,-0.08,7.45,8.48,,3.13,0.0,0.09,,1.89,4.56,1.73,0.31,19.25,,1.21,,-0.31,,1.86,4.68,-1.65,2.95,0.39,5.5,0.58,4.21,12.0,10.88,4.39,13.55,6.87,-4.45,,3.36,0.77,9.59,-1.35,-0.74,7.32,9.23,9.82,,2.76,-2.41,4.61,6.84,0.14,3.53,1.2,-16.86,7.43,2.46,,4.45,0.37,1.17,8.95,8.42,0.58,4.53,2.46,2.08,,2.22,2.52,5.3,6.39,-0.06,,7.62,3.47,0.97,3.79,1.47,9.45,,11.09,1.19,,2.12,3.69,0.58,12.54,-0.74,,2.2,3.47,13.65,1.44,2.41,6.92,2.59,2.94,4.22,3.8,-0.84,,-4.86,5.59,11.65,12.94,6.32,2.2,16.96,5.06,-2.25,8.12,31.75,7.47,0.6,5.96,1.62,0.84,7.09,,7.22,5.01,-0.29,3.46,2.06,-0.16,,0.42,11.26,-0.13,-0.49,-0.48,2.92,6.45,12.14,-0.85,0.67,3.71,1.43,6.98,3.66,6.25,,,,13.02,15.88,1.56,1.96,-0.36,7.06,,4.3,27.08,6.72,,2.75,5.41,13.4,
2010,2.18,3.63,3.91,,,14.47,3.37,,8.18,2.08,2.92,1.81,5.73,1.34,1.96,8.13,5.82,7.74,2.19,0.92,2.21,,7.04,2.5,2.0,6.95,5.04,,0.36,2.44,-0.76,6.49,2.08,4.0,1.28,1.78,0.28,-2.08,,1.41,3.18,2.27,3.35,7.1,0.39,5.66,1.23,1.03,,2.78,2.43,1.47,2.31,3.95,3.0,6.33,3.55,11.27,1.18,7.79,,2.97,4.51,8.15,,3.69,1.18,1.53,,1.46,5.05,7.11,1.1,10.73,,4.71,,3.44,,3.86,15.05,2.52,3.73,4.83,4.7,2.29,4.86,5.4,11.99,5.13,10.09,2.88,-0.92,,2.69,1.53,12.61,-0.73,4.85,7.4,3.96,-3.9,,2.94,3.48,4.5,7.97,5.98,-1.08,3.98,-2.41,7.29,2.8,,1.32,2.27,2.81,9.25,7.41,1.62,6.15,1.11,1.52,,6.28,2.93,4.16,3.31,7.48,,10.05,0.65,0.99,12.43,7.72,4.87,,9.33,1.28,,2.3,5.46,0.8,13.74,1.51,,2.42,3.26,12.94,1.44,3.49,6.01,4.65,1.53,3.79,2.58,1.4,,-2.43,6.09,6.85,-0.25,0.78,2.59,13.34,5.34,1.23,6.14,-2.4,7.19,2.82,1.34,0.96,1.8,1.05,,4.09,1.17,1.8,6.22,0.85,3.25,,0.75,12.98,6.94,1.16,0.69,4.4,6.45,6.2,3.25,6.77,1.45,3.53,10.55,3.34,8.57,,,,3.98,9.37,0.88,2.49,1.64,6.7,,2.76,28.19,9.21,,3.75,11.17,8.5,3.02
2011,11.8,3.43,4.52,,,13.48,3.46,,7.65,4.32,3.3,3.29,7.86,3.2,-0.4,11.4,9.43,53.23,3.53,1.6,2.7,,8.85,9.88,3.67,8.46,6.64,,0.14,4.22,2.76,9.59,4.47,5.48,2.94,2.91,1.33,2.03,,3.34,5.55,3.42,1.84,15.32,1.76,4.88,4.91,2.27,,2.33,3.29,1.92,2.76,5.07,1.13,5.8,4.47,10.06,5.13,4.81,,4.98,6.11,33.25,,7.28,3.42,2.11,,1.26,4.8,8.54,2.08,8.73,,3.33,,3.03,,6.21,21.32,5.05,4.98,6.33,6.76,5.31,3.93,4.0,8.91,5.36,26.29,5.8,2.55,,3.48,2.78,7.56,-0.27,4.16,8.45,14.02,1.5,,4.03,7.34,4.84,16.64,7.57,4.37,4.97,5.04,8.49,15.52,,4.13,3.41,5.81,9.48,7.62,3.17,11.27,2.96,2.96,,5.69,6.52,3.41,5.08,7.69,,8.41,3.45,0.91,11.17,5.02,5.01,0.3,9.23,2.34,2.43,4.03,8.08,2.94,10.83,3.9,,1.28,4.04,11.92,4.67,5.88,4.44,8.25,3.37,4.72,4.24,3.65,,1.14,5.79,8.44,3.08,5.24,2.9,14.33,5.83,3.4,11.14,2.56,6.79,5.25,4.58,3.92,1.8,7.34,,5.0,46.85,3.2,6.72,5.84,2.77,,3.19,18.1,17.71,2.96,0.23,4.75,12.43,12.69,3.81,13.5,3.56,6.27,5.11,3.24,6.47,,,0.5,16.56,7.96,0.88,3.86,3.16,8.09,13.78,0.87,26.09,18.68,,2.88,19.54,6.43,3.47
2012,6.44,2.03,8.89,,,10.28,3.38,,2.56,0.63,1.76,2.49,1.07,1.97,2.76,6.22,4.53,59.22,2.84,1.3,6.74,,10.92,4.52,2.05,7.54,5.4,,0.11,2.95,3.82,18.16,2.54,2.93,2.74,1.52,1.19,7.52,,3.01,2.62,3.17,6.31,9.72,5.01,4.5,1.3,3.41,,3.18,2.39,3.29,2.4,3.73,1.36,3.69,5.1,7.11,1.73,3.66,,3.93,8.94,23.6,,3.42,2.81,1.95,,2.65,4.25,-0.94,2.01,11.19,,1.5,,2.41,,3.78,15.23,2.13,2.39,5.02,5.2,4.05,5.65,5.19,9.48,4.28,27.26,6.09,1.69,,1.68,3.04,6.87,-0.04,4.52,5.2,9.38,-3.05,,2.19,2.48,3.26,2.77,4.26,2.26,6.58,6.05,6.83,6.06,,3.09,2.66,6.11,5.71,21.27,1.66,10.88,5.32,2.38,,4.9,3.85,4.11,5.02,4.55,,14.33,4.15,1.29,2.6,1.47,6.72,-0.12,9.46,2.46,1.75,1.06,7.19,0.46,12.22,3.32,,0.7,2.95,9.68,3.61,5.7,4.54,3.68,3.61,3.03,3.56,2.77,,2.32,3.33,5.07,10.27,2.05,2.83,10.64,2.87,1.42,7.33,7.11,6.59,4.58,4.02,3.61,2.6,5.91,,5.72,45.53,2.45,7.54,0.82,4.18,,2.6,35.56,5.01,0.89,-0.69,36.7,5.83,16.0,3.01,11.8,2.58,1.15,9.26,4.61,8.89,,,,12.68,0.57,0.66,2.57,2.07,8.1,13.21,1.35,21.07,9.09,,2.78,9.89,6.58,3.73
2013,7.39,1.94,3.25,,,8.78,1.06,,5.79,-2.37,2.45,2.0,2.42,0.72,3.3,7.53,1.81,18.31,1.11,0.51,0.43,,8.78,5.74,,5.88,6.2,,0.39,0.89,0.53,7.94,1.51,2.94,2.05,0.94,2.16,0.22,,1.79,2.62,2.02,-4.29,0.81,4.63,5.23,2.58,2.22,,1.33,-0.4,1.44,0.79,2.71,-0.05,4.83,2.72,9.47,0.76,2.95,,2.78,5.62,7.46,,2.91,1.48,0.86,,0.51,5.7,-0.51,1.5,11.67,,-0.92,,-0.04,,4.34,11.89,1.21,1.9,4.77,5.16,4.34,1.73,3.87,10.02,6.41,36.6,1.88,0.52,,1.57,1.22,9.34,0.34,4.82,5.94,5.72,-1.49,,1.3,1.77,2.68,6.61,6.37,-0.03,4.82,4.87,7.58,2.61,,1.05,1.73,5.5,5.83,27.28,2.11,3.81,-0.61,1.18,,4.13,3.54,3.81,1.75,4.6,,10.49,2.21,1.88,4.26,5.64,5.6,,9.04,2.51,1.28,1.13,7.14,2.3,8.5,2.79,,2.12,1.05,7.69,3.35,4.03,4.96,2.68,2.77,2.58,0.99,0.27,,3.22,3.98,6.75,5.92,0.61,1.6,8.11,3.53,0.71,7.69,4.34,5.52,2.36,2.53,1.4,1.77,5.39,,5.78,-0.06,1.41,6.91,1.11,1.47,,0.81,36.52,1.92,-0.04,-0.22,,5.01,7.87,2.18,10.99,1.83,0.78,5.2,5.32,7.49,,,,4.91,-0.24,1.1,2.29,1.46,8.58,11.84,1.46,40.64,6.59,,1.72,10.97,6.98,1.63
2014,4.67,1.63,2.92,,,7.28,1.09,,2.98,0.42,2.49,1.61,1.37,1.51,2.65,6.99,1.77,18.12,0.34,1.2,-0.55,,8.27,5.77,,4.4,6.33,,-0.21,-1.42,-0.26,4.41,-0.24,3.86,1.85,1.91,1.27,1.68,,4.72,1.92,2.9,,1.24,0.91,4.52,0.45,-0.22,,1.5,-1.35,0.34,0.56,1.34,0.8,3.0,3.59,10.07,1.14,4.31,,-0.11,5.68,6.89,,0.52,1.04,0.51,,4.69,5.95,3.07,0.91,15.49,,-1.31,,-0.98,,3.42,6.15,-1.51,0.85,3.44,6.13,4.42,-0.23,2.04,6.67,6.39,16.61,2.24,0.19,,0.48,0.24,8.27,2.76,2.9,6.85,6.88,2.1,,1.27,0.43,2.91,7.53,4.13,0.62,1.85,5.37,9.86,2.43,,0.1,0.63,6.05,6.08,23.79,3.14,2.12,0.88,0.31,,3.53,3.22,4.02,0.65,5.09,,12.25,-0.71,0.44,2.56,4.95,5.35,,8.36,0.98,0.18,1.23,6.04,-0.93,8.05,-0.28,,2.04,1.01,7.19,4.19,2.63,5.22,5.03,3.41,3.6,0.05,-0.28,,3.35,1.07,7.82,2.35,-0.41,1.11,7.0,2.24,-1.09,2.08,1.39,4.64,1.03,1.89,-0.08,0.2,5.17,,6.13,1.67,-0.15,3.18,0.25,3.52,,0.19,36.91,3.38,-0.18,-0.01,,6.1,6.13,1.9,0.85,0.19,2.51,5.68,4.63,8.85,,,,3.08,12.07,2.35,1.45,1.62,8.88,9.28,0.8,62.17,4.08,,1.73,8.1,7.81,-0.2
2015,-0.66,1.9,4.78,,,9.36,0.97,,3.73,0.47,1.51,0.9,4.03,1.86,1.85,6.19,-1.11,13.53,0.56,-0.86,0.22,,4.55,4.06,,3.06,9.03,,-0.49,-0.1,0.72,5.54,0.13,1.22,2.68,1.13,-2.35,4.38,,4.35,1.44,4.99,,0.74,3.17,0.8,1.25,-0.46,,-0.48,-2.1,0.31,0.45,-0.85,-0.84,0.84,3.97,10.37,-0.73,1.68,,-0.49,4.95,9.57,,1.37,-0.21,0.04,,-0.34,6.81,4.0,0.51,17.15,,-1.74,,-0.52,,2.39,11.78,1.48,-1.0,6.73,3.16,2.99,-0.06,1.63,4.91,6.36,12.48,1.39,-0.33,,-0.6,0.04,3.69,0.8,-0.88,6.68,6.58,0.57,,0.71,-0.54,3.27,6.5,1.28,0.17,-3.75,3.22,7.75,10.4,,-0.88,0.47,4.56,7.4,21.87,2.1,0.95,1.45,1.1,,3.25,1.29,2.72,-0.3,9.68,,5.74,1.55,1.56,3.55,9.45,3.39,,7.87,0.6,0.57,0.29,4.0,-0.58,9.01,-0.3,,2.17,0.07,2.53,0.95,0.14,6.0,3.13,3.4,0.67,-0.87,0.49,,1.81,-0.59,15.53,2.53,0.72,0.15,5.25,1.21,0.14,1.39,4.04,6.69,-0.52,0.33,-0.33,-0.53,-0.57,,4.54,52.77,-0.5,3.77,-2.3,-0.98,,-1.73,16.91,6.89,-0.05,-1.14,,5.71,5.59,-0.9,0.65,2.59,-1.05,4.66,4.44,7.67,,,,5.59,48.7,4.07,0.37,0.12,8.67,8.75,2.48,121.74,0.63,,1.43,,10.11,-2.43
2016,4.38,1.28,6.4,,,30.69,-0.49,,-1.4,-0.93,1.28,0.89,12.44,-0.35,2.79,5.51,1.28,11.84,1.97,0.66,-0.79,,3.22,3.62,,2.81,8.74,,-0.28,-0.8,0.44,5.56,-1.41,3.02,0.87,1.43,-0.63,-0.79,,3.79,2.0,7.51,,2.89,3.19,-0.02,0.72,-1.13,,-0.05,-1.43,0.68,0.25,2.74,0.14,1.61,1.73,13.81,0.6,1.41,,0.15,7.85,6.63,,3.86,0.36,0.18,,2.11,7.23,2.13,0.49,17.45,,-0.83,,1.65,,4.45,8.17,1.5,0.84,11.5,2.72,2.41,0.39,1.7,4.95,3.53,7.25,0.56,0.02,,-0.55,-0.09,2.35,-0.13,-0.78,14.36,6.3,1.92,,0.97,0.27,3.2,0.39,1.6,0.14,-0.78,6.6,8.83,25.85,,0.91,0.29,2.37,6.04,21.71,2.09,0.5,-1.8,0.64,,1.47,0.98,2.82,-1.04,6.36,,0.73,-0.27,1.64,17.42,6.93,6.73,,8.79,0.32,0.58,0.65,3.52,1.65,15.7,-0.24,,3.55,1.11,3.77,-1.04,0.74,6.67,4.09,3.56,1.25,-0.66,0.61,,2.68,-1.54,7.04,7.17,1.3,0.57,5.43,2.07,0.84,1.12,-1.02,10.89,-0.53,0.11,-0.52,-0.05,0.51,,6.57,380.0,-0.2,3.96,-0.69,-3.08,,-0.15,17.75,55.41,0.98,-0.43,,6.0,5.17,0.19,-1.47,1.29,2.58,3.07,3.63,7.78,,,,5.71,13.91,1.62,1.01,1.26,9.64,8.13,0.84,254.95,2.67,,-0.22,,17.87,-1.54
2017,4.98,1.99,5.59,,,29.84,2.43,,0.97,-1.03,1.95,2.08,12.94,1.52,1.39,5.7,4.66,6.03,2.13,1.15,0.04,,4.96,2.82,,3.31,3.45,,-1.26,2.06,1.48,16.05,0.78,2.91,0.64,1.6,,-1.54,,2.18,1.59,4.31,,,0.45,1.63,0.69,1.13,,1.59,0.53,2.45,1.15,0.57,0.3,3.28,0.42,29.51,1.01,0.74,,3.42,6.22,10.69,,3.35,0.75,1.03,,2.65,8.03,6.04,1.51,12.37,,1.12,,0.91,,4.42,8.91,1.69,1.9,10.68,3.93,1.49,2.35,1.76,3.33,3.81,8.04,0.18,0.36,,0.26,1.23,4.38,0.48,3.32,7.44,8.01,0.36,,1.94,1.49,2.17,3.18,0.83,2.93,4.32,4.45,12.42,25.8,,3.72,1.73,1.23,8.61,11.54,3.87,2.82,1.76,1.36,,2.25,3.67,6.04,0.58,6.57,,4.3,2.38,0.75,15.11,4.57,6.15,,3.63,1.38,,1.85,3.85,2.8,16.5,1.35,,1.88,1.59,4.09,1.42,0.88,5.42,3.6,2.99,2.85,2.08,1.37,,0.39,1.34,3.68,8.28,1.75,1.05,5.69,-0.84,1.32,3.13,2.86,18.22,0.58,2.19,1.31,1.43,0.49,,5.18,187.85,1.96,7.7,0.69,0.1,,2.15,32.35,22.0,1.79,0.53,,,5.32,0.67,0.52,-0.98,7.52,1.88,5.31,11.14,,,,5.21,14.44,1.97,2.56,2.13,6.22,13.88,3.08,,3.52,,0.21,,6.58,0.89
2018,0.63,2.03,4.27,,,19.63,1.21,,2.52,3.63,1.91,2.0,2.27,2.27,2.09,5.54,3.67,4.87,2.05,0.27,0.92,,2.72,2.27,,3.24,3.66,,1.03,2.81,1.96,-2.81,1.26,2.46,1.07,2.27,,4.27,,2.43,2.07,3.24,,,1.15,2.22,0.36,1.5,,2.58,1.44,2.15,0.81,0.15,0.99,3.56,-0.22,14.4,1.09,1.06,,3.44,4.82,13.83,,4.08,1.08,1.85,,4.75,6.52,2.62,1.73,7.81,,0.63,,0.8,,3.75,9.83,0.38,1.28,12.48,4.35,2.41,2.85,2.68,3.94,3.2,18.01,0.37,0.47,,0.79,1.14,3.74,0.99,4.46,6.16,4.69,0.56,,1.48,1.05,0.54,1.54,2.04,2.53,6.08,4.75,23.56,13.17,,2.7,1.53,3.0,8.59,12.42,0.88,-0.13,0.3,1.16,,3.07,3.22,4.9,1.5,3.05,,6.82,2.61,1.8,3.91,6.87,4.29,,4.06,1.7,,1.6,4.95,2.97,12.1,1.46,,2.76,0.89,5.08,2.11,0.76,4.37,3.98,1.51,5.31,1.81,0.99,,0.26,4.63,2.88,-0.31,4.2,,7.87,2.46,0.46,1.96,3.7,16.03,0.44,,2.51,1.74,3.46,,4.52,83.5,1.67,2.14,-1.04,1.94,,2.32,63.29,,1.95,0.94,,,3.49,1.06,2.29,0.93,5.03,1.02,7.31,16.33,,,,2.62,10.95,3.07,2.29,2.44,7.61,17.52,2.33,,3.54,,-0.2,,7.49,10.62
2019,2.3,1.41,1.95,,,17.08,1.43,,1.44,4.26,1.61,1.53,2.61,2.49,1.01,5.59,4.1,5.6,1.44,0.19,0.73,,2.73,1.84,,2.77,3.73,,-0.39,3.1,-3.23,-0.69,1.11,1.94,2.45,1.95,,-0.97,,2.56,2.9,3.52,,,2.21,2.1,-1.11,0.77,,2.62,0.25,2.85,0.76,3.32,1.5,1.81,0.27,9.15,0.08,1.53,,2.28,2.6,15.81,,1.77,1.02,1.11,,2.46,7.12,4.85,1.45,7.14,,0.25,,0.6,,3.7,9.47,0.25,2.09,18.7,4.37,2.88,3.34,3.01,3.73,3.03,39.91,-0.2,0.94,,0.85,0.61,3.91,0.47,0.76,5.33,5.24,-1.81,,0.38,2.68,1.09,1.13,3.32,2.81,3.01,5.19,,-2.16,,2.33,1.74,2.75,5.61,9.37,0.66,0.22,-1.66,1.64,,2.3,0.41,3.64,1.92,4.84,,7.3,0.36,0.3,2.8,8.83,3.72,,5.57,2.63,,1.62,5.38,-2.49,11.4,0.77,,2.17,0.49,10.58,0.27,-0.36,3.93,2.76,2.25,2.39,2.23,0.34,,-0.67,3.83,4.47,3.35,0.98,,7.72,-2.09,1.76,1.85,1.81,14.8,0.57,,2.66,1.63,1.63,,4.12,87.24,0.7,3.53,-0.33,0.54,,0.91,50.99,,1.78,0.36,,,3.46,0.71,0.96,0.67,1.18,1.0,6.72,15.18,,,,2.87,7.89,-1.93,1.74,1.81,7.88,14.53,2.76,,2.8,,1.58,,9.15,255.3
2020,,1.62,2.42,,,22.27,0.63,,1.21,,0.85,1.38,2.76,0.04,-2.32,5.69,,5.55,0.74,0.12,3.02,,5.63,0.94,,1.89,3.21,,1.94,1.67,1.88,7.32,0.61,2.94,2.44,0.72,,4.46,,3.05,2.42,2.53,,,1.8,0.72,2.43,0.15,,,-0.64,3.16,0.42,1.78,-0.73,3.78,-0.34,5.04,-0.37,4.77,,-0.44,,20.36,,-2.6,0.29,0.48,,1.35,5.93,5.2,0.14,9.89,,-1.25,,-0.74,,3.21,10.6,1.14,0.99,22.8,3.47,0.25,3.33,2.85,6.62,1.92,30.59,0.57,-0.33,,-0.61,-0.14,5.23,-0.02,0.33,6.72,5.41,2.55,,0.54,0.2,2.1,6.33,5.1,0.22,84.86,4.98,,1.45,,1.2,0.82,0.81,4.2,8.63,-1.14,-1.37,0.44,0.64,,2.39,2.58,3.4,0.55,3.77,,3.8,-0.26,0.71,3.48,,2.21,,5.05,1.27,,1.71,3.68,2.9,13.25,1.2,,1.29,-0.41,9.74,0.22,-1.55,4.87,1.77,2.0,2.39,3.37,-0.01,,-2.54,2.63,3.38,9.85,-1.57,,9.82,3.45,2.54,1.58,1.2,13.45,-0.18,,1.94,-0.05,2.96,,3.21,29.68,-0.32,6.15,-1.17,-1.76,,-0.63,163.26,34.89,0.5,-0.73,,,3.29,-0.85,,1.7,-0.35,0.6,5.63,12.28,,,,3.31,2.73,-2.08,0.99,1.23,9.76,12.87,5.33,,3.22,,-0.74,,15.73,557.2
