Access to electricity (% of population),"Adjusted net savings, including particulate emission damage (% of GNI)",Age dependency ratio (% of working-age population),Agricultural land (% of land area),"Agriculture, forestry, and fishing, value added (% of GDP)","Air transport, registered carrier departures worldwide","Annual freshwater withdrawals, total (% of internal resources)",Arable land (% of land area),"Birth rate, crude (per 1,000 people)",Cereal yield (kg per hectare),"Children out of school, primary, female","Children out of school, primary, male",Container port traffic (TEU: 20 foot equivalent units),"Contributing family workers, female (% of female employment) (modeled ILO estimate)","Contributing family workers, male (% of male employment) (modeled ILO estimate)",Crop production index (2014-2016 = 100),"Current account balance (BoP, current US$)","Death rate, crude (per 1,000 people)",Diabetes prevalence (% of population ages 20 to 79),Energy intensity level of primary energy (MJ/$2017 PPP GDP),Expense (% of GDP),Exports of goods and services (% of GDP),External debt stocks (% of GNI),"External debt stocks, total (DOD, current US$)","Fertility rate, total (births per woman)",Fertilizer consumption (kilograms per hectare of arable land),Fixed broadband subscriptions (per 100 people),Fixed telephone subscriptions (per 100 people),Food production index (2014-2016 = 100),Forest area (% of land area),Forest area (sq. km),Fuel exports (% of merchandise exports),GDP (current US$),GDP growth (annual %),"GNI per capita, PPP (current international $)","GNI, PPP (current international $)","Government expenditure on education, total (% of GDP)","Grants, excluding technical cooperation (BoP, current US$)",Gross savings (% of GDP),High-technology exports (% of manufactured exports),High-technology exports (current US$),"Immunization, DPT (% of children ages 12-23 months)","Immunization, measles (% of children ages 12-23 months)",Imports of goods and services (% of GDP),"Incidence of tuberculosis (per 100,000 people)","Industry (including construction), value added (% of GDP)","Inflation, consumer prices (annual %)","Intentional homicides (per 100,000 people)","Labor force participation rate, female (% of female population ages 15+) (modeled ILO estimate)","Labor force participation rate, male (% of male population ages 15+) (modeled ILO estimate)","Labor force, female (% of total labor force)","Labor force, total",Land area (sq. km),"Life expectancy at birth, female (years)","Life expectancy at birth, male (years)","Life expectancy at birth, total (years)",Livestock production index (2014-2016 = 100),Medium and high-tech exports (% manufactured exports),Medium and high-tech manufacturing value added (% manufacturing value added),Merchandise exports (current US$),Merchandise imports (current US$),Merchandise trade (% of GDP),Military expenditure (% of GDP),Mobile cellular subscriptions (per 100 people),"Mortality rate, under-5 (per 1,000 live births)",Net ODA received (% of GNI),Net ODA received per capita (current US$),Net acquisition of financial assets (% of GDP),"Net incurrence of liabilities, total (% of GDP)",Net lending (+) / net borrowing (-) (% of GDP),Net migration,Net official development assistance received (current US$),Permanent cropland (% of land area),Population ages 0-14 (% of total population),Population ages 15-64 (% of total population),Population ages 65 and above (% of total population),Population growth (annual %),Population in urban agglomerations of more than 1 million (% of total population),"Population, female (% of total population)","Population, total","Prevalence of HIV, total (% of population ages 15-49)",Prevalence of undernourishment (% of population),Price level ratio of PPP conversion factor (GDP) to market exchange rate,"Primary completion rate, total (% of relevant age group)",Proportion of seats held by women in national parliaments (%),Renewable energy consumption (% of total final energy consumption),"Renewable internal freshwater resources, total (billion cubic meters)","Revenue, excluding grants (% of GDP)",Risk of catastrophic expenditure for surgical care (% of people at risk),Risk of impoverishing expenditure for surgical care (% of people at risk),Rural population,Rural population (% of total population),"School enrollment, primary (% gross)","School enrollment, secondary (% gross)","School enrollment, tertiary (% gross)",Secure Internet servers (per 1 million people),Short-term debt (% of total reserves),Surface area (sq. km),"Technical cooperation grants (BoP, current US$)","Total debt service (% of exports of goods, services and primary income)","Total reserves (includes gold, current US$)",Trained teachers in primary education (% of total teachers),"Unemployment, total (% of total labor force) (modeled ILO estimate)",Urban population,Urban population (% of total population),"Vulnerable employment, female (% of female employment) (modeled ILO estimate)","Vulnerable employment, male (% of male employment) (modeled ILO estimate)",Gender Ratio Class
94.1,8.385,53.31,31.96,10.89,14225.0,1.77,9.1,21.07,1870.7,11816.0,12074.0,1619953.5,8.24,5.29,105.87,-1537682902.0,5.61,5.1,4.22,24.83,39.37,47.84,12494060703.0,2.36,191.12,4.1,4.52,108.7,56.65,63383.1,0.01,28144331507.0,12.57,5690.0,58446482549.0,5.81,366160000.0,18.27,1.45,21992491.0,77.0,81.0,64.01,30.0,25.82,4.48,2.455,49.4,75.29,39.43,4452659.0,111890.0,72.53,67.89,70.12,114.8,43.95,7.16,10247000000.0,15067000000.0,89.94,1.54,73.56,16.6,2.4,60.06,0.665,4.69,-4.13,-5779.0,617309997.6,5.36,30.57,65.23,4.2,1.54,14.45,49.5,10278345.0,0.2,18.7,0.44,97.09,27.34,45.9,90.66,20.955,8.55,13.9,4215972.0,41.02,99.91,95.23,55.27,113.54,22.02,112490.0,33130000.0,14.9,8666862381.0,94.645,7.94,6062373.0,58.98,47.88,29.05,1
100.0,8.385,35.62,19.67,5.31,7647.37,15.67,13.0,14.09,2438.5,11816.0,12074.0,1619953.5,1.85,1.7,94.11,-453449368.5,3.02,9.2,2.87,24.83,34.89,51.52,4099728200.0,1.69,110.08,14.82,2.71,94.83,2.73,8.2,0.06,5254366312.0,5.15,17110.0,8924352849.0,4.61,88890000.0,22.195,2.01,10421.0,96.0,97.0,42.61,38.0,9.19,0.54,2.455,40.67,76.17,44.875,251908.0,300.0,81.02,79.08,79.92,99.44,0.32,2.63,285000000.0,2573000000.0,54.39,1.495,135.4,6.0,2.36,60.85,0.665,4.69,-4.13,1189.0,112410003.7,3.33,21.72,73.74,4.54,1.36,21.72,50.355000000000004,521457.0,0.1,5.2,0.53,97.09,4.6,1.4,0.03,24.77,8.55,13.9,307128.0,58.9,99.91,95.23,55.27,1229.25,22.02,300.0,6200000.0,14.025,805808189.4,94.645,5.02,214329.0,41.1,32.28,14.65,1
100.0,8.385,52.37,45.46,8.79,11210.0,24.52,22.18,14.02,4557.2,11816.0,12074.0,1619953.5,15.43,2.33,117.02,-3284272218.0,7.36,11.3,1.67,24.83,16.92,51.52,13759708513.0,1.99,153.94,10.54,12.6,119.22,34.11,21098.6,1.93,88609332762.0,4.21,13990.0,310000000000.0,1.51,242270000.0,33.0,1.05,94328328.0,96.0,97.0,24.31,63.0,29.95,7.01,2.455,32.54,71.74,33.5,8694780.0,61860.0,79.5,73.11,76.4,128.88,10.04,9.02,12499000000.0,20637000000.0,37.4,1.89,141.29,6.7,0.18,6.96,0.665,4.69,-4.13,-563.5,154110000.6,1.63,23.21,65.63,11.16,1.08,21.72,51.82,22156000.0,0.1,5.3,0.28,98.56,5.38,48.8,52.8,20.955,8.55,13.9,17977378.0,81.14,96.87,91.01,55.27,482.49,22.02,65610.0,59050000.0,14.025,3136991506.0,94.645,5.26,4178622.0,18.86,39.95,39.84,1
100.0,8.385,54.135000000000005,70.34,6.56,15844.0,9.245000000000001,1.75,43.56,502.6,11816.0,12074.0,1619953.5,13.98,9.21,101.06,-319279309.5,11.6,6.5,6.57,24.83,15.57,42.99,4211181016.0,2.03,1.07,0.69,0.53,99.82,9.41,59032.5,3.38,9838711529.0,3.31,1460.0,24842809046.0,4.255,258655000.0,22.195,5.99,95210004.0,90.0,89.0,66.51,250.0,24.14,3.4450000000000003,2.455,52.455,69.39500000000001,31.37,3038348.0,627340.0,57.41,53.25,55.28,99.67,30.3,22.42,8031000000.0,10024000000.0,57.73,1.495,51.82,15.4,3.265,60.85,0.665,4.69,-4.13,-17071.0,480160003.65,0.05,47.25,50.15,2.6,3.15,13.99,49.87,17065581.0,0.4,5.2,0.39,97.09,24.36,95.4,6.0,20.955,8.55,13.9,9090664.0,53.27,99.91,95.23,55.27,5.33,22.02,637660.0,85430000.0,14.025,8424740406.0,94.645,6.035,7974917.0,46.73,60.22,39.39,1
100.0,8.385,78.82,31.27,9.1,1929.0,0.02,1.61,30.69,887.4,11816.0,12074.0,1619953.5,3.42,2.87,104.78,1715906879.0,7.06,5.5,6.72,24.83,52.84,57.96,8254233304.0,4.17,9.75,0.26,12.4,105.06,64.22,219310.0,3.38,14825690210.0,1.02,6070.0,35450234462.0,3.67,102960000.0,38.85,6.54,38829158.0,77.0,68.0,32.71,42.0,42.89,1.72,2.455,66.76,68.12,49.9,2306220.0,341500.0,64.94,62.12,63.52,105.77,47.46,2.42,7390000000.0,2352000000.0,65.71,2.48,96.79,43.2,1.43,34.96,0.665,4.69,-4.13,-4466.0,204020004.3,0.37,41.4,55.92,2.68,2.32,21.72,50.06,5835806.0,0.4,5.2,0.4,97.09,11.26,71.4,222.0,20.05,8.55,13.9,1850943.0,31.72,99.91,95.23,55.27,10.28,22.02,342000.0,27880000.0,14.025,828560334.6,94.645,6.035,3984863.0,68.28,88.17,61.94,1
100.0,8.385,86.11,75.37,23.36,74453.15,5.64,40.48,37.12,1619.2,11816.0,12074.0,1619953.5,10.16,5.59,118.31,-3254163170.0,13.08,3.6,6.57,24.83,34.89,51.52,13759708513.0,5.24,18.61,0.03,0.05,117.33,23.57,214636.5,3.38,441000000000.0,3.65,5510.0,70041413822.0,4.255,258655000.0,22.195,6.49,195947207.0,62.0,60.0,42.61,219.0,31.41,3.4450000000000003,2.455,51.73,65.35,43.81,4154629.0,910770.0,53.07,52.29,52.68,111.54,65.14,33.44,46871000000.0,51880000000.0,22.4,1.01,91.44,15.4,0.82,16.53,0.665,4.69,-4.13,-563.5,480160003.65,7.25,43.29,53.73,2.98,2.41,16.85,49.47,6719538.0,0.4,15.9,0.37,97.09,3.61,80.3,221.0,20.955,8.55,13.9,1735323.5,47.25,99.91,95.23,55.27,63.03,22.02,923770.0,62150000.0,15.01,40476363167.0,94.645,5.39,4022829.0,52.75,85.53,83.73,1
72.5,8.385,46.01,19.89,22.79,20653.34,3.31,16.84,17.1,3743.6,11816.0,12074.0,1619953.5,3.5999999999999996,1.81,98.9,-319279309.5,9.77,7.1,4.17,24.83,34.89,51.52,13758854822.0,2.15,38.66,1.67,0.98,80.46,43.29,20515.57,3.38,66345291160.0,5.15,5060.0,272000000000.0,4.255,258655000.0,22.195,5.07,305581286.0,90.0,89.0,42.61,42.0,37.31,3.4450000000000003,2.455,41.06,69.74,37.74,4154629.0,652670.0,69.0,62.55,65.67,105.97,30.3,22.42,15154000000.0,14327000000.0,44.44,1.495,126.27,41.5,2.31,28.0,0.665,4.69,-4.13,-563.5,480160003.65,2.31,24.88,68.49,6.63,0.7,21.72,50.22,53798084.0,0.9,3.8,0.24,97.09,15.29,62.9,32.15,20.955,8.55,13.9,1735323.5,68.55,99.91,95.23,55.27,12.57,22.02,676590.0,105700000.0,14.025,8424740406.0,94.645,4.34,16918421.0,31.45,63.91,61.89,1
86.3,8.385,68.72,55.39,19.66,13321.0,4.78,20.7,27.55,2360.5,11816.0,12074.0,1619953.5,11.46,4.65,131.73,-2541432817.0,7.63,2.6,2.88,24.83,30.06,58.05,13759708513.0,3.56,37.37,0.35,0.97,130.54,35.13,79929.33,3.38,79524421861.0,5.08,6340.0,208000000000.0,3.42,258655000.0,15.59,0.73,8559644.0,98.0,94.0,32.65,136.0,28.41,3.4450000000000003,2.455,64.85,71.77,48.03,14064388.0,227533.0,66.01,61.63,63.8,116.02,10.56,10.84,14727000000.0,13629000000.0,35.66,0.38,123.21,43.8,1.61,37.72,0.665,4.69,-4.13,-11253.0,480160003.65,1.63,37.25,59.27,3.48,2.01,18.42,50.12,32833031.0,0.4,4.9,0.37,97.09,14.55,39.0,30.3,14.93,5.0,13.9,13794798.0,42.02,97.9,75.31,55.27,49.52,22.02,238530.0,62150000.0,14.38,9916916900.0,94.645,3.34,19038233.0,57.99,77.87,62.37,1
100.0,8.385,45.56,39.43,12.6,15844.0,22.78,21.65,15.01,5947.1,11816.0,12074.0,1619953.5,18.52,9.04,109.24,-4628000000.0,7.32,6.1,3.85,24.83,34.89,40.26,13759708513.0,1.94,92.2,19.54,3.16,112.81,46.96,147189.9,0.98,366000000000.0,2.55,11600.0,70041413822.0,2.95,576900000.0,32.6,5.99,95210004.0,83.0,89.0,42.61,165.0,37.39,1.83,2.455,68.25,77.85,48.25,4154629.0,313429.0,78.24,69.12,73.62,131.19,58.32,39.93,8031000000.0,10024000000.0,57.73,1.495,138.87,20.6,0.15,5.4,0.665,4.69,-4.13,-992.0,526520019.5,1.63,22.55,68.7,8.75,0.84,18.38,50.61,6719538.0,0.3,5.0,0.31,97.09,30.26,24.2,32.15,20.955,8.55,13.9,1735323.5,61.95,99.91,96.07,38.87,3904.47,22.02,331340.0,62150000.0,14.025,8424740406.0,94.645,2.39,4022829.0,38.05,57.62,47.42,1
82.9,8.385,64.0,69.48,8.1,811.0,40.45,10.29,24.13,1432.4,11816.0,12074.0,1619953.5,2.28,2.12,105.66,125317735.1,11.36,4.6,3.91,24.39,44.05,51.52,1178834584.0,2.84,57.77,2.55,3.32,104.57,29.0,4987.7,1.18,4850842541.0,10.68,9440.0,11255085911.0,5.29,112770000.0,19.73,0.33,4198951.0,77.0,80.0,44.9,42.0,32.55,3.4450000000000003,2.455,47.21,53.88,47.37,391180.0,17200.0,61.25,53.37,57.07,100.3,17.63,2.23,2068000000.0,2123000000.0,86.4,1.78,120.05,51.6,2.79,104.87,0.665,4.69,-4.59,-4897.0,125029998.8,1.05,35.03,60.98,3.99,0.98,21.72,50.36,1192271.0,0.4,11.6,0.4,97.09,9.59,65.4,2.64,24.86,8.55,13.9,901726.0,75.63,99.91,95.23,55.27,88.91,22.02,17360.0,5190000.0,14.025,572281510.9,94.645,6.035,290545.0,24.37,40.73,27.69,1
97.7,8.385,84.6,58.74,6.56,2865.74,43.02,12.0,35.84,2099.0,11816.0,12074.0,1619953.5,3.5999999999999996,12.79,125.67,-319279309.5,7.34,10.9,2.94,24.83,14.34,51.52,3555784340.0,4.64,5.2,0.07,0.36,114.32,1.85,12084.4,3.38,14266499430.0,5.15,2150.0,86285361407.0,4.255,258655000.0,22.195,5.99,95210004.0,66.0,63.0,37.07,185.0,14.27,3.4450000000000003,2.455,52.455,67.7,44.875,9356574.0,652230.0,65.28,58.92,61.98,96.07,0.34,8.46,850000000.0,5308000000.0,43.16,1.83,56.55,59.6,3.265,116.97,0.665,4.69,-4.13,-563.5,480160003.65,0.34,43.42,54.17,2.4,2.85,21.72,49.49,40099462.0,0.1,5.2,0.17,97.09,27.02,20.0,47.15,20.955,8.55,13.9,1735323.5,73.69,99.91,95.23,55.27,39.03,22.02,652860.0,62150000.0,14.025,8424740406.0,94.645,11.93,10551772.0,26.31,90.84,78.62,1
100.0,8.385,84.01,35.03,28.53,15844.0,1.26,24.83,36.61,1408.6,11816.0,12074.0,1619953.5,0.86,0.62,129.62,-734659106.6,9.43,1.1,4.79,24.83,20.92,38.76,6821309315.0,4.97,40.71,0.15,0.09,121.75,27.36,30851.5,0.0,17687623530.0,7.16,3560.0,46230987531.0,3.2,587700000.0,23.4,2.7,1211677.0,76.0,68.0,27.14,53.0,16.47,1.73,2.455,54.8,67.5,45.15,4560387.0,112760.0,61.45,58.22,59.82,130.7,30.3,22.42,3642000000.0,4370000000.0,45.3,0.55,97.96,15.4,4.83,65.4,0.665,4.69,-4.13,1732.0,849979980.5,5.32,42.58,54.35,3.08,2.76,21.72,49.91,12996895.0,0.8,9.9,0.38,97.09,8.43,54.5,10.3,20.955,8.55,13.9,6632056.0,51.03,110.71,95.23,55.27,22.47,22.02,114760.0,78140000.0,16.77,8424740406.0,94.645,1.69,6364839.0,48.97,83.89,72.8,1
100.0,8.385,45.32,29.01,12.39,15844.0,9.245000000000001,9.68,13.7,1635.2,11816.0,12074.0,1619953.5,15.9,1.75,84.35,-319279309.5,6.44,9.1,9.32,24.83,22.84,51.52,10348874167.0,1.69,68.29,12.07,33.1,89.6,6.64,107656.3,3.38,359000000000.0,4.72,15040.0,70041413822.0,4.255,150230000.0,22.195,0.38,96091680.0,98.0,99.0,21.53,12.0,38.01,3.4450000000000003,2.455,52.455,67.62,44.875,4154629.0,91605.6,76.81,71.25,73.88,102.36,33.01,38.43,71646000000.0,49086000000.0,33.62,2.19,154.55,12.4,0.08,3.45,0.665,4.69,-4.13,-563.5,303769989.0,1.17,23.81,68.81,7.38,0.72,25.2,49.47,6719538.0,0.1,6.1,0.27,97.09,5.59,0.9,128.5,20.955,8.55,13.9,20798288.0,23.66,99.91,95.23,55.8,3128.53,22.02,100430.0,62150000.0,14.025,8424740406.0,94.645,9.28,4022829.0,76.35,38.83,39.8,1
100.0,8.385,62.09,80.14,5.97,15844.0,0.84,14.13,26.11,972.4,11816.0,12074.0,1619953.5,0.93,0.81,119.14,-194099832.7,14.19,4.6,3.99,24.83,45.35,51.52,1833103211.0,3.02,8.29,0.35,0.42,102.16,1.14,345.2,0.03,2406780519.0,1.85,2870.0,6543657989.0,4.255,149820000.0,16.9,0.07,535475.0,87.0,90.0,42.61,42.0,32.13,6.05,2.455,57.17,71.2,45.53,962878.0,30360.0,55.93,50.37,53.06,92.6,30.3,22.42,935000000.0,1824000000.0,114.63,1.56,79.83,15.4,6.53,78.55,0.665,4.41,-4.54,-1490.0,179199996.9,0.13,34.1,61.69,4.21,1.21,21.72,50.66,2281454.0,0.4,5.2,0.42,97.09,23.33,33.6,5.23,20.955,8.55,13.9,1608881.0,70.52,90.07,95.23,55.27,66.62,22.02,30360.0,4850000.0,14.025,798207194.3,94.645,6.035,672573.0,29.48,30.24,35.51,1
82.5,8.385,53.45,34.55,22.85,390.66,1.81,23.34,19.33,3565.6,11816.0,12074.0,1619953.5,21.37,9.67,131.19,-319279309.5,6.84,7.3,4.96,24.83,66.75,51.52,20050196517.0,2.34,49.58,1.98,0.24,124.71,44.83,79126.8,0.0,26961061152.0,3.03,4430.0,73412513745.0,3.01,507570000.0,33.71,2.98,454908154.0,87.0,83.0,62.36,282.0,36.83,2.92,2.455,70.15,82.31,47.25,8922729.0,176520.0,72.29,66.82,69.58,94.16,13.69,0.26,19307000000.0,28583000000.0,57.73,2.35,119.96,24.6,5.35,82.41,0.665,4.69,-4.13,-24262.0,480160003.65,2.71,29.3,65.17,5.53,1.17,21.72,50.5,16589023.0,0.5,4.8,0.35,94.66,21.6,52.4,120.6,18.15,8.55,13.9,12496843.0,75.33,108.74,95.23,55.27,170.23,22.02,181040.0,119990000.0,14.025,20269721098.0,94.645,0.4,4092180.0,24.67,60.98,45.2,1
97.9,8.6,60.85,43.04,9.3,48.0,3.04,14.5,21.12,2194.1,11816.0,12074.0,1619953.5,12.11,6.72,99.72,1890468140.0,6.5,13.1,4.42,24.83,17.71,51.52,13759708513.0,2.4,219.35,3.48,13.2,107.03,32.81,35162.0,2.71,86053083476.0,8.0,11810.0,202000000000.0,3.11,450460000.0,19.04,5.17,332469285.0,79.0,81.0,31.78,26.0,22.34,4.26,2.455,38.35,80.46,33.24,6764382.0,107160.0,72.65,66.01,69.24,118.58,24.87,22.4,13753000000.0,26607000000.0,46.9,0.4,125.65,22.9,0.61,29.96,0.665,4.69,-4.13,-563.5,512549987.8,1.63,32.93,62.17,4.9,1.48,17.44,50.5,17109746.0,0.2,13.3,0.42,97.09,19.38,62.1,109.2,20.955,8.55,13.9,8170759.0,47.76,103.81,95.23,55.27,126.01,22.02,108890.0,56750000.0,14.025,20934881435.0,94.645,2.17,8938987.0,52.25,52.52,36.82,1
91.8,8.385,67.56,8.36,6.02,15844.0,0.08,1.26,27.14,1587.6,11816.0,12074.0,1619953.5,1.3,0.59,105.3,-319279309.5,7.26,5.5,6.47,24.83,55.54,45.78,7806030500.0,3.49,28.25,2.65,1.33,104.82,91.27,235187.2,3.38,20217946921.0,1.47,16490.0,38608290592.0,2.7,46310000.0,22.195,1.48,40017534.0,75.0,64.0,18.95,42.0,50.92,1.09,2.455,37.8,54.34,39.77,688927.0,257670.0,68.49,63.49,65.82,102.67,10.09,5.39,8031000000.0,3646000000.0,57.76,1.54,134.32,39.9,0.58,42.09,0.665,4.69,-4.13,1516.0,98550003.05,0.66,36.42,59.68,3.9,2.1,21.72,49.07,2341179.0,0.4,23.0,0.44,97.09,16.2,91.3,164.0,20.955,12.8,13.9,224215.0,9.58,99.95,71.44,55.27,40.58,22.02,267670.0,28060000.0,15.31,8424740406.0,94.645,6.035,2116964.0,90.42,37.59,28.08,1
100.0,8.385,48.18,41.47,18.36,1471.0,2.96,21.89,10.24,5144.7,11816.0,12074.0,1619953.5,27.58,1.81,114.68,-1369694859.0,11.33,10.2,2.27,24.83,31.31,62.52,11054877742.0,1.39,92.2,19.63,6.94,104.92,28.79,7889.0,0.02,17930565119.0,8.91,16040.0,45086289512.0,3.02,264120000.0,17.15,0.42,6384226.0,98.0,87.0,44.71,15.0,20.75,2.04,2.455,51.79,65.74,44.31,1382433.0,27400.0,79.17,74.09,76.46,91.79,8.41,6.31,3559000000.0,7718000000.0,62.89,1.22,92.32,9.5,3.58,60.85,0.665,4.69,-4.21,-10612.0,633419982.9,3.2,16.28,67.48,16.23,-0.93,21.72,50.05,2811666.0,0.1,4.1,0.39,97.22,35.71,41.9,26.9,19.3,5.2,13.9,1041188.0,37.03,97.11,97.67,59.97,988.03,22.02,28750.0,104100000.0,14.54,5634561134.0,94.645,12.47,1770478.0,62.97,50.01,50.66,1
99.8,8.385,58.46,17.35,11.23,27650.0,9.245000000000001,3.16,21.52,1433.7,11816.0,12074.0,1619953.5,2.1,1.61,108.76,-4509654274.0,4.55,7.1,5.61,24.83,23.88,51.52,7378779147.0,2.89,20.68,9.33,11.4,104.83,0.82,19583.33,3.38,186000000000.0,3.8,14400.0,636000000000.0,5.51,112600000.0,38.67,5.99,95210004.0,81.0,79.0,23.39,54.0,36.32,7.23,2.455,52.455,62.92,44.875,12202063.0,91605.6,77.96,74.88,76.38,97.32,3.95,2.69,38637000000.0,37466000000.0,40.86,1.495,106.42,22.3,0.12,4.85,0.665,4.69,-4.13,-18797.0,214449996.9,0.41,30.71,63.11,6.18,1.66,21.72,49.08,44177969.0,0.1,2.5,0.29,99.75,8.11,0.1,11.25,20.955,11.0,13.9,11370967.0,25.74,107.0,95.23,54.21,62.93,22.02,100430.0,62150000.0,14.025,56211005199.0,94.645,13.61,4022829.0,74.26,24.18,27.86,1
100.0,8.385,68.98,48.61,16.32,15844.0,9.245000000000001,27.78,23.05,3062.55,11816.0,12074.0,1619953.5,5.01,3.54,96.72,-33413648.47,6.97,15.0,4.65,24.83,12.52,45.14,13759708513.0,3.24,11.35,6.46,10.3,97.52,12.43,89.5,3.38,469228219.7,-2.67,7180.0,760864597.4,4.93,94170000.0,22.195,5.99,95210004.0,99.0,99.0,60.84,7.6,15.92,5.64,2.455,42.22,64.56,41.19,36740.0,720.0,73.72,68.42,70.99,101.64,23.45,1.61,16000000.0,246000000.0,55.84,1.495,60.68,11.2,3.265,60.85,0.665,4.69,-4.13,-948.0,113069999.7,1.63,34.62,59.18,6.2,0.72,21.72,50.54,106017.0,0.4,5.2,0.66,99.06,0.0,1.8,32.15,20.955,8.55,13.9,81523.0,76.9,107.02,100.29,55.27,688.57,22.02,750.0,11190000.0,14.025,361811847.8,94.645,2.11,24494.0,23.1,35.88,39.08,1
100.0,8.385,50.76,40.28,6.71,12432.0,4.19,27.71,9.28,3018.7,11816.0,12074.0,1619953.5,0.02,0.02,89.63,2157306620.0,8.129999999999999,5.6,6.18,24.83,70.83,62.06,13759708513.0,1.48,169.37,35.01,46.8,101.55,43.27,87821.0,3.38,69673747132.0,2.44,26600.0,247000000000.0,4.61,63740000.0,29.66,6.02,922201805.0,98.0,98.0,65.18,28.0,32.14,3.4450000000000003,2.455,59.43,71.4,50.35,5014861.0,202950.0,77.7,67.3,72.37,110.96,36.27,37.78,39762000000.0,41387000000.0,116.47,1.12,122.78,2.7,0.21,15.02,0.665,4.69,-4.13,12961.0,139710006.7,0.47,16.84,66.33,16.83,-0.83,21.92,50.355000000000004,9302585.0,0.4,2.5,0.27,93.54,40.0,8.2,34.0,16.93,8.55,13.9,1868889.0,20.09,94.53,95.21,73.96,9313.43,22.02,207630.0,80760000.0,14.025,8424740406.0,94.645,3.9,7433696.0,79.91,2.63,5.28,2
73.7,8.5,57.5,45.63,1.79,2593.0,9.73,0.46,23.58,1002.4,11816.0,12074.0,1619953.5,2.97,3.0,104.94,-314582867.6,9.46,5.2,2.68,28.39,41.91,51.52,1981527906.0,2.79,59.27,5.55,3.91,98.28,26.71,151364.0,0.39,18750946600.0,11.92,16500.0,42718599230.0,4.255,90000000.0,30.9,0.33,23428722.0,95.0,97.0,46.84,228.0,33.04,7.24,2.455,59.26,69.35,47.33,1114453.0,566730.0,63.59,58.69,61.14,90.5,3.57,28.73,7420000000.0,8400000000.0,84.37,1.495,160.74,39.9,0.52,37.25,0.665,4.69,-4.13,1816.0,96430000.31,0.0,32.91,63.49,3.59,1.64,21.72,50.64,2588423.0,0.4,22.9,0.43,97.09,10.77,27.4,2.4,20.955,8.55,13.9,736148.0,28.44,93.72,70.02,55.27,311.0,22.02,581730.0,10320000.0,14.025,4801608912.0,94.645,6.035,1852275.0,71.56,29.25,28.48,2
100.0,8.385,54.74,8.8,16.07,2758.0,3.86,5.3,21.97,4158.2,11816.0,12074.0,1619953.5,32.01,1.81,104.6,446504970.5,6.61,6.2,4.25,24.83,34.89,51.52,19239005262.0,2.5,50.89,2.02,17.4,107.39,71.75,165610.0,3.38,18827148531.0,2.53,7650.0,56795189947.0,1.86,383870000.0,22.195,7.29,109835608.0,75.0,73.0,42.61,143.0,34.13,3.76,2.455,55.4,62.03,47.02,3008076.0,230800.0,70.08,66.15,68.06,105.97,13.82,3.77,7695000000.0,6275000000.0,74.2,1.495,64.96,41.8,3.24,77.53,0.665,4.69,-4.13,-10303.0,575679992.7,0.56,31.02,64.63,4.36,1.43,21.72,49.6,7425057.0,0.4,4.7,0.31,90.18,21.95,51.5,190.4,20.955,8.55,13.9,4682315.0,63.06,100.34,95.23,55.27,82.56,22.02,236800.0,97960000.0,14.025,1950518268.0,94.645,2.0,2742742.0,36.94,85.34,72.7,2
100.0,8.385,79.21,73.9,16.18,11812.0,1.51,11.01,33.93,2237.2,11816.0,12074.0,1619953.5,18.32,9.2,129.93,-2874116509.0,9.0,2.1,3.3,24.83,22.3,42.97,13759708513.0,4.42,45.88,1.13,0.9,119.97,8.57,27238.27,11.21,72794636654.0,7.06,6320.0,174000000000.0,3.33,588390000.0,19.05,3.86,56851004.0,76.0,68.0,22.82,128.0,22.1,4.09,2.455,56.55,71.61,43.5,10263449.0,318000.0,59.94,57.4,58.6,117.98,23.44,14.99,15334000000.0,13966000000.0,40.25,0.91,162.17,71.5,2.23,57.37,0.665,5.07,-4.13,-21000.0,480160003.65,1.63,41.8,55.8,2.4,2.46,19.49,49.5,27478249.0,0.4,7.7,0.41,97.09,14.17,58.2,76.84,20.955,8.55,13.9,13140099.0,47.82,92.72,95.23,55.27,60.88,22.02,322460.0,108140000.0,14.025,8424740406.0,94.645,2.59,14338150.0,52.18,81.35,63.55,2
100.0,8.385,43.29,26.09,9.57,83981.77,1.16,2.51,15.24,3824.3,11816.0,12074.0,1619953.5,6.47,1.96,97.74,-319279309.5,6.03,19.0,4.49,24.83,70.62,51.52,13759708513.0,1.8,92.2,10.89,24.1,102.8,58.02,190638.9,12.45,374000000000.0,3.3,29630.0,70041413822.0,4.26,61180000.0,25.99,5.99,95210004.0,95.0,96.0,63.39,97.0,37.72,2.48,2.455,52.33,78.57,39.02,16996006.0,328550.0,77.36,72.66,74.88,100.39,62.0,44.59,8031000000.0,10024000000.0,57.73,0.99,140.59,7.9,0.0,0.43,0.665,4.69,-4.13,-563.5,14390000.34,1.63,22.96,69.79,7.25,1.12,24.46,48.87,33573874.0,0.3,2.7,0.37,101.08,14.86,7.5,32.15,15.09,8.55,13.9,7488317.0,22.3,101.17,80.27,40.91,8166.98,22.02,330411.0,43640000.0,14.025,8424740406.0,94.645,4.64,26085557.0,77.7,24.65,19.76,2
100.0,8.385,56.57,72.01,11.81,6510.89,9.245000000000001,4.13,21.59,2096.2,11816.0,12074.0,1619953.5,3.29,1.87,125.31,-319279309.5,6.59,6.7,3.99,24.83,20.56,51.52,4850980367.0,2.67,241.91,4.08,11.3,112.29,8.78,41270.0,3.38,50007428571.0,6.2,16040.0,70041413822.0,3.85,24600000.0,22.195,5.99,95210004.0,97.0,97.0,12.5,47.0,37.12,3.4450000000000003,2.455,47.57,69.39500000000001,52.85,2013301.0,469930.0,72.66,65.87,69.26,113.87,30.3,22.42,9377000000.0,4022000000.0,26.79,1.495,98.63,41.4,0.06,4.53,0.665,4.69,-4.13,-4503.0,28709999.08,0.13,31.22,63.87,4.91,1.45,21.72,50.46,6341855.0,0.4,5.7,0.43,97.09,25.0,0.1,1.41,20.955,8.55,13.9,2980799.0,47.0,109.88,91.97,55.27,98.08,22.02,488100.0,7070000.0,14.025,8424740406.0,94.645,4.45,3361056.0,53.0,30.11,27.91,2
100.0,8.385,71.12,12.78,1.01,15844.0,18.23,11.21,6.6,6787.3,11816.0,12074.0,1619953.5,3.78,0.74,95.82,-319279309.5,11.7,6.6,3.25,21.64,18.13,51.52,13759708513.0,1.3,216.96,35.94,48.9,100.37,68.41,20515.57,1.35,28144331507.0,2.56,46680.0,70041413822.0,3.34,258655000.0,29.55,18.0,95210004.0,99.0,95.0,18.65,11.0,29.26,-0.23,2.455,53.55,71.31,44.6,4154629.0,364500.0,87.57,81.47,84.45,104.09,30.3,22.42,8031000000.0,10024000000.0,30.29,1.02,160.88,2.3,3.265,60.85,0.665,4.69,-4.13,-563.5,480160003.65,0.72,11.77,58.44,29.79,-0.46,21.72,51.4,6719538.0,0.4,3.2,0.9,97.09,9.68,8.8,32.15,20.955,8.55,13.9,10221684.0,8.13,102.22,102.16,63.17,597.575,22.02,377974.0,62150000.0,14.025,8424740406.0,94.645,2.83,4022829.0,91.87,7.53,8.62,2
100.0,8.385,50.78,8.72,1.42,9046.24,9.245000000000001,0.98,17.83,669.4,11816.0,12074.0,1619953.5,1.4,0.79,98.85,-319279309.5,6.02,8.7,5.26,24.83,68.79,51.52,13759708513.0,2.46,14.72,4.65,22.1,105.3,0.12,2170.0,3.38,47786789104.0,5.15,17930.0,121000000000.0,4.255,281860000.0,39.62,5.99,95210004.0,73.0,73.0,52.35,59.0,24.14,2.87,2.455,33.52,59.08,35.91,2222452.0,91605.6,74.4,69.63,71.91,118.22,6.34,16.06,33417000000.0,17432000000.0,106.41,1.495,111.96,10.7,0.73,51.01,0.665,4.69,-4.13,-696.0,343600006.1,0.19,28.86,66.32,4.82,1.21,17.37,49.38,6735277.0,0.2,8.4,0.39,97.09,15.96,3.1,0.7,20.955,8.55,13.9,1280107.0,19.01,99.91,95.23,55.27,164.66,22.02,100430.0,64360000.0,14.025,8424740406.0,94.645,6.035,5455170.0,80.99,8.81,15.2,2
100.0,8.385,56.27,19.04,0.67,15844.0,12.32,5.66,5.9,2968.8,11816.0,12074.0,1619953.5,0.72,0.13,107.54,-319279309.5,10.2,13.3,0.68,24.83,54.41,51.52,13759708513.0,0.91,92.2,23.64,22.3,91.37,56.01,4968.2,3.38,106000000000.0,0.39,27960.0,91214417324.0,4.255,258655000.0,22.195,5.99,95210004.0,90.0,89.0,42.33,0.6,50.48,3.4450000000000003,2.455,31.26,69.39500000000001,41.13,1142991.0,8870.0,84.52,75.87,80.16,83.5,30.3,22.42,8031000000.0,10024000000.0,57.73,1.495,112.44,15.4,3.265,60.85,0.665,4.69,-4.13,-7408.0,480160003.65,1.8,13.65,63.99,22.36,-0.58,21.72,52.76,3262693.0,0.4,5.2,0.8,97.09,23.78,2.6,7.1,20.955,8.55,13.9,209073.0,6.41,99.91,95.23,55.27,494.38,22.02,8870.0,62150000.0,14.025,8424740406.0,94.645,7.9,3053620.0,93.59,8.68,16.19,2
100.0,8.385,45.09,35.47,4.37,19350.0,3.05,4.76,11.87,4672.8,11816.0,12074.0,1619953.5,2.28,0.99,97.42,-2060747763.0,7.19,8.8,1.99,20.94,36.18,56.18,13759708513.0,1.53,92.2,20.92,9.95,101.32,59.76,30512.4,0.02,64960725734.0,7.94,22150.0,114000000000.0,6.25,132700000.0,14.41,16.97,1457228331.0,93.0,89.0,34.61,10.0,20.61,1.73,2.455,50.11,73.52,40.76,2529009.0,51060.0,79.81,74.42,77.02,113.15,55.38,14.16,15494000000.0,20728000000.0,55.76,1.495,152.01,7.9,0.13,15.39,0.665,4.69,-4.13,2084.0,79309997.56,7.21,20.55,68.92,10.53,0.6,27.56,49.97,5153957.0,0.5,3.0,0.53,99.08,45.61,34.2,113.0,16.83,10.7,12.3,957348.0,18.58,108.85,95.23,55.27,1689.58,22.02,51100.0,19140000.0,12.63,6921168831.0,94.645,15.14,4196609.0,81.43,22.07,26.67,2
100.0,6.37,49.95,13.16,3.94,15844.0,1.5,7.43,9.6,2705.4,11816.0,12074.0,1619953.5,0.32,0.35,111.37,-319279309.5,8.129999999999999,5.6,8.46,24.83,29.77,51.52,13759708513.0,1.51,25.33,23.74,16.4,111.63,49.78,20515.57,3.38,28144331507.0,5.61,38030.0,70041413822.0,3.99,258655000.0,30.34,9.73,95210004.0,97.0,97.0,20.43,47.0,31.4,6.69,2.455,55.28,70.44,48.56,4154629.0,91605.6,74.51,65.51,69.9,111.81,29.99,32.24,8031000000.0,10024000000.0,43.31,1.495,168.98,5.1,3.265,60.85,0.665,4.69,-4.13,-563.5,480160003.65,0.11,17.72,66.69,15.59,-0.34,23.47,50.355000000000004,6719538.0,0.4,2.5,0.32,97.09,16.22,3.5,32.15,19.77,8.55,13.9,1735323.5,25.07,101.91,93.34,54.95,16210.02,22.02,100430.0,62150000.0,15.89,8424740406.0,94.645,4.72,4022829.0,74.93,4.85,5.89,2
98.6,8.385,56.33,35.19,12.92,45832.2,0.73,4.49,21.84,2523.0,11816.0,12074.0,1619953.5,28.48,11.53,116.71,1580861017.0,9.95,5.5,3.89,24.83,27.83,40.7,16025613524.0,2.62,10.35,9.45,4.61,116.96,46.73,20515.57,3.38,40406111693.0,6.11,9110.0,110000000000.0,4.255,108850000.0,13.85,4.55,22371253.0,70.0,75.0,31.2,107.0,26.36,0.74,2.455,57.6,78.64,42.46,5664325.0,1083300.0,66.8,60.88,63.63,116.99,3.25,11.94,11030000000.0,9121000000.0,49.87,1.41,99.62,24.8,1.29,41.96,0.665,4.69,-4.13,-4666.0,506820007.3,0.23,31.12,63.97,4.91,1.19,21.72,49.84,12079472.0,0.4,19.4,0.36,97.09,46.15,12.8,32.15,20.955,8.55,13.9,3566464.0,29.53,98.86,91.5,55.27,241.65,22.02,1098580.0,62150000.0,14.22,4730168840.0,94.645,5.09,8513008.0,70.48,72.85,61.16,2
95.3,8.385,53.78,29.41,2.66,71789.0,0.89,7.62,17.69,3515.4,11816.0,12074.0,1619953.5,6.65,3.78,129.48,-778778854.8,6.07,8.2,1.41,24.83,41.11,51.52,13759708513.0,2.33,123.91,14.84,20.2,111.52,56.65,42024.23,0.18,67406738100.0,5.15,29210.0,127000000000.0,3.71,54470000.0,30.64,0.26,333800.0,87.0,92.0,37.66,42.0,26.22,1.63,2.455,50.42,74.49,40.76,1996749.0,74180.0,79.59,73.05,76.22,101.11,7.69,6.21,13161000000.0,20596000000.0,50.08,1.495,147.7,14.1,0.14,21.01,0.665,4.69,-4.13,5473.0,91400001.53,1.45,26.41,65.03,8.57,1.32,21.72,49.98,4351267.0,1.0,5.3,0.5,94.78,22.54,28.0,136.6,20.955,8.55,13.9,1358683.0,31.23,100.74,82.87,53.04,1546.45,22.02,75320.0,8610000.0,14.025,8832242051.0,94.645,10.45,2992584.0,68.78,34.92,39.71,2
100.0,9.44,71.03,21.71,3.28,20505.0,9.245000000000001,11.45,27.37,2729.6,11816.0,12074.0,1619953.5,14.28,3.41,127.72,-319279309.5,4.75,10.7,4.96,24.83,37.32,51.52,25341439233.0,3.5,55.18,14.83,5.9,127.65,1.9,8250.0,3.38,210000000000.0,1.5,12470.0,543000000000.0,4.255,258655000.0,22.195,5.99,95210004.0,78.0,75.0,24.18,24.0,24.14,6.04,2.455,52.455,69.17,44.875,10683686.0,434128.0,72.42,68.2,70.38,123.89,0.04,5.86,91514000000.0,50707000000.0,67.82,2.3,93.6,24.3,0.87,41.59,0.665,4.69,-4.13,-563.5,480160003.65,1.08,38.12,58.47,3.41,2.27,23.86,49.93,43533592.0,0.1,16.3,0.38,97.09,28.88,1.1,35.2,20.955,8.55,13.9,12572937.0,28.88,99.91,95.23,55.27,21.32,22.02,435050.0,62150000.0,14.025,64231022303.0,94.645,16.17,4022829.0,71.12,22.14,27.63,2
100.0,8.385,82.26,20.63,16.97,5017.0,0.4,13.12,34.94,1726.7,11816.0,12074.0,1619953.5,16.24,6.14,106.66,-1794494947.0,8.58,5.5,4.23,24.83,16.52,51.52,15373626443.0,4.46,13.39,2.23,3.22,104.44,42.91,202844.8,3.38,44993521774.0,3.34,4660.0,127000000000.0,2.83,558210000.0,13.95,2.15,5718462.0,69.0,62.0,20.23,164.0,24.5,2.27,2.455,66.7,75.15,47.5,11098782.0,472710.0,62.02,58.69,60.33,105.76,11.69,7.61,4317000000.0,6981000000.0,25.11,0.98,79.97,72.2,2.58,41.95,0.665,4.69,-4.13,-9889.0,1140959961.0,3.28,42.43,54.87,2.7,2.64,29.26,50.13,27198628.0,0.4,6.4,0.35,97.09,33.89,79.2,32.15,20.955,8.55,13.9,11383170.0,41.85,108.44,95.23,55.27,17.28,22.02,475440.0,62150000.0,14.025,4299788713.0,94.645,3.95,15815458.0,58.15,81.17,64.17,2
100.0,8.385,50.92,22.02,8.0,15996.0,2.24,4.12,16.82,4015.0,11816.0,12074.0,1619953.5,23.66,9.56,104.34,3097733032.0,6.72,4.4,3.26,26.66,27.0,55.57,13759708513.0,2.03,92.2,14.03,10.4,101.69,50.06,124335.6,3.38,107000000000.0,9.82,13240.0,236000000000.0,3.65,192050000.0,23.87,4.84,77485367.0,72.0,65.0,26.15,46.0,27.44,0.13,2.455,53.72,78.07,41.2,8652009.0,248360.0,77.46,70.26,73.67,94.55,7.0,13.49,26699000000.0,25690000000.0,48.76,2.24,94.34,12.6,0.28,16.9,0.665,4.69,-3.97,-563.5,300779998.8,5.73,26.1,66.26,7.64,1.18,27.78,50.07,17797737.0,0.4,13.9,0.45,93.94,39.42,18.9,32.15,23.32,8.55,13.9,6342935.0,35.64,98.21,95.23,55.27,429.04,22.02,256370.0,65550000.0,14.025,7912190380.0,94.645,4.55,11454802.0,64.36,61.83,45.19,2
99.8,8.53,57.27,46.49,4.37,464.0,24.17,32.24,8.5,5949.6,11816.0,12074.0,1619953.5,0.71,0.45,113.36,-1515830000.0,8.129999999999999,7.4,4.72,24.83,61.4,55.69,13759708513.0,1.58,131.06,32.77,11.5,109.51,35.98,39060.0,6.0,84041493016.0,7.66,28240.0,194000000000.0,4.73,258655000.0,20.11,10.92,95210004.0,89.0,89.0,59.57,17.0,20.85,3.3,2.455,49.03,62.0,46.13,3268751.0,108560.0,75.1,68.0,71.46,91.34,49.4,32.31,41157000000.0,46210000000.0,103.96,1.52,114.77,6.3,3.265,60.85,0.665,4.69,-4.65,-8716.0,480160003.65,1.37,13.99,63.58,22.42,-0.81,18.67,51.5,6877743.0,0.1,2.5,0.42,94.26,23.75,20.4,21.0,25.64,8.55,13.9,1648939.0,23.98,95.61,98.71,55.27,597.575,22.02,111000.0,62150000.0,10.97,39187742752.0,94.645,5.27,5228804.0,76.03,5.91,8.53,2
100.0,8.385,49.39,44.2,5.02,15844.0,0.86,19.69,8.42,4422.1,11816.0,12074.0,1619953.5,5.29,1.43,107.92,-418984246.9,8.129999999999999,9.1,5.89,28.11,42.57,55.89,13026483950.0,1.35,62.02,24.59,21.2,95.71,42.73,21879.1,8.54,23672712242.0,7.39,18160.0,59408516652.0,4.14,286250000.0,22.04,5.32,323354391.0,76.0,61.0,53.91,25.0,24.8,3.4450000000000003,2.455,39.63,60.57,40.61,1387825.0,51200.0,77.53,73.11,75.3,105.97,28.99,18.57,8614000000.0,13029000000.0,91.43,0.93,114.0,6.1,2.41,60.85,0.665,4.69,-4.13,-25865.0,564419982.9,2.11,14.92,66.94,18.14,-1.44,21.72,50.77,3270943.0,0.4,2.5,0.39,97.09,26.19,36.6,35.5,20.955,8.55,13.9,1654279.0,50.58,99.91,84.97,43.58,3925.17,22.02,51210.0,93620000.0,13.83,9475044026.0,94.645,14.9,1616664.0,49.43,21.76,17.22,2
100.0,8.385,52.15,67.87,12.0,50340.0,36.46,16.83,17.55,2329.0,11816.0,12074.0,1619953.5,3.5999999999999996,8.91,118.58,-3348692438.0,6.17,9.1,3.14,25.67,33.18,46.74,13759708513.0,2.33,55.29,6.15,6.8,116.58,12.89,57529.57,0.69,142000000000.0,8.02,8460.0,319000000000.0,5.64,546820000.0,28.22,4.3,1132107354.0,99.0,99.0,42.45,94.0,25.8,1.4,2.455,52.455,69.84,44.875,12285624.0,446300.0,76.4,71.89,74.04,112.1,61.95,41.23,35843000000.0,58034000000.0,66.2,1.495,137.46,17.9,0.69,26.06,0.665,4.96,-4.13,-563.5,966190002.4,3.99,26.85,65.72,7.42,1.05,22.07,49.66,37076584.0,0.1,6.3,0.44,100.3,22.78,10.9,29.0,24.25,8.55,13.9,13323470.0,35.94,99.91,82.18,42.82,600.97,22.02,446550.0,62150000.0,13.73,35648269520.0,94.645,10.54,23753114.0,64.07,54.66,44.02,2
100.0,8.385,58.33,23.09,1.97,15844.0,7.87,16.37,10.0,3502.4,11816.0,12074.0,1619953.5,0.3,0.1,101.94,-1002334986.0,14.0,6.5,3.73,24.83,34.89,51.52,13759708513.0,1.61,103.49,37.36,22.3,98.2,57.04,24384.0,6.84,36864792512.0,7.25,43940.0,58479129646.0,5.26,258655000.0,28.53,5.99,95210004.0,90.0,89.0,81.27,9.3,23.4,4.65,2.455,57.82,69.42,48.78,702984.0,42750.0,81.4,72.7,76.94,95.03,46.83,29.46,21560000000.0,23613000000.0,57.73,2.01,149.08,2.0,3.265,60.85,0.665,4.69,-4.13,2995.0,480160003.65,0.12,16.47,63.16,20.37,0.11,21.72,52.57,1330932.0,0.7,2.5,0.62,98.23,25.74,38.0,12.71,20.955,8.55,13.9,407066.0,30.59,98.81,113.01,73.15,597.575,22.02,45340.0,62150000.0,14.025,2371477145.0,94.645,6.18,923866.0,69.42,4.5,8.01,2
100.0,8.385,52.34,14.5,6.56,15844.0,9.245000000000001,4.85,15.145,3062.55,11816.0,12074.0,1619953.5,3.5999999999999996,1.81,104.94,-319279309.5,8.129999999999999,7.4,3.99,24.83,44.27,51.52,13759708513.0,2.03,92.2,11.86,20.3,105.58000000000001,85.5,171.0,3.38,750000000.0,-0.78,16040.0,70041413822.0,4.255,258655000.0,22.195,5.99,95210004.0,90.0,89.0,42.61,5.5,24.14,3.4450000000000003,2.455,52.455,69.39500000000001,44.875,4154629.0,200.0,75.7,69.56,72.54,105.97,30.3,22.42,310000000.0,884000000.0,57.73,1.495,111.96,15.4,3.265,60.85,0.665,4.69,-4.13,-1646.0,480160003.65,9.65,27.51,65.64,6.84,0.86,21.72,50.51,45035.0,0.4,5.2,0.44,97.09,23.78,0.4,32.15,20.955,8.55,13.9,5778.0,12.83,99.91,95.23,55.27,466.3,22.02,200.0,62150000.0,14.025,8424740406.0,94.645,6.035,39257.0,87.17,29.265,27.884999999999998,3
100.0,8.385,52.86,5.56,0.29,15844.0,9.245000000000001,5.56,7.7,3062.55,11816.0,12074.0,1619953.5,3.5999999999999996,1.81,104.94,962257799.4,11.3,13.0,1.52,24.83,48.68,51.52,13759708513.0,1.3,239.47,35.58,38.7,105.58000000000001,18.52,10.0,0.02,7286607000.0,5.42,16040.0,6220347841.0,1.88,258655000.0,22.195,8.07,1878816.0,90.0,89.0,23.52,3.6,5.3,3.4450000000000003,2.455,52.455,69.39500000000001,44.875,4154629.0,54.0,82.71,75.82,79.28,105.97,30.3,7.71,29000000.0,1055000000.0,14.88,1.495,105.94,15.4,3.265,60.85,0.665,4.69,-4.13,291.0,480160003.65,1.63,14.9,65.42,19.68,-0.2,21.72,51.76,63764.0,0.4,5.2,0.44,97.09,23.78,0.9,32.15,20.955,8.55,13.9,0.0,0.0,99.91,80.72,55.27,6257.45,22.02,4290.0,62150000.0,14.025,8424740406.0,94.645,6.035,63764.0,100.0,29.265,27.884999999999998,3
100.0,8.385,45.02,3.37,2.44,8802.0,9.245000000000001,0.33,16.8,3062.55,11816.0,12074.0,1619953.5,3.5999999999999996,1.81,102.55,-160167987.8,9.3,8.5,2.85,24.83,34.89,51.52,13759708513.0,2.46,92.2,33.56,15.3,105.58000000000001,73.26,337.0,0.0,1487173795.0,0.55,28720.0,2851007348.0,5.62,258655000.0,22.195,3.34,784869.0,94.0,94.0,42.61,12.0,11.75,3.4450000000000003,2.455,52.455,69.39500000000001,44.875,4154629.0,460.0,75.6,71.3,73.4,105.97,30.3,22.42,464000000.0,1133000000.0,107.38,2.78,172.67,14.7,3.265,60.85,0.665,4.69,-4.13,146.0,480160003.65,3.04,23.16,68.96,7.89,0.81,21.72,50.355000000000004,99258.0,0.4,4.3,0.5,97.09,22.86,1.7,32.15,20.955,8.55,13.9,41716.0,42.03,109.63,102.95,26.87,597.575,22.02,460.0,62150000.0,14.025,702584737.7,94.645,6.035,57542.0,57.97,29.265,27.884999999999998,3
100.0,8.385,50.16,32.31,0.17,15844.0,9.245000000000001,10.81,9.6,3062.55,11816.0,12074.0,1619953.5,3.5999999999999996,1.81,104.94,-319279309.5,6.9,6.1,3.99,24.83,34.89,51.52,13759708513.0,1.53,92.2,47.52,29.5,105.58000000000001,41.88,67.0,3.38,7710380086.0,5.15,16040.0,70041413822.0,4.255,258655000.0,22.195,5.99,95210004.0,90.0,89.0,42.61,42.0,40.2,3.4450000000000003,2.455,52.455,69.39500000000001,44.875,4154629.0,160.0,86.4,82.5,84.4,105.97,30.3,22.42,8031000000.0,10024000000.0,57.73,1.495,126.09,15.4,3.265,60.85,0.665,4.69,-4.13,231.0,480160003.65,1.63,14.55,66.59,18.86,0.73,21.72,50.43,39039.0,0.4,5.2,0.44,97.09,28.0,53.6,32.15,20.955,8.55,13.9,33390.0,85.53,102.11,118.73,46.02,597.575,22.02,160.0,62150000.0,14.025,8424740406.0,94.645,6.035,5649.0,14.47,29.265,27.884999999999998,3
98.1,8.385,52.74,51.1,5.67,3106.0,30.37,18.45,18.43,5232.0,11816.0,12074.0,1619953.5,2.92,0.93,119.04,-2685300000.0,6.68,10.5,2.11,24.83,21.75,49.02,13759708513.0,2.27,162.19,10.32,10.4,114.96,45.28,21521.9,0.77,94243425938.0,12.27,20830.0,232000000000.0,3.75,126520000.0,27.86,8.48,565390971.0,84.0,88.0,30.98,43.0,32.66,8.24,2.455,50.93,75.45,40.38,5101650.0,47531.0,76.29,69.3,72.62,106.86,30.3,22.42,12487000000.0,24282000000.0,39.01,0.65,87.56,33.2,0.5,40.33,0.69,4.69,-4.13,-14966.0,448420013.4,7.47,27.36,65.47,7.17,1.07,21.72,49.79,11117873.0,1.0,6.3,0.39,97.09,27.89,14.8,23.5,15.96,8.55,13.9,1866357.0,16.79,96.87,75.7,56.47,142.2,22.02,146839.31,15380000.0,16.72,13124643489.0,94.645,7.7,9251516.0,83.21,29.82,47.32,3
100.0,8.385,43.68,10.53,1.47,11513.0,8.76,4.87,11.69,1589.6,11816.0,12074.0,1619953.5,0.77,0.3,101.09,2629308365.0,9.13,12.7,3.99,24.83,34.89,51.52,13759708513.0,1.63,354.45,24.93,23.0,88.07,44.4,2277.7,3.38,24496505941.0,-1.04,27530.0,42000024373.0,3.0,258655000.0,22.195,0.1,5248961.0,94.0,93.0,42.61,13.0,39.96,2.06,2.455,46.35,62.54,43.58,668306.0,5130.0,76.4,69.66,72.97,82.81,56.28,39.38,8620000000.0,5749000000.0,58.66,0.89,130.88,15.9,3.265,60.85,0.665,4.69,-4.13,2632.0,480160003.65,4.29,19.3,69.6,11.1,0.49,21.72,50.66,1525663.0,1.1,12.2,0.58,97.09,26.19,0.5,3.84,20.955,8.55,13.9,713019.0,46.74,99.91,95.23,55.27,312.65,22.02,5130.0,62150000.0,14.025,6879594622.0,94.645,4.45,812644.0,53.27,13.83,25.94,3
100.0,8.385,54.135000000000005,38.53,6.56,15844.0,9.245000000000001,10.295,15.145,3062.55,11816.0,12074.0,1619953.5,3.5999999999999996,1.81,104.94,-319279309.5,8.129999999999999,6.2,3.99,24.83,34.89,51.52,13759708513.0,2.03,92.2,54.92,12.4,105.58000000000001,0.0,0.0,3.38,8626081321.0,5.15,16040.0,70041413822.0,1.42,258655000.0,22.195,5.99,95210004.0,99.0,88.0,42.61,0.0,12.54,3.4450000000000003,2.455,52.455,69.39500000000001,44.875,4154629.0,2.08,75.7,69.56,72.54,105.97,30.3,22.42,8031000000.0,10024000000.0,57.73,1.495,102.02,2.9,3.265,60.85,0.665,4.69,-4.13,206.0,480160003.65,1.63,12.81,51.22,7.855,-0.64,21.72,50.98,36686.0,0.4,5.2,0.44,97.09,33.33,20.2,32.15,20.955,8.55,13.9,0.0,0.0,99.91,95.23,55.27,16600.34,22.02,90.08,62150000.0,14.025,8424740406.0,94.645,6.035,36686.0,100.0,29.265,27.884999999999998,3
89.3,8.385,53.01,79.42,2.56,15844.0,46.63,9.89,19.82,5151.1,11816.0,12074.0,1619953.5,0.52,0.67,125.16,-319279309.5,11.43,10.8,6.57,24.83,31.11,41.12,13759708513.0,2.37,104.64,2.76,2.39,114.24,14.03,170136.9,8.68,420000000000.0,4.7,13900.0,70041413822.0,6.55,258655000.0,16.34,5.55,95210004.0,86.0,87.0,24.97,42.0,24.62,4.61,2.455,49.64,62.46,46.51,4154629.0,91605.6,65.0,59.46,62.34,104.22,45.35,24.43,8031000000.0,114000000000.0,56.55,0.81,168.92,34.7,0.25,17.54,0.665,4.22,-4.9,10934.0,1041569946.0,0.34,28.67,65.35,5.97,1.0,21.72,51.35,59392255.0,0.4,7.9,0.5,97.01,46.58,9.7,44.8,20.955,11.6,13.9,19096392.0,32.15,98.12,111.8,25.36,16628.14,22.02,100430.0,62150000.0,14.025,57597149617.0,94.645,6.035,4022829.0,67.85,27.5,24.23,3
100.0,8.385,41.2,33.33,16.96,15844.0,10.0,8.0,13.33,1655.5,11816.0,12074.0,1619953.5,3.5999999999999996,1.81,100.63,-182647499.9,8.99,11.7,3.03,24.83,34.89,51.52,13759708513.0,1.6,73.09,20.96,11.1,100.87,63.83,478.7,0.0,555266666.7,6.89,14490.0,1048917815.0,5.47,37100000.0,22.195,3.31,291177.0,92.0,88.0,42.61,16.0,12.17,1.48,2.455,52.455,69.39500000000001,44.875,4154629.0,750.0,76.3,69.73,72.81,102.28,30.3,22.42,20000000.0,230000000.0,45.02,1.495,85.86,31.7,3.265,60.85,0.665,4.69,-4.13,57.0,79069999.69,1.63,19.86,70.82,9.32,0.58,21.72,50.23,72412.0,0.4,6.7,0.53,97.09,34.38,8.8,0.2,20.955,8.55,13.9,20713.0,28.61,92.49,87.17,55.27,597.575,22.02,750.0,1140000.0,14.91,190843317.1,94.645,6.035,51699.0,71.4,29.265,27.884999999999998,3
97.5,7.68,56.16,42.54,10.07,71556.0,18.58,18.75,21.81,3834.8,11816.0,12074.0,1619953.5,10.0,4.33,105.11,-319279309.5,7.31,7.1,2.78,24.83,25.75,51.52,13759708513.0,2.75,232.03,8.51,4.13,100.25,24.23,72234.8,1.18,394000000000.0,5.71,9110.0,70041413822.0,3.87,501740000.0,20.2,5.99,95210004.0,90.0,57.0,37.73,42.0,28.89,3.93,2.455,44.03,68.74,38.73,4154629.0,298170.0,71.48,67.17,69.27,86.51,30.3,41.78,74618000000.0,10024000000.0,50.49,1.41,143.44,27.9,0.4,14.35,0.68,4.69,-4.13,-563.5,480160003.65,1.63,30.64,64.04,5.33,1.49,14.07,49.23,6719538.0,0.2,5.2,0.39,91.1,27.96,28.0,32.15,15.48,8.55,13.9,1735323.5,52.32,90.61,87.13,34.85,132.74,22.02,300000.0,62150000.0,12.2,8424740406.0,94.645,3.4,4022829.0,47.68,38.92,30.25,3
83.6,8.385,57.68,7.14,22.28,15844.0,9.245000000000001,2.86,20.78,1719.0,11816.0,12074.0,1619953.5,3.5999999999999996,1.81,122.83,-319279309.5,6.21,15.6,6.46,24.83,20.1,51.52,13759708513.0,2.71,0.47,5.38,6.27,119.16,92.07,644.5,3.38,390000000.0,2.8,4320.0,489227074.7,4.255,130640000.0,22.195,5.99,95210004.0,72.0,64.0,67.51,80.0,5.02,3.19,2.455,52.455,69.39500000000001,44.875,4154629.0,700.0,74.61,67.12,70.71,103.38,30.3,22.42,115000000.0,254000000.0,94.62,1.495,111.96,25.0,3.265,60.85,0.665,4.69,-4.13,-635.0,130759994.5,1.63,30.7,63.42,5.88,0.91,21.72,49.71,113131.0,0.4,5.2,0.89,97.09,7.14,2.1,32.15,20.955,8.55,13.9,87034.0,76.93,90.93,95.23,55.27,176.79,22.02,700.0,3300000.0,14.025,497434120.4,94.645,6.035,26097.0,23.07,29.265,27.884999999999998,3
100.0,8.385,48.42,71.3,10.89,33922.0,17.17,10.295,7.3,5454.6,11816.0,12074.0,1619953.5,0.18,0.2,121.71,-3882000000.0,8.129999999999999,5.6,6.89,26.57,40.69,51.52,13759708513.0,1.16,78.49,18.27,5.51,113.92,16.73,96960.0,1.13,200000000000.0,3.45,17520.0,725000000000.0,5.14,258655000.0,12.56,4.51,1283624066.0,78.0,88.0,42.01,81.0,23.15,3.4450000000000003,2.455,47.79,62.9,47.81,20311702.0,579400.0,74.36,65.16,69.65,90.72,32.24,28.35,68073000000.0,72843000000.0,70.54,1.495,135.03,8.2,1.14,50.5,0.665,4.69,-3.37,831.0,480160003.65,1.47,15.22,67.38,17.4,-0.81,21.72,50.355000000000004,43848986.0,0.4,4.8,0.27,97.09,20.8,8.9,55.1,23.53,8.55,13.9,13261249.0,30.24,91.15,84.65,75.91,9632.1,22.02,603550.0,62150000.0,15.18,30966674654.0,94.645,9.83,4022829.0,69.76,14.41,18.34,3
100.0,9.21,63.12,52.15,1.62,15844.0,12.34,32.79,11.0,7171.3,11816.0,12074.0,1619953.5,0.43,0.27,96.52,-319279309.5,9.8,5.3,3.23,23.84,30.03,51.52,13759708513.0,1.84,153.32,47.64,12.4,96.72,31.66,173364.0,3.2,28144331507.0,6.44,55020.0,70041413822.0,5.43,258655000.0,23.57,5.99,95210004.0,96.0,94.0,31.92,7.6,16.4,1.64,2.455,52.2,59.84,48.83,4154629.0,547557.0,85.5,79.3,82.32,96.97,62.59,51.7,8031000000.0,10024000000.0,43.93,1.92,116.69,4.1,3.265,60.85,0.665,4.69,-4.13,-563.5,480160003.65,1.85,17.37,61.3,21.32,0.29,22.86,51.66,6719538.0,0.3,2.5,0.81,97.09,39.51,16.2,200.0,16.88,8.55,13.9,12711228.0,18.76,102.58,104.52,69.94,597.575,22.02,549086.87,62150000.0,14.025,8424740406.0,94.645,7.87,4022829.0,81.24,6.63,8.68,3
100.0,8.385,47.81,11.11,6.56,15844.0,9.245000000000001,11.11,7.19,3062.55,11816.0,12074.0,1619953.5,3.5999999999999996,1.81,104.94,79257066.71,11.24,4.3,3.13,24.83,69.07,51.52,13759708513.0,1.18,3.86,17.66,32.5,105.58000000000001,2.33,4.2,0.03,3103184102.0,5.15,37070.0,3949220211.0,4.255,258655000.0,13.46,4.82,1171746.0,90.0,89.0,70.83,6.5,24.14,3.4450000000000003,2.455,52.455,69.39500000000001,44.875,4154629.0,180.0,77.32,71.8,74.63,105.97,30.3,22.42,123000000.0,1064000000.0,38.25,1.495,132.35,15.4,3.265,60.85,0.665,4.69,-4.13,501.0,480160003.65,1.63,16.8,67.66,15.54,-0.05,21.72,52.87,106537.0,0.4,5.2,0.76,100.94,23.78,8.8,32.15,20.955,8.55,13.9,59803.0,56.13,99.91,95.23,55.27,1661.39,22.02,180.0,62150000.0,14.025,1512960280.0,94.645,6.035,46734.0,43.87,29.265,27.884999999999998,3
100.0,8.385,51.59,37.95,0.63,15844.0,4.22,10.01,10.3,5515.8,11816.0,12074.0,1619953.5,2.35,1.88,80.53,-319279309.5,8.2,4.6,1.53,24.83,71.29,51.52,13759708513.0,1.52,177.19,47.94,34.5,94.38,32.21,12725.5,1.13,28144331507.0,5.39,16040.0,699000000000.0,5.04,258655000.0,35.25,14.24,95210004.0,96.0,95.0,58.97,4.7,25.58,0.58,2.455,62.23,72.68,46.8,4981500.0,39509.63,85.8,81.8,83.75,98.35,70.83,22.42,8031000000.0,10024000000.0,86.58,0.78,123.43,4.0,3.265,60.85,0.665,4.69,-4.13,-563.5,480160003.65,0.64,15.07,65.97,18.97,0.77,16.17,50.36,8704546.0,0.2,2.5,0.44,95.48,42.5,27.7,40.4,20.955,8.55,13.9,2263530.0,26.0,101.48,103.61,71.89,597.575,22.02,41290.7,62150000.0,14.025,8424740406.0,94.645,5.1,6441016.0,74.0,9.69,9.54,3
100.0,8.385,56.36,47.49,0.71,15844.0,24.11,33.37,9.6,6998.1,11816.0,12074.0,1619953.5,0.47,0.25,90.39,-319279309.5,12.3,6.9,2.7,24.83,47.28,51.52,13759708513.0,1.58,130.14,44.06,46.0,94.49,32.68,114190.0,2.6,28144331507.0,3.16,64330.0,70041413822.0,5.45,258655000.0,30.87,15.39,95210004.0,91.0,97.0,41.88,5.0,27.03,3.07,2.455,55.47,65.83,46.71,4154629.0,349390.0,83.3,78.4,80.79,97.06,72.23,22.42,8031000000.0,10024000000.0,71.48,1.33,127.56,3.6,3.265,60.85,0.665,4.29,-3.99,-563.5,480160003.65,0.58,13.87,63.96,22.17,0.04,21.72,50.66,6719538.0,0.1,2.5,0.83,100.97,34.92,17.6,107.0,20.955,8.55,13.9,18682511.0,22.46,101.35,101.2,75.67,597.575,22.02,357590.0,62150000.0,14.025,8424740406.0,94.645,3.64,4022829.0,77.54,4.12,5.1,3
95.5,8.385,47.18,19.6,5.97,1625.25,9.245000000000001,12.41,16.95,16.3,11816.0,12074.0,1619953.5,13.97,4.51,104.94,-250632065.1,6.03,2.1,2.45,24.83,23.85,51.52,2060326348.0,1.9,5.37,5.91,10.6,105.58000000000001,11.42,460.2,0.0,2051842610.0,7.03,6660.0,3915787459.0,6.04,66960000.0,17.57,2.04,134350.0,93.0,95.0,53.61,35.0,12.52,1.86,2.455,49.15,61.74,44.95,238872.0,4030.0,78.46,69.59,74.05,84.62,1.18,27.1,55000000.0,821000000.0,42.69,0.58,100.38,12.8,7.18,60.85,0.665,4.69,-4.13,-1274.0,145240005.5,0.99,26.61,67.95,5.44,0.9,21.72,50.28,587925.0,0.9,18.2,0.52,97.09,38.89,22.6,0.3,20.955,13.5,13.9,193416.0,32.9,96.4,86.49,55.27,569.8,22.02,4030.0,25330000.0,11.2,769650450.7,94.645,13.91,394509.0,67.1,44.74,26.96,3
99.5,8.385,43.11,28.64,6.56,15844.0,1.19,6.97,12.88,4477.4,11816.0,12074.0,1619953.5,3.16,1.32,115.35,-319279309.5,8.33,8.8,3.96,24.83,19.11,51.52,13759708513.0,1.64,92.2,19.84,13.8,112.13,59.27,20515.57,13.66,28144331507.0,4.76,17120.0,70041413822.0,5.5,231590000.0,17.16,9.0,95210004.0,68.0,73.0,18.55,49.0,22.12,8.3,2.455,52.31,72.79,43.14,4154629.0,91605.6,76.01,69.56,72.75,108.55,30.37,30.68,8031000000.0,10024000000.0,30.86,1.16,102.49,14.3,0.07,5.2,0.665,4.69,-4.14,-563.5,1114540039.0,0.93,20.54,69.88,9.58,0.53,21.72,50.87,6719538.0,0.6,4.7,0.44,97.09,15.2,46.5,32.15,27.33,13.1,18.3,1735323.5,12.68,103.47,106.65,56.83,3467.56,22.02,100430.0,62150000.0,14.025,8424740406.0,94.645,13.16,4022829.0,87.32,25.44,32.17,3
100.0,10.83,51.99,47.37,2.24,60781.0,17.29,36.19,8.8,4562.5,11816.0,12074.0,1619953.5,1.66,0.86,107.9,-319279309.5,13.8,6.8,3.42,24.92,57.7,51.52,13759708513.0,1.33,156.06,22.82,14.0,110.69,31.02,94950.0,2.21,28144331507.0,6.93,38630.0,70041413822.0,4.67,258655000.0,20.47,9.45,95210004.0,90.0,71.0,54.38,10.0,28.1,5.06,2.455,50.28,66.36,45.27,18519217.0,306100.0,79.6,71.6,75.5,113.64,53.42,32.89,8031000000.0,10024000000.0,100.2,2.22,132.06,4.4,3.265,60.85,0.665,4.69,-4.13,-2968.0,480160003.65,1.24,15.37,65.79,18.84,-0.4,21.72,51.64,37747124.0,0.1,2.5,0.45,97.09,28.32,15.2,53.6,24.17,8.55,13.9,15070539.0,39.93,96.6,110.53,72.21,597.575,22.02,312710.0,62150000.0,14.025,8424740406.0,94.645,3.36,22676585.0,60.08,12.02,18.74,3
100.0,8.385,48.98,23.26,1.91,15844.0,9.245000000000001,16.28,10.83,2759.3,11816.0,12074.0,1619953.5,0.07,0.07,90.63,-319279309.5,9.01,14.0,4.01,24.83,30.23,51.52,13759708513.0,1.63,37.2,36.35,42.9,89.53,14.65,63.0,4.66,4945276000.0,-1.18,14470.0,4067837443.0,4.86,258655000.0,22.195,17.16,19196509.0,82.0,77.0,39.64,0.41,12.63,3.4450000000000003,2.455,58.32,64.43,50.18,142587.0,430.0,79.36,75.63,77.57,89.16,27.75,38.11,350000000.0,1674000000.0,40.93,1.495,112.6,11.2,3.265,60.85,0.665,4.69,-4.13,-28.0,480160003.65,2.33,17.16,67.12,15.72,0.18,21.72,52.05,281200.0,1.0,2.5,0.44,100.24,20.0,5.5,0.08,20.955,8.55,13.9,193336.0,68.75,98.15,104.71,55.27,917.5,22.02,430.0,62150000.0,14.025,1672884485.0,94.645,9.42,87864.0,31.25,13.83,26.15,3
100.0,8.385,54.27,43.1,7.31,54218.0,12.91,15.42,13.9,5193.0,11816.0,12074.0,1619953.5,0.85,0.31,107.19,-319279309.5,8.96,5.4,3.39,24.83,18.0,51.52,13759708513.0,1.89,62.18,23.15,16.8,108.4,10.4,20515.57,2.64,28144331507.0,10.72,25560.0,70041413822.0,4.64,60920000.0,19.54,4.42,466425814.0,81.0,86.0,14.93,29.0,23.92,3.4450000000000003,2.455,50.28,70.87,42.53,21191985.0,91605.6,78.65,72.18,75.39,111.03,42.34,28.59,77935000000.0,63185000000.0,28.92,0.63,130.46,9.7,0.03,3.39,0.665,4.69,-4.13,2344.0,155259994.5,0.39,23.36,64.82,11.82,0.95,21.72,50.49,45808747.0,0.4,3.2,0.41,97.09,44.75,9.2,32.15,20.955,5.0,8.6,3559798.0,7.77,110.16,116.56,55.27,5060.91,22.02,100430.0,31000000.0,14.025,39653498611.0,94.645,8.74,4022829.0,92.23,22.68,24.99,4
100.0,8.385,53.66,44.36,0.95,15844.0,15.77,17.24,11.0,8252.2,11816.0,12074.0,1619953.5,0.09,0.06,101.0,-319279309.5,10.4,10.7,4.24,24.83,10.81,51.52,13759708513.0,1.66,128.74,37.01,28.6,104.57,33.87,20515.57,15.92,28144331507.0,5.8,71610.0,70041413822.0,5.43,258655000.0,17.93,19.9,95210004.0,94.0,92.0,14.45,2.6,17.67,4.7,2.455,55.59,67.04,46.15,4154629.0,91605.6,79.3,73.5,76.33,110.06,62.6,44.08,8031000000.0,10024000000.0,19.88,1.495,107.32,6.3,3.265,60.85,0.665,4.69,-4.13,-563.5,480160003.65,0.3,18.24,65.08,16.68,0.16,21.72,50.46,6719538.0,0.4,2.5,1.0,101.09,27.65,10.9,32.15,20.955,8.55,13.9,1735323.5,17.13,98.31,101.19,55.27,597.575,22.02,100430.0,62150000.0,14.025,8424740406.0,94.645,5.35,4022829.0,82.87,3.04,5.8,4
100.0,8.385,60.82,7.37,1.29,15844.0,1.45,6.22,11.0,5064.7,11816.0,12074.0,1619953.5,0.38,0.33,91.72,-319279309.5,8.8,5.0,3.49,24.83,46.5,51.52,13759708513.0,1.67,117.13,40.84,12.1,96.45,68.7,20515.57,6.95,28144331507.0,6.15,66040.0,688000000000.0,4.255,258655000.0,33.02,13.93,95210004.0,98.0,97.0,41.75,3.8,22.69,2.16,2.455,62.19,69.37,47.13,5638697.0,407283.54,84.9,81.3,83.06,99.69,58.3,51.21,8031000000.0,10024000000.0,58.87,1.19,124.35,2.5,3.265,60.85,0.665,4.69,-4.13,-563.5,480160003.65,0.01,17.71,62.18,20.1,0.6,15.9,49.63,10415811.0,0.4,2.5,0.97,99.82,46.99,57.9,171.0,20.955,8.55,13.9,1225108.0,11.76,99.91,95.23,55.27,597.575,22.02,528860.72,62150000.0,14.025,62053165557.0,94.645,8.72,9190703.0,88.24,4.46,8.77,4
100.0,8.385,51.12,31.48,1.22,15844.0,5.71,15.99,9.6,7112.4,11816.0,12074.0,1619953.5,1.17,1.14,100.74,-319279309.5,10.3,4.6,2.86,24.83,55.95,51.52,13759708513.0,1.48,128.57,29.25,42.5,100.48,47.29,39027.4,2.47,28144331507.0,4.24,64410.0,577000000000.0,5.49,258655000.0,29.31,11.02,95210004.0,86.0,99.0,55.03,5.0,26.07,2.77,2.455,56.1,66.44,46.93,4688653.0,82520.0,83.7,78.8,81.19,100.31,61.75,44.84,8031000000.0,10024000000.0,88.11,0.87,121.97,3.3,3.265,60.85,0.665,5.26,-4.13,-563.5,480160003.65,0.82,14.39,66.17,19.44,0.44,21.72,50.78,8955797.0,0.4,2.5,0.84,99.82,40.44,36.0,55.0,20.955,8.55,13.9,3672325.0,41.01,101.64,102.31,55.27,597.575,22.02,83879.0,62150000.0,14.025,33957000221.0,94.645,6.46,5283472.0,59.0,7.75,8.33,4
100.0,8.385,79.71,19.97,6.56,15844.0,0.07,5.19,31.29,1051.9,11816.0,12074.0,1619953.5,9.28,6.0,111.76,-101746128.3,8.84,2.1,3.99,24.83,34.89,56.1,1848648347.0,4.09,5.57,0.25,0.11,100.2,78.77,75871.8,3.38,3513049520.0,4.99,1460.0,7592740653.0,2.11,459710000.0,22.195,5.99,961787.0,66.0,58.0,42.61,42.0,18.22,3.4450000000000003,2.455,72.04,80.74,47.96,2338007.0,96320.0,62.07,59.41,60.75,103.2,30.3,22.42,881000000.0,1338000000.0,63.16,1.0,31.83,15.4,3.265,116.75,0.665,4.69,-4.13,-11862.0,606330017.1,2.08,41.01,55.65,3.34,2.06,21.72,50.22,5193416.0,1.0,5.2,0.43,97.09,10.96,93.2,200.0,20.955,8.55,13.9,2463081.0,47.43,99.91,95.23,55.27,6.74,22.02,111370.0,35780000.0,14.025,700828780.1,94.645,3.79,2730335.0,52.57,89.49,66.17,4
100.0,8.385,45.64,13.97,6.56,15844.0,9.245000000000001,0.72,12.76,3062.55,11816.0,12074.0,1619953.5,0.31,0.33,102.15,-319279309.5,5.38,7.4,2.6,24.83,13.1,51.52,13759708513.0,1.7,92.2,26.72,47.9,103.74,43.06,1494.6,0.06,6150640646.0,2.09,16040.0,70041413822.0,4.255,258655000.0,22.195,5.99,23343057.0,90.0,89.0,38.53,13.0,24.14,3.4450000000000003,2.455,49.61,62.13,44.05,133089.0,3471.0,82.63,76.98,79.49,107.91,30.3,22.42,119000000.0,1981000000.0,34.14,1.495,106.21,15.4,3.265,60.85,0.665,4.69,-4.13,-378.0,480160003.65,7.49,21.71,68.66,9.63,0.7,21.72,49.42,304032.0,0.4,5.1,0.44,97.09,23.78,7.4,32.15,20.955,8.55,13.9,115331.0,37.93,99.91,95.23,55.27,1476.82,22.02,3471.0,62150000.0,14.025,8424740406.0,94.645,12.49,188701.0,62.07,13.35,19.36,4
100.0,9.86,53.42,38.64,5.78,15844.0,3.02,2.34,11.48,3062.55,11816.0,12074.0,1619953.5,0.89,0.64,104.93,-319279309.5,6.83,6.2,3.77,24.83,22.34,51.52,13759708513.0,1.64,92.2,35.26,17.8,103.26,37.63,99085.27,1.19,254000000000.0,4.55,46920.0,240000000000.0,5.55,258655000.0,18.54,9.76,673724583.0,90.0,91.0,26.21,6.8,18.97,3.94,2.455,66.13,75.61,47.48,2934771.0,263310.0,84.0,80.5,82.21,102.49,18.53,21.63,44777000000.0,49855000000.0,37.31,1.17,113.96,4.7,3.265,60.85,0.665,4.69,-4.13,-563.5,480160003.65,0.28,18.89,65.18,15.93,0.41,21.72,50.44,5111300.0,0.1,2.5,1.03,97.09,49.17,28.9,32.15,20.955,8.55,13.9,675254.0,13.21,97.92,117.6,55.27,16060.69,22.02,267710.0,62150000.0,14.025,16113750240.0,94.645,3.78,4436046.0,86.79,16.06,21.87,4
100.0,8.385,57.32,65.45,1.09,15844.0,16.27,10.295,10.8,6355.0,11816.0,12074.0,1619953.5,0.43,0.3,96.3,-319279309.5,9.8,5.3,1.96,24.83,58.7,51.52,13759708513.0,1.72,132.62,44.96,12.4,102.97,15.73,6293.8,4.2,406000000000.0,6.84,72640.0,425000000000.0,7.0,258655000.0,33.11,13.77,95210004.0,97.0,95.0,52.01,3.8,19.59,1.85,2.455,58.07,67.11,46.95,3070703.0,40000.0,83.3,79.6,81.4,106.32,58.02,22.42,8031000000.0,120000000000.0,60.7,1.32,125.78,3.6,3.265,60.85,0.64,4.69,-4.13,-563.5,480160003.65,0.68,16.17,63.57,20.27,0.43,23.2,50.26,5856733.0,0.1,2.5,0.99,99.68,39.66,39.5,6.0,20.955,8.55,13.9,688752.0,11.76,100.31,95.23,55.27,597.575,22.02,42920.0,62150000.0,14.025,8424740406.0,94.645,5.04,5167981.0,88.24,3.83,6.92,4
100.0,8.385,53.6,80.39,7.94,15844.0,3.97,11.6,10.47,5499.4,11816.0,12074.0,1619953.5,1.15,0.6,91.17,-1499964173.0,12.16,9.0,2.94,24.83,31.98,51.52,13759708513.0,1.49,211.12,32.55,36.4,100.47,11.72,20520.0,5.65,60760798596.0,5.56,26280.0,90038825700.0,4.46,258655000.0,15.58,8.6,132818761.0,91.0,93.0,24.84,32.0,17.56,7.75,2.455,56.13,70.48,46.56,1738442.0,175020.0,79.26,71.65,75.44,105.97,23.97,19.46,9535000000.0,10320000000.0,32.68,2.1,136.92,6.8,3.265,60.85,0.665,4.69,-4.13,-1486.0,480160003.65,0.22,19.44,65.1,15.46,-0.08,21.72,51.57,3426260.0,0.6,2.5,0.61,100.5,24.24,57.8,92.2,20.955,8.55,13.9,150653.0,4.4,107.99,95.23,75.17,2470.04,22.02,176220.0,62150000.0,14.025,16962770287.0,94.645,9.3,3275607.0,95.6,23.29,26.79,4
100.0,8.385,57.67,71.16,0.71,15844.0,5.81,24.84,10.1,6966.8,11816.0,12074.0,1619953.5,0.39,0.33,90.1,-319279309.5,9.7,6.3,2.2,24.83,29.6,51.52,13759708513.0,1.56,240.94,41.11,47.1,100.53,13.22,31986.67,8.33,28144331507.0,8.67,53130.0,70041413822.0,5.9,258655000.0,17.46,5.99,95210004.0,93.0,91.0,29.75,8.0,16.61,2.52,2.455,58.35,66.15,47.86,4154629.0,241930.0,82.8,78.7,80.7,106.53,66.86,44.95,8031000000.0,10024000000.0,37.09,2.16,118.57,4.2,3.265,60.85,0.665,4.69,-4.13,-563.5,480160003.65,0.19,17.66,63.42,18.92,-0.08,27.43,50.6,6719538.0,0.4,2.5,0.89,99.45,34.26,12.2,145.0,20.955,8.55,13.9,10622327.0,15.85,102.04,113.68,77.08,597.575,22.02,243610.0,62150000.0,14.025,8424740406.0,94.645,4.83,4022829.0,84.15,10.0,16.73,4
100.0,7.98,51.54,52.48,2.73,15844.0,26.1,23.11,7.1,4227.4,11816.0,12074.0,1619953.5,0.49,0.34,114.78,-319279309.5,9.5,10.3,2.66,24.83,34.18,51.52,13759708513.0,1.19,161.05,34.93,39.9,116.79,37.17,185764.6,6.01,28144331507.0,6.4,43960.0,70041413822.0,4.87,258655000.0,22.35,9.39,95210004.0,92.0,95.0,33.21,8.2,20.32,3.09,2.455,52.58,62.53,47.08,4154629.0,499733.24,86.2,80.4,83.23,119.84,54.13,39.83,8031000000.0,10024000000.0,55.32,1.37,119.62,3.1,3.265,60.85,0.665,4.69,-4.13,-563.5,480160003.65,10.12,14.11,65.99,19.9,0.11,25.93,50.99,47415794.0,0.2,2.5,0.7,99.17,43.43,19.0,111.2,17.19,8.55,13.9,8982448.0,18.94,102.9,119.11,55.27,597.575,22.02,505964.59,62150000.0,14.025,8424740406.0,94.645,14.78,4022829.0,81.06,8.64,13.15,4
100.0,7.58,52.1,6.48,6.56,15844.0,1.27,4.35,9.7,3120.0,11816.0,12074.0,1619953.5,0.1,0.06,84.04,256504117.9,8.2,7.7,6.55,24.83,31.22,51.52,13759708513.0,1.44,126.06,41.69,31.7,95.47,39.47,20515.57,3.38,28144331507.0,5.29,55300.0,70041413822.0,4.75,258655000.0,23.29,15.05,95210004.0,92.0,90.0,31.21,5.7,24.14,3.4,2.455,60.62,69.62,47.12,20967796.0,91605.6,84.02,79.27,81.59,118.15,48.78,34.87,8031000000.0,10024000000.0,50.51,1.27,88.09,5.0,3.265,60.85,0.65,4.69,-4.02,-563.5,480160003.65,0.02,15.73,65.75,18.52,0.55,21.72,50.31,38239864.0,0.4,2.5,0.94,97.09,30.47,23.8,32.15,15.33,8.55,13.9,7015868.0,18.35,96.29,109.33,77.8,597.575,22.02,100430.0,62150000.0,14.025,8424740406.0,94.645,7.53,4022829.0,81.65,8.74,11.48,4
100.0,8.385,47.06,27.34,0.9,5635.0,9.245000000000001,24.38,8.5,3062.55,11816.0,12074.0,1619953.5,0.13,0.03,104.94,214463105.7,8.0,8.0,1.21,24.83,34.89,51.52,13759708513.0,1.13,148.66,42.18,49.2,105.58000000000001,1.44,4.6,7.27,18123718947.0,12.51,48070.0,24926597964.0,5.36,258655000.0,27.2,5.99,763239296.0,99.0,90.0,42.61,12.0,12.57,1.5,2.455,53.18,71.54,40.66,282572.0,320.0,84.3,80.8,82.51,95.55,64.39,28.96,3064000000.0,7133000000.0,56.26,0.5,123.38,5.8,3.265,60.85,0.665,4.69,-4.13,10408.0,480160003.65,2.97,13.13,68.0,18.87,0.62,21.72,47.99,518536.0,0.2,4.6,0.65,98.47,13.43,8.6,0.05,20.955,8.55,13.9,26912.0,5.19,95.41,103.09,73.02,6180.86,22.02,320.0,62150000.0,14.025,1149326794.0,94.645,3.4,491624.0,94.81,6.83,14.03,4
100.0,8.385,76.49,15.34,6.56,8552.0,9.245000000000001,1.64,29.44,609.3,11816.0,12074.0,1619953.5,1.44,1.38,84.58,-75450988.23,5.4,15.6,5.17,24.83,9.37,44.28,490856951.6,3.74,0.01,1.03,1.19,84.08,36.28,4423.0,3.38,950394006.5,-1.55,3440.0,1097825941.0,4.255,125980000.0,22.195,5.99,95210004.0,62.0,50.0,52.45,34.0,24.14,2.34,2.455,60.28,77.55,44.28,132628.0,12190.0,72.95,68.4,70.45,81.76,30.3,22.42,54000000.0,339000000.0,41.35,1.495,78.3,18.7,3.265,60.85,0.59,4.69,-4.13,-197.0,166899993.9,10.25,39.62,56.66,3.72,2.36,21.72,49.71,319137.0,0.4,9.5,0.99,99.25,0.0,24.6,10.0,20.955,8.55,13.9,237230.0,74.34,99.91,95.23,55.27,2701.03,22.02,12190.0,35440000.0,14.025,664751367.3,94.645,4.73,81907.0,25.67,62.62,54.43,4
100.0,8.385,72.16,3.74,2.88,1238.0,0.08,1.89,30.5,3062.55,11816.0,12074.0,1619953.5,8.76,3.27,103.56,-319279309.5,9.04,5.5,5.18,24.83,45.13,51.52,13759708513.0,4.27,18.39,0.1,0.64,102.85,86.99,24400.6,3.38,12215878033.0,0.86,13550.0,22154736585.0,4.255,14650000.0,22.195,5.99,95210004.0,90.0,53.0,31.84,275.0,50.39,-0.1,2.455,49.66,56.77,42.35,535701.0,28050.0,62.73,58.78,60.59,99.23,30.3,22.42,5700000000.0,1746000000.0,60.95,1.46,49.97,15.4,0.14,7.81,0.665,4.69,-4.13,6486.0,12770000.46,1.68,38.77,58.09,3.15,2.38,21.72,50.355000000000004,1634466.0,0.4,5.2,0.41,97.09,23.0,5.2,26.0,15.32,8.55,13.9,432136.0,26.44,99.91,95.23,55.27,21.41,22.02,28050.0,1730000.0,14.025,44271185.59,94.645,9.19,1202330.0,73.56,86.54,72.05,4
76.3,8.385,74.81,4.29,6.56,5488.64,9.245000000000001,0.82,29.79,1899.8,11816.0,12074.0,1619953.5,3.5999999999999996,1.81,108.11,-78191576.99,5.03,7.4,5.07,24.83,27.17,51.52,483164953.0,3.98,10.34,0.13,0.92,101.58,90.11,25222.4,3.38,1522794913.0,2.56,2750.0,1943893907.0,4.255,198850000.0,17.99,5.99,95210004.0,87.0,67.0,39.46,65.0,18.06,-0.12,2.455,52.455,84.64,48.56,357421.0,27990.0,71.96,68.93,70.35,101.19,30.3,22.42,371000000.0,526000000.0,58.9,1.495,66.96,18.9,3.265,60.85,0.665,4.69,-4.01,-808.0,264709991.5,3.18,39.34,57.21,3.46,2.38,21.72,48.9,707851.0,0.4,19.0,0.79,97.09,8.0,49.1,44.7,24.82,8.55,13.9,529982.0,74.87,99.91,95.23,55.27,100.3,22.02,28900.0,44210000.0,14.025,694515407.8,94.645,0.87,177869.0,25.13,75.31,53.63,4
100.0,8.385,66.94,29.74,1.26,23090.0,9.245000000000001,17.42,19.7,3353.4,11816.0,12074.0,1619953.5,0.04,0.02,94.81,-319279309.5,5.4,8.5,2.39,24.83,29.4,51.52,13759708513.0,3.0,265.38,29.71,39.1,101.44,6.47,1400.0,3.38,28144331507.0,8.61,45530.0,427000000000.0,6.18,258655000.0,29.27,5.99,95210004.0,98.0,99.0,25.8,2.8,17.17,1.51,2.455,59.68,67.06,47.79,4262382.0,21640.0,84.6,80.5,82.5,105.12,66.83,46.9,60159000000.0,92155000000.0,31.18,1.495,140.45,3.4,3.265,60.85,0.665,5.37,-4.45,16856.0,480160003.65,4.74,28.17,59.9,11.93,1.68,21.72,50.14,9371400.0,0.4,2.5,0.44,94.71,28.33,6.2,0.75,27.66,8.55,13.9,686549.0,7.33,96.25,96.93,58.99,13021.96,22.02,22070.0,62150000.0,14.025,8424740406.0,94.645,4.81,8684851.0,92.67,7.2,9.4,4
100.0,8.385,67.32,47.14,9.56,32.36,4.58,0.97,27.44,494.0,11816.0,12074.0,1619953.5,5.08,3.52,116.61,-1407426890.0,10.71,6.7,3.45,24.83,31.96,51.52,13759708513.0,3.3,3.73,3.18,3.27,96.06,7.98,65678.9,1.45,12402486184.0,3.6,10380.0,26257533218.0,4.255,151050000.0,22.195,0.07,639994.0,94.0,91.0,51.59,42.0,24.45,3.62,2.455,55.05,61.63,49.78,938865.0,823290.0,62.99,55.72,59.27,84.32,1.46,7.35,4417000000.0,6377000000.0,87.03,1.495,115.22,38.9,1.53,72.17,0.665,4.69,-4.13,-4301.0,182589996.3,0.01,36.21,59.77,4.03,1.64,21.72,51.74,2530151.0,0.4,17.1,0.45,97.09,44.23,30.0,6.16,20.955,12.4,13.9,1189044.0,47.0,99.91,95.23,55.27,273.5,22.02,824290.0,47940000.0,14.025,2763919782.0,94.645,6.035,1341107.0,53.01,39.16,25.49,4
98.8,8.385,50.94,0.5,8.9,373.0,0.62,0.37,18.15,4638.3,11816.0,12074.0,1619953.5,5.59,3.56,79.9,176057908.1,8.67,12.7,4.74,24.83,34.89,51.52,4139440483.0,2.35,175.48,19.9,19.4,87.81,97.33,151840.43,3.32,3081401726.0,-2.44,16090.0,9865121681.0,4.13,20080000.0,22.195,4.63,5291087.0,72.0,58.0,42.61,29.0,38.03,3.4450000000000003,2.455,44.23,63.88,41.45,243125.0,156000.0,73.55,67.21,70.27,125.22,36.06,11.53,2291000000.0,1381000000.0,119.17,1.495,147.83,17.2,1.07,46.95,0.665,4.69,-4.13,-492.0,28780000.69,0.03,26.48,66.25,7.27,0.97,21.72,50.18,612985.0,0.4,9.0,0.27,97.09,29.41,14.5,99.0,20.955,8.55,13.9,207072.0,33.78,97.55,95.23,55.27,5339.45,22.02,163820.0,3580000.0,14.025,992256911.9,94.645,8.46,405913.0,66.22,18.51,20.87,4
92.9,8.385,53.56,5.3,13.46,624.0,0.6,2.13,20.3,5442.6,11816.0,12074.0,1619953.5,5.63,1.75,97.56,-2503315525.0,9.99,11.7,2.8,24.83,34.89,51.52,1889705076.0,2.4,60.89,11.65,15.3,102.85,93.5,184061.33,3.38,8041362110.0,5.15,21900.0,17621818093.0,4.255,40430000.0,22.195,0.22,139915.0,98.0,95.0,42.61,64.0,50.39,5.03,2.455,39.33,60.22,41.26,283296.0,196850.0,69.1,62.48,65.67,139.31,30.3,22.42,4356000000.0,4376000000.0,108.59,1.0,106.39,27.5,1.83,60.85,0.665,4.69,-4.13,-4316.0,138809997.6,0.15,28.71,65.12,6.16,0.92,21.72,51.07,804567.0,0.4,2.5,0.43,97.09,35.71,13.2,241.0,20.955,8.55,13.9,588163.0,73.1,99.72,85.52,55.27,65.87,22.02,214970.0,5350000.0,14.025,790784502.1,94.645,14.93,216404.0,26.9,30.38,27.92,4
88.8,8.385,60.38,75.77,27.82,5705.0,9.245000000000001,25.38,20.11,820.4,11816.0,12074.0,1619953.5,2.26,0.76,100.49,-319279309.5,5.12,14.9,3.99,24.83,24.8,58.77,5028598332.0,2.75,3.86,7.29,13.0,100.59,2.84,5220.8,3.38,8980060819.0,1.3,2780.0,59290128975.0,4.255,258655000.0,22.195,5.99,95210004.0,90.0,59.0,73.06,18.0,28.91,3.4450000000000003,2.455,52.455,60.91,44.875,5281602.0,183630.0,75.18,69.06,72.06,99.41,22.69,21.52,3914000000.0,6136000000.0,111.91,1.495,79.68,21.6,3.265,60.85,0.665,4.69,-4.13,-563.5,480160003.65,5.81,33.02,62.35,4.62,2.62,27.23,49.91,21324367.0,0.1,5.2,0.14,97.09,11.2,1.1,7.13,20.955,8.55,13.9,9356279.0,43.88,99.91,95.23,55.27,47.08,22.02,185180.0,62150000.0,14.025,8424740406.0,94.645,14.8,11968088.0,56.12,9.16,40.42,5
100.0,8.385,36.86,38.53,6.56,6773.0,9.245000000000001,10.295,10.11,3062.55,11816.0,12074.0,1619953.5,0.22,0.03,102.6,2682667730.0,4.11,7.8,0.85,24.83,34.89,51.52,13759708513.0,1.09,92.2,29.62,14.3,105.58000000000001,30.27,20515.57,3.38,30969334705.0,5.15,73470.0,50445191299.0,5.11,258655000.0,31.48,0.0,0.0,90.0,89.0,76.75,57.0,7.69,0.03,2.455,63.54,73.64,50.22,399806.0,33.0,87.95,82.82,85.4,105.97,0.22,6.06,1620000000.0,19219000000.0,67.29,1.495,185.66,15.4,3.265,60.85,0.665,4.69,-4.13,4004.0,480160003.65,1.63,14.61,73.06,12.32,1.52,21.72,50.355000000000004,686607.0,0.4,8.0,0.61,95.78,23.78,13.6,32.15,21.99,8.55,13.9,0.0,0.0,89.07,88.55,55.27,5138.31,22.02,33.0,62150000.0,14.025,26664872000.0,94.645,2.25,686607.0,100.0,2.06,4.7,5
99.8,8.385,52.53,19.0,6.46,20.0,9.245000000000001,0.66,11.4,3193.4,11816.0,12074.0,1619953.5,3.29,1.6,96.94,-541201377.2,14.8,9.1,3.53,24.83,42.83,51.52,9235152250.0,1.75,311.96,31.18,31.4,101.3,61.49,8270.0,3.38,5861427505.0,13.04,25020.0,15490196260.0,4.255,64540000.0,17.43,9.44,13067233.0,83.0,89.0,62.2,14.0,14.84,2.41,2.455,47.81,61.79,45.59,276234.0,13450.0,77.0,70.8,73.82,104.19,29.18,14.86,515000000.0,2956000000.0,59.22,1.56,178.4,2.9,2.23,60.85,0.665,4.69,-4.13,-101.0,133179992.7,0.41,18.18,65.56,16.26,-0.34,21.72,51.28,619211.0,0.1,2.5,0.39,99.21,24.69,39.6,32.15,20.955,8.55,13.9,199225.0,32.17,104.4,93.16,57.96,928.6,22.02,13810.0,39780000.0,14.025,1981678245.0,94.645,16.54,419986.0,67.83,13.04,21.05,5
100.0,8.385,80.21,60.31,6.36,15413.0,9.245000000000001,11.24,33.6,508.3,11816.0,12074.0,1619953.5,9.21,3.39,116.62,-2620163040.0,6.8,18.9,4.83,24.83,2.25,51.52,22968456717.0,4.46,7.1,0.06,0.27,110.7,9.74,181873.9,3.38,34229513775.0,-1.87,3290.0,150000000000.0,4.255,258655000.0,6.72,5.99,95210004.0,84.0,81.0,1.88,58.0,7.37,3.4450000000000003,2.455,28.84,68.38,44.875,13019705.0,91605.6,67.88,62.74,65.27,105.32,30.3,22.42,5027000000.0,9894000000.0,43.59,0.92,75.56,53.4,3.265,83.7,0.665,4.69,-4.13,-15223.0,480160003.65,0.12,41.09,55.49,3.42,2.7,21.72,50.03,45657202.0,0.1,11.9,0.22,97.09,23.78,61.0,4.0,20.955,8.55,13.9,1735323.5,64.41,99.91,95.23,55.27,8.96,22.02,100430.0,72600000.0,14.025,8424740406.0,94.645,11.47,16250768.0,35.59,66.96,55.57,5
100.0,8.385,37.69,16.3,1.74,15844.0,14.3,4.38,11.49,3062.55,11816.0,12074.0,1619953.5,0.2,0.43,72.91,-221370917.0,10.3,11.7,3.35,24.83,34.89,46.94,892737914.9,1.4,199.76,10.68,18.0,78.34,34.05,207.7,3.38,1834796402.0,12.23,17890.0,3213675039.0,4.255,52930000.0,22.195,5.99,95210004.0,80.0,77.0,42.61,2.6,11.38,2.41,2.455,63.79,73.28,47.33,100490.0,610.0,74.72,67.84,71.11,89.65,32.68,7.83,59000000.0,602000000.0,36.03,1.495,95.63,17.4,5.68,60.85,0.665,4.69,-4.13,0.0,99949996.95,1.63,18.29,72.63,9.08,0.23,21.72,50.49,179651.0,0.4,5.2,0.55,97.09,11.11,9.7,0.3,20.955,8.55,13.9,145625.0,81.06,99.91,95.23,55.27,350.68,22.02,620.0,2390000.0,14.025,433117473.5,94.645,6.035,34026.0,18.94,17.93,24.68,5
100.0,8.385,64.6,9.43,6.56,15844.0,9.245000000000001,2.57,11.8,3062.55,11816.0,12074.0,1619953.5,0.34,0.21,104.94,-319279309.5,8.6,12.4,3.99,24.83,34.89,51.52,13759708513.0,2.01,92.2,11.86,12.4,105.58000000000001,57.31,200.6,3.38,4444000000.0,2.85,16040.0,70041413822.0,4.255,258655000.0,22.195,5.99,95210004.0,90.0,89.0,42.61,42.0,24.14,3.4450000000000003,2.455,43.82,65.07,44.32,45794.0,350.0,83.5,76.8,80.07,105.97,30.3,22.42,8031000000.0,10024000000.0,57.73,1.495,79.93,15.4,3.265,60.85,0.665,4.69,-4.13,-224.0,480160003.65,0.57,19.24,60.75,20.0,-0.4,21.72,50.355000000000004,105870.0,0.4,5.2,0.91,97.09,23.78,5.9,32.15,20.955,8.55,13.9,4192.0,3.96,99.91,95.23,55.27,472.28,22.02,350.0,62150000.0,14.025,8424740406.0,94.645,13.93,101678.0,96.04,4.95,8.59,5
100.0,8.385,39.26,1.3,0.48,27092.68,9.245000000000001,0.8,11.45,7477.3,11816.0,12074.0,1619953.5,0.3,0.34,101.75,-2433986830.0,8.99,8.8,2.87,26.11,29.5,51.52,13759708513.0,1.39,102.32,20.74,21.6,98.72,50.94,5098.6,3.38,11368900000.0,5.15,27240.0,11111812556.0,3.01,258655000.0,9.25,5.99,354749.0,86.0,82.0,43.45,12.0,11.22,2.9,2.455,64.29,77.1,48.25,230610.0,10010.0,75.1,68.12,71.6,91.86,36.41,27.77,543000000.0,3483000000.0,35.41,1.495,97.42,13.1,3.265,60.85,0.665,4.69,-4.13,485.0,480160003.65,0.3,19.62,71.81,8.57,0.35,21.72,52.19,407906.0,1.0,5.2,0.98,97.09,17.95,1.1,0.7,16.78,8.55,13.9,67855.0,16.64,93.82,95.23,55.27,2686.89,22.02,13880.0,62150000.0,14.025,2432716261.0,94.645,11.69,340051.0,83.37,8.64,22.43,5
100.0,8.385,60.84,4.05,11.44,57871.0,9.245000000000001,3.09,22.56,7338.5,11816.0,12074.0,1619953.5,18.95,2.5,104.17,-319279309.5,6.33,7.4,3.06,24.83,10.56,51.52,13759708513.0,2.92,92.2,9.77,9.94,109.2,0.05,449.8,3.38,425000000000.0,3.29,15360.0,70041413822.0,4.255,258655000.0,10.85,3.17,645859214.0,96.0,96.0,19.3,10.0,31.19,5.21,2.455,52.455,70.12,44.875,4154629.0,995450.0,72.61,67.94,70.22,122.85,31.4,22.73,41310000000.0,74453000000.0,27.26,1.12,94.68,18.7,1.93,72.68,0.665,4.69,-4.13,-563.5,480160003.65,0.96,33.05,62.17,4.77,1.66,24.44,49.42,6719538.0,0.1,7.2,0.25,97.47,27.7,6.1,1.0,20.955,8.55,13.9,1735323.5,57.14,99.75,85.59,55.27,38.68,22.02,1001450.0,62150000.0,14.025,39824388217.0,94.645,7.44,4022829.0,42.86,28.32,22.75,5
100.0,8.385,54.135000000000005,81.89,28.66,15844.0,2.78,10.295,34.84,1478.5,11816.0,12074.0,1619953.5,3.5999999999999996,1.81,118.07,-393879529.0,7.47,6.5,7.48,24.83,5.0,51.52,975830735.5,5.08,19.07,0.03,0.12,119.32,10.89,2796.4,0.01,2775798697.0,3.1,870.0,10879490984.0,4.87,501290000.0,12.57,0.25,52895.0,94.0,90.0,23.82,100.0,10.6,8.4,2.455,52.455,78.45,51.1,5311768.0,25680.0,63.61,59.71,61.66,130.35,7.02,2.79,163000000.0,1025000000.0,42.8,2.04,61.67,52.3,3.265,48.46,0.665,4.69,-4.13,-14415.0,608239990.2,1.63,46.29,51.23,2.48,2.67,21.72,50.35,12551213.0,0.9,5.2,0.26,97.09,38.21,83.1,10.06,17.55,8.55,13.9,10786763.0,85.94,99.91,95.23,55.27,6.53,22.02,27830.0,28620000.0,10.97,266164087.5,94.645,1.11,1764450.0,14.06,90.49,77.28,5
100.0,9.28,44.18,57.84,5.73,15844.0,9.245000000000001,25.28,11.1,3297.4,11816.0,12074.0,1619953.5,3.5999999999999996,1.81,142.51,-319279309.5,7.6,5.6,4.73,21.69,46.49,51.52,15647994867.0,1.52,105.59,20.09,16.1,126.99,13.83,11432.97,3.38,54825411765.0,5.62,19690.0,200000000000.0,3.7,58570000.0,32.53,2.1,22212874.0,89.0,93.0,29.8,62.0,48.82,6.65,2.455,65.65,71.05,49.95,5263181.0,82650.0,73.29,65.65,69.37,118.46,40.11,12.98,22208000000.0,11703000000.0,61.85,1.495,104.89,18.8,0.02,0.96,0.665,4.69,-4.13,1084.0,9760000.23,3.32,23.92,69.36,6.72,0.44,23.39,50.65,10137750.0,0.1,2.5,0.27,96.56,18.18,1.3,8.12,20.955,8.55,13.9,4381941.0,43.22,97.73,91.43,39.01,416.86,22.02,86600.0,93380000.0,14.025,8290112835.0,94.645,6.04,5755809.0,56.78,59.76,47.91,5
100.0,8.385,56.51,45.1,0.64,73673.1,35.19,28.59,10.2,7906.2,11816.0,12074.0,1619953.5,0.91,0.4,98.11,-319279309.5,9.7,3.6,3.86,28.35,34.89,51.52,13759708513.0,1.6,265.71,43.02,28.6,102.85,22.76,6893.0,8.82,28144331507.0,6.93,62770.0,727000000000.0,6.36,258655000.0,26.99,5.99,95210004.0,98.0,96.0,86.14,8.1,19.33,2.44,2.455,50.04,59.11,46.8,5259744.0,30280.0,84.3,79.4,81.79,105.47,60.9,53.1,8031000000.0,10024000000.0,57.73,1.05,101.11,3.8,3.265,60.85,0.665,4.69,-4.0,-563.5,480160003.65,0.78,16.69,63.89,19.42,0.41,27.13,50.61,11586195.0,0.2,2.5,0.83,97.09,42.0,11.7,12.0,23.89,8.55,13.9,218168.0,1.88,101.82,95.23,55.27,597.575,22.02,30530.0,62150000.0,14.025,41872371153.0,94.645,6.26,11368027.0,98.12,8.26,12.77,5
100.0,8.385,54.93,53.82,1.52,15844.0,9.245000000000001,29.79,10.2,7872.3,11816.0,12074.0,1619953.5,0.55,0.21,103.94,-319279309.5,9.8,4.5,2.95,24.83,34.89,51.52,13759708513.0,1.62,274.35,42.95,28.3,103.93,11.0,3704.37,9.01,28144331507.0,6.19,68780.0,70041413822.0,5.51,258655000.0,33.42,5.99,95210004.0,95.0,93.0,72.85,4.4,18.16,2.68,2.455,60.63,69.34,47.24,9620091.0,33670.0,83.0,79.7,81.31,103.83,57.46,52.49,8031000000.0,10024000000.0,57.73,1.38,125.06,4.0,3.265,60.85,0.665,4.31,-3.36,-563.5,480160003.65,1.1,15.5,64.55,19.95,0.52,21.72,50.31,17533044.0,0.2,2.5,0.87,97.09,39.33,12.2,11.0,26.45,8.55,13.9,1302355.0,7.43,104.38,95.23,55.27,597.575,22.02,41540.0,62150000.0,14.025,64469433091.0,94.645,4.21,16230689.0,92.57,11.32,14.79,5
100.0,8.385,60.48,3.18,18.99,34007.0,0.05,0.73,25.51,4768.2,11816.0,12074.0,1619953.5,28.53,9.62,98.77,-319279309.5,6.68,16.7,6.54,24.83,34.89,51.52,19710405017.0,3.22,107.89,0.21,1.66,100.07,79.1,20515.57,3.38,26113333240.0,-0.78,3820.0,37983694550.0,4.255,586120000.0,22.195,5.99,86295937.0,90.0,89.0,42.61,42.0,34.05,4.48,2.455,46.16,69.39500000000001,47.9,3042793.0,452860.0,68.42,62.95,65.35,106.22,8.06,12.61,11269000000.0,5137000000.0,62.83,0.34,48.42,42.9,4.75,119.14,0.665,4.69,-4.13,10695.0,480160003.65,2.03,34.58,62.31,3.1,2.03,21.72,48.36,9949437.0,1.0,23.4,0.66,97.09,0.0,54.5,32.15,20.955,8.55,13.9,8610641.0,86.54,99.91,95.23,55.27,85.93,22.02,462840.0,62150000.0,14.025,3240131311.0,94.645,2.91,1338796.0,13.46,83.27,68.61,5
100.0,5.7,50.5,18.57,4.35,24518.0,0.17,1.2,13.1,3120.8,11816.0,12074.0,1619953.5,1.35,1.42,101.66,-687447229.0,6.3,5.5,3.99,24.83,37.25,51.52,13759708513.0,1.82,139.87,38.41,27.0,103.8,0.52,520.03,1.15,25797870984.0,5.15,62050.0,23115224566.0,4.255,258655000.0,20.24,5.99,239162849.0,92.0,92.0,39.04,2.2,20.56,4.44,2.455,69.05,77.48,45.91,222391.0,100830.0,84.6,81.8,83.17,103.47,36.72,13.9,5987000000.0,7817000000.0,53.51,1.495,118.07,2.7,3.265,60.85,0.665,4.92,-4.13,622.0,480160003.65,1.63,18.63,66.45,14.93,1.64,21.72,48.74,372520.0,0.1,2.5,0.44,98.53,47.62,82.4,170.0,20.955,8.55,13.9,22560.0,6.06,98.57,115.16,55.27,597.575,22.02,103000.0,62150000.0,14.025,7078849096.0,94.645,6.03,349960.0,93.94,7.76,11.9,5
100.0,8.385,82.45,59.57,27.32,15844.0,0.39,12.62,34.43,1344.9,11816.0,12074.0,1619953.5,24.34,10.52,104.94,-319279309.5,9.99,2.1,5.13,24.83,42.99,51.52,4607551461.0,4.4,6.86,0.01,0.0,138.17,25.02,61490.0,3.38,16091817842.0,3.9,3210.0,43433433101.0,2.04,394000000.0,22.195,5.99,95210004.0,90.0,89.0,62.81,175.0,28.84,3.4450000000000003,2.455,41.76,63.67,41.14,4121670.0,245720.0,60.1,57.6,58.89,102.32,30.3,22.42,10239000000.0,4187000000.0,89.65,1.48,101.94,15.4,4.28,43.76,0.665,4.69,-4.13,-4367.0,592090026.9,3.41,41.83,54.81,3.36,2.44,14.71,50.59,13531906.0,0.4,12.9,0.32,97.09,23.78,66.8,226.0,20.955,8.55,13.9,8489377.0,62.74,97.96,95.23,55.27,7.17,22.02,245860.0,50570000.0,14.025,8424740406.0,94.645,5.77,5042529.0,37.26,87.11,74.33,5
100.0,11.22,62.13,7.46,2.44,42598.0,2.8,7.38,9.0,2777.3,11816.0,12074.0,1619953.5,0.68,0.82,78.32,1222430602.0,10.4,6.1,5.15,27.2,39.48,51.52,13759708513.0,1.46,98.08,33.64,3.74,92.45,73.73,224090.0,7.0,296000000000.0,2.84,58690.0,325000000000.0,6.54,258655000.0,24.52,10.29,95210004.0,89.0,93.0,39.44,3.5,23.99,2.19,2.455,55.92,63.72,47.65,2799859.0,303947.7,84.6,79.3,81.89,99.87,50.35,46.12,81996000000.0,86013000000.0,56.67,1.26,129.15,2.3,3.265,60.85,0.665,4.69,-4.13,14928.0,480160003.65,0.01,15.43,61.68,22.89,0.21,23.76,50.6,5541017.0,0.4,2.5,0.93,99.28,46.0,50.2,107.0,22.6,8.55,13.9,798128.0,14.4,99.35,95.23,55.27,597.575,22.02,338470.0,62150000.0,14.025,16744106303.0,94.645,7.61,4742889.0,85.6,8.17,13.04,5
100.0,8.385,74.28,64.93,6.32,15844.0,41.23,6.95,28.24,2251.9,11816.0,12074.0,1619953.5,8.55,3.44,117.31,-1777950201.0,3.82,9.2,3.13,26.17,17.34,51.52,13759708513.0,3.5,92.2,8.01,9.37,117.39,1.68,101.4,0.07,18109000000.0,7.01,6800.0,33462218520.0,5.43,258655000.0,16.27,1.6,14531924.0,95.0,98.0,55.74,0.61,17.69,1.24,2.455,52.455,70.05,44.875,1299412.0,6025.0,75.94,71.09,73.47,118.46,15.11,7.21,8031000000.0,10024000000.0,57.73,1.495,77.6,14.8,3.265,60.85,0.665,4.69,-4.13,-12369.0,480160003.65,1.63,39.14,57.38,3.48,2.46,21.72,50.12,4922749.0,0.4,5.2,0.65,94.92,23.78,15.4,0.81,23.39,8.55,13.9,1132085.0,23.0,93.13,90.19,43.51,594.18,22.02,6025.0,62150000.0,14.025,872540971.0,94.645,6.035,3790664.0,77.0,20.18,21.94,5
100.0,8.385,55.4,34.25,7.23,1000.0,2.77,4.49,13.41,2748.8,11816.0,12074.0,1619953.5,23.9,10.76,126.82,-1942563332.0,8.129999999999999,5.7,3.86,27.2,42.67,51.52,22053309339.0,2.08,92.2,26.65,9.11,117.43,40.62,28224.0,0.79,18853115589.0,10.64,17740.0,65780416560.0,3.59,274720000.0,10.42,1.6,16787165.0,85.0,90.0,58.93,64.0,21.07,3.4450000000000003,2.455,56.12,73.62,47.46,1876551.0,69490.0,76.68,66.8,71.69,104.5,28.89,14.25,4243000000.0,10099000000.0,76.07,1.61,147.75,9.5,4.35,60.85,0.665,4.25,-4.13,-2734.0,769179992.7,1.84,21.09,64.35,14.56,-0.38,29.09,50.355000000000004,3708610.0,0.3,2.9,0.27,97.09,19.33,25.2,58.13,24.86,8.55,13.9,1488191.0,40.13,102.97,106.0,76.82,3725.12,22.02,69700.0,68860000.0,14.025,4270945063.0,94.645,11.79,2220419.0,59.87,45.08,49.35,5
100.0,8.385,45.96,43.28,0.88,15844.0,9.245000000000001,18.33,10.12,3062.55,11816.0,12074.0,1619953.5,1.32,0.61,104.94,-319279309.5,8.45,6.3,3.99,24.83,34.89,51.52,13759708513.0,1.46,92.2,11.86,12.4,105.58000000000001,5.15,10.2,3.38,11138490592.0,5.15,16040.0,70041413822.0,4.255,258655000.0,22.195,5.99,95210004.0,90.0,89.0,42.61,42.0,8.85,3.4450000000000003,2.455,51.22,65.01,44.74,84888.0,198.0,83.36,79.12,81.23,105.97,30.3,22.42,8031000000.0,10024000000.0,57.73,1.495,111.96,15.4,3.265,60.85,0.665,4.69,-4.13,1242.0,480160003.65,1.63,15.26,68.51,16.23,0.91,21.72,50.52,172683.0,0.4,5.2,0.44,97.09,23.78,20.2,32.15,20.955,8.55,13.9,119131.0,68.99,99.91,95.23,55.27,597.575,22.02,198.0,62150000.0,14.025,8424740406.0,94.645,6.61,53552.0,31.01,8.95,13.04,5
100.0,8.385,60.66,29.63,6.56,15844.0,9.245000000000001,1.85,16.38,3062.55,11816.0,12074.0,1619953.5,0.99,0.46,104.94,-319279309.5,7.34,19.1,3.99,24.83,3.1,51.52,13759708513.0,2.57,92.2,1.83,42.8,105.58000000000001,51.85,280.0,3.38,6234000000.0,2.06,16040.0,70041413822.0,4.255,258655000.0,22.195,5.99,95210004.0,90.0,89.0,58.74,39.0,24.14,3.4450000000000003,2.455,56.46,68.68,45.16,78638.0,540.0,80.7,72.98,76.66,105.97,30.3,22.42,44000000.0,808000000.0,13.67,1.495,111.96,15.4,3.265,60.85,0.665,4.69,-4.13,-244.0,480160003.65,1.63,26.3,62.24,11.46,0.77,21.72,49.64,170534.0,0.4,5.2,0.44,97.09,23.78,4.5,32.15,20.955,8.55,13.9,8501.0,4.99,99.91,95.23,55.27,1108.28,22.02,540.0,62150000.0,14.025,8424740406.0,94.645,6.0,162033.0,95.02,6.64,11.84,5
