Access to electricity (% of population),"Agriculture, forestry, and fishing, value added (% of GDP)","Air transport, registered carrier departures worldwide",Arable land (% of land area),"Contributing family workers, female (% of female employment) (modeled ILO estimate)",Crop production index (2014-2016 = 100),Energy intensity level of primary energy (MJ/$2017 PPP GDP),Exports of goods and services (% of GDP),Fertilizer consumption (kilograms per hectare of arable land),Fixed broadband subscriptions (per 100 people),Fixed telephone subscriptions (per 100 people),Food production index (2014-2016 = 100),Fuel exports (% of merchandise exports),GDP (current US$),"GNI per capita, PPP (current international $)",Gross savings (% of GDP),High-technology exports (% of manufactured exports),High-technology exports (current US$),"Immunization, measles (% of children ages 12-23 months)",Imports of goods and services (% of GDP),"Industry (including construction), value added (% of GDP)","Labor force participation rate, female (% of female population ages 15+) (modeled ILO estimate)","Labor force participation rate, male (% of male population ages 15+) (modeled ILO estimate)","Labor force, female (% of total labor force)","Labor force, total",Land area (sq. km),Livestock production index (2014-2016 = 100),Medium and high-tech exports (% manufactured exports),Medium and high-tech manufacturing value added (% manufacturing value added),Merchandise trade (% of GDP),Military expenditure (% of GDP),Mobile cellular subscriptions (per 100 people),"Mortality rate, under-5 (per 1,000 live births)",Net ODA received (% of GNI),Net acquisition of financial assets (% of GDP),"Net incurrence of liabilities, total (% of GDP)",Net lending (+) / net borrowing (-) (% of GDP),Net migration,Net official development assistance received (current US$),Permanent cropland (% of land area),Population growth (annual %),Population in urban agglomerations of more than 1 million (% of total population),"Population, female (% of total population)","Prevalence of HIV, total (% of population ages 15-49)",Price level ratio of PPP conversion factor (GDP) to market exchange rate,"Primary completion rate, total (% of relevant age group)",Proportion of seats held by women in national parliaments (%),Renewable energy consumption (% of total final energy consumption),Risk of catastrophic expenditure for surgical care (% of people at risk),Risk of impoverishing expenditure for surgical care (% of people at risk),Rural population,"School enrollment, primary (% gross)","School enrollment, secondary (% gross)","School enrollment, tertiary (% gross)",Secure Internet servers (per 1 million people),"Technical cooperation grants (BoP, current US$)","Total debt service (% of exports of goods, services and primary income)","Unemployment, total (% of total labor force) (modeled ILO estimate)",Urban population,"Vulnerable employment, female (% of female employment) (modeled ILO estimate)",Gender Ratio Class
94.1,10.89,14225.0,9.1,8.24,105.87,4.22,39.37,191.12,4.1,4.52,108.7,0.01,28144331507.0,5690.0,18.27,1.45,21992491.0,81.0,64.01,25.82,49.4,75.29,39.43,4452659.0,111890.0,114.8,43.95,7.16,89.94,1.54,73.56,16.6,2.4,0.665,4.69,-4.13,-5779.0,617309997.6,5.36,1.54,14.45,49.5,0.2,0.44,97.09,27.34,45.9,8.55,13.9,4215972.0,99.91,95.23,55.27,113.54,33130000.0,14.9,7.94,6062373.0,47.88,1
100.0,5.31,7647.37,13.0,1.85,94.11,2.87,34.89,110.08,14.82,2.71,94.83,0.06,5254366312.0,17110.0,22.195,2.01,10421.0,97.0,42.61,9.19,40.67,76.17,44.875,251908.0,300.0,99.44,0.32,2.63,54.39,1.495,135.4,6.0,2.36,0.665,4.69,-4.13,1189.0,112410003.7,3.33,1.36,21.72,50.355000000000004,0.1,0.53,97.09,4.6,1.4,8.55,13.9,307128.0,99.91,95.23,55.27,1229.25,6200000.0,14.025,5.02,214329.0,32.28,1
100.0,8.79,11210.0,22.18,15.43,117.02,1.67,16.92,153.94,10.54,12.6,119.22,1.93,88609332762.0,13990.0,33.0,1.05,94328328.0,97.0,24.31,29.95,32.54,71.74,33.5,8694780.0,61860.0,128.88,10.04,9.02,37.4,1.89,141.29,6.7,0.18,0.665,4.69,-4.13,-563.5,154110000.6,1.63,1.08,21.72,51.82,0.1,0.28,98.56,5.38,48.8,8.55,13.9,17977378.0,96.87,91.01,55.27,482.49,59050000.0,14.025,5.26,4178622.0,39.95,1
100.0,6.56,15844.0,1.75,13.98,101.06,6.57,15.57,1.07,0.69,0.53,99.82,3.38,9838711529.0,1460.0,22.195,5.99,95210004.0,89.0,66.51,24.14,52.455,69.39500000000001,31.37,3038348.0,627340.0,99.67,30.3,22.42,57.73,1.495,51.82,15.4,3.265,0.665,4.69,-4.13,-17071.0,480160003.65,0.05,3.15,13.99,49.87,0.4,0.39,97.09,24.36,95.4,8.55,13.9,9090664.0,99.91,95.23,55.27,5.33,85430000.0,14.025,6.035,7974917.0,60.22,1
100.0,9.1,1929.0,1.61,3.42,104.78,6.72,52.84,9.75,0.26,12.4,105.06,3.38,14825690210.0,6070.0,38.85,6.54,38829158.0,68.0,32.71,42.89,66.76,68.12,49.9,2306220.0,341500.0,105.77,47.46,2.42,65.71,2.48,96.79,43.2,1.43,0.665,4.69,-4.13,-4466.0,204020004.3,0.37,2.32,21.72,50.06,0.4,0.4,97.09,11.26,71.4,8.55,13.9,1850943.0,99.91,95.23,55.27,10.28,27880000.0,14.025,6.035,3984863.0,88.17,1
100.0,23.36,74453.15,40.48,10.16,118.31,6.57,34.89,18.61,0.03,0.05,117.33,3.38,441000000000.0,5510.0,22.195,6.49,195947207.0,60.0,42.61,31.41,51.73,65.35,43.81,4154629.0,910770.0,111.54,65.14,33.44,22.4,1.01,91.44,15.4,0.82,0.665,4.69,-4.13,-563.5,480160003.65,7.25,2.41,16.85,49.47,0.4,0.37,97.09,3.61,80.3,8.55,13.9,1735323.5,99.91,95.23,55.27,63.03,62150000.0,15.01,5.39,4022829.0,85.53,1
72.5,22.79,20653.34,16.84,3.5999999999999996,98.9,4.17,34.89,38.66,1.67,0.98,80.46,3.38,66345291160.0,5060.0,22.195,5.07,305581286.0,89.0,42.61,37.31,41.06,69.74,37.74,4154629.0,652670.0,105.97,30.3,22.42,44.44,1.495,126.27,41.5,2.31,0.665,4.69,-4.13,-563.5,480160003.65,2.31,0.7,21.72,50.22,0.9,0.24,97.09,15.29,62.9,8.55,13.9,1735323.5,99.91,95.23,55.27,12.57,105700000.0,14.025,4.34,16918421.0,63.91,1
86.3,19.66,13321.0,20.7,11.46,131.73,2.88,30.06,37.37,0.35,0.97,130.54,3.38,79524421861.0,6340.0,15.59,0.73,8559644.0,94.0,32.65,28.41,64.85,71.77,48.03,14064388.0,227533.0,116.02,10.56,10.84,35.66,0.38,123.21,43.8,1.61,0.665,4.69,-4.13,-11253.0,480160003.65,1.63,2.01,18.42,50.12,0.4,0.37,97.09,14.55,39.0,5.0,13.9,13794798.0,97.9,75.31,55.27,49.52,62150000.0,14.38,3.34,19038233.0,77.87,1
100.0,12.6,15844.0,21.65,18.52,109.24,3.85,34.89,92.2,19.54,3.16,112.81,0.98,366000000000.0,11600.0,32.6,5.99,95210004.0,89.0,42.61,37.39,68.25,77.85,48.25,4154629.0,313429.0,131.19,58.32,39.93,57.73,1.495,138.87,20.6,0.15,0.665,4.69,-4.13,-992.0,526520019.5,1.63,0.84,18.38,50.61,0.3,0.31,97.09,30.26,24.2,8.55,13.9,1735323.5,99.91,96.07,38.87,3904.47,62150000.0,14.025,2.39,4022829.0,57.62,1
82.9,8.1,811.0,10.29,2.28,105.66,3.91,44.05,57.77,2.55,3.32,104.57,1.18,4850842541.0,9440.0,19.73,0.33,4198951.0,80.0,44.9,32.55,47.21,53.88,47.37,391180.0,17200.0,100.3,17.63,2.23,86.4,1.78,120.05,51.6,2.79,0.665,4.69,-4.59,-4897.0,125029998.8,1.05,0.98,21.72,50.36,0.4,0.4,97.09,9.59,65.4,8.55,13.9,901726.0,99.91,95.23,55.27,88.91,5190000.0,14.025,6.035,290545.0,40.73,1
97.7,6.56,2865.74,12.0,3.5999999999999996,125.67,2.94,14.34,5.2,0.07,0.36,114.32,3.38,14266499430.0,2150.0,22.195,5.99,95210004.0,63.0,37.07,14.27,52.455,67.7,44.875,9356574.0,652230.0,96.07,0.34,8.46,43.16,1.83,56.55,59.6,3.265,0.665,4.69,-4.13,-563.5,480160003.65,0.34,2.85,21.72,49.49,0.1,0.17,97.09,27.02,20.0,8.55,13.9,1735323.5,99.91,95.23,55.27,39.03,62150000.0,14.025,11.93,10551772.0,90.84,1
100.0,28.53,15844.0,24.83,0.86,129.62,4.79,20.92,40.71,0.15,0.09,121.75,0.0,17687623530.0,3560.0,23.4,2.7,1211677.0,68.0,27.14,16.47,54.8,67.5,45.15,4560387.0,112760.0,130.7,30.3,22.42,45.3,0.55,97.96,15.4,4.83,0.665,4.69,-4.13,1732.0,849979980.5,5.32,2.76,21.72,49.91,0.8,0.38,97.09,8.43,54.5,8.55,13.9,6632056.0,110.71,95.23,55.27,22.47,78140000.0,16.77,1.69,6364839.0,83.89,1
100.0,12.39,15844.0,9.68,15.9,84.35,9.32,22.84,68.29,12.07,33.1,89.6,3.38,359000000000.0,15040.0,22.195,0.38,96091680.0,99.0,21.53,38.01,52.455,67.62,44.875,4154629.0,91605.6,102.36,33.01,38.43,33.62,2.19,154.55,12.4,0.08,0.665,4.69,-4.13,-563.5,303769989.0,1.17,0.72,25.2,49.47,0.1,0.27,97.09,5.59,0.9,8.55,13.9,20798288.0,99.91,95.23,55.8,3128.53,62150000.0,14.025,9.28,4022829.0,38.83,1
100.0,5.97,15844.0,14.13,0.93,119.14,3.99,45.35,8.29,0.35,0.42,102.16,0.03,2406780519.0,2870.0,16.9,0.07,535475.0,90.0,42.61,32.13,57.17,71.2,45.53,962878.0,30360.0,92.6,30.3,22.42,114.63,1.56,79.83,15.4,6.53,0.665,4.41,-4.54,-1490.0,179199996.9,0.13,1.21,21.72,50.66,0.4,0.42,97.09,23.33,33.6,8.55,13.9,1608881.0,90.07,95.23,55.27,66.62,4850000.0,14.025,6.035,672573.0,30.24,1
82.5,22.85,390.66,23.34,21.37,131.19,4.96,66.75,49.58,1.98,0.24,124.71,0.0,26961061152.0,4430.0,33.71,2.98,454908154.0,83.0,62.36,36.83,70.15,82.31,47.25,8922729.0,176520.0,94.16,13.69,0.26,57.73,2.35,119.96,24.6,5.35,0.665,4.69,-4.13,-24262.0,480160003.65,2.71,1.17,21.72,50.5,0.5,0.35,94.66,21.6,52.4,8.55,13.9,12496843.0,108.74,95.23,55.27,170.23,119990000.0,14.025,0.4,4092180.0,60.98,1
97.9,9.3,48.0,14.5,12.11,99.72,4.42,17.71,219.35,3.48,13.2,107.03,2.71,86053083476.0,11810.0,19.04,5.17,332469285.0,81.0,31.78,22.34,38.35,80.46,33.24,6764382.0,107160.0,118.58,24.87,22.4,46.9,0.4,125.65,22.9,0.61,0.665,4.69,-4.13,-563.5,512549987.8,1.63,1.48,17.44,50.5,0.2,0.42,97.09,19.38,62.1,8.55,13.9,8170759.0,103.81,95.23,55.27,126.01,56750000.0,14.025,2.17,8938987.0,52.52,1
91.8,6.02,15844.0,1.26,1.3,105.3,6.47,55.54,28.25,2.65,1.33,104.82,3.38,20217946921.0,16490.0,22.195,1.48,40017534.0,64.0,18.95,50.92,37.8,54.34,39.77,688927.0,257670.0,102.67,10.09,5.39,57.76,1.54,134.32,39.9,0.58,0.665,4.69,-4.13,1516.0,98550003.05,0.66,2.1,21.72,49.07,0.4,0.44,97.09,16.2,91.3,12.8,13.9,224215.0,99.95,71.44,55.27,40.58,28060000.0,15.31,6.035,2116964.0,37.59,1
100.0,18.36,1471.0,21.89,27.58,114.68,2.27,31.31,92.2,19.63,6.94,104.92,0.02,17930565119.0,16040.0,17.15,0.42,6384226.0,87.0,44.71,20.75,51.79,65.74,44.31,1382433.0,27400.0,91.79,8.41,6.31,62.89,1.22,92.32,9.5,3.58,0.665,4.69,-4.21,-10612.0,633419982.9,3.2,-0.93,21.72,50.05,0.1,0.39,97.22,35.71,41.9,5.2,13.9,1041188.0,97.11,97.67,59.97,988.03,104100000.0,14.54,12.47,1770478.0,50.01,1
99.8,11.23,27650.0,3.16,2.1,108.76,5.61,23.88,20.68,9.33,11.4,104.83,3.38,186000000000.0,14400.0,38.67,5.99,95210004.0,79.0,23.39,36.32,52.455,62.92,44.875,12202063.0,91605.6,97.32,3.95,2.69,40.86,1.495,106.42,22.3,0.12,0.665,4.69,-4.13,-18797.0,214449996.9,0.41,1.66,21.72,49.08,0.1,0.29,99.75,8.11,0.1,11.0,13.9,11370967.0,107.0,95.23,54.21,62.93,62150000.0,14.025,13.61,4022829.0,24.18,1
100.0,16.32,15844.0,27.78,5.01,96.72,4.65,12.52,11.35,6.46,10.3,97.52,3.38,469228219.7,7180.0,22.195,5.99,95210004.0,99.0,60.84,15.92,42.22,64.56,41.19,36740.0,720.0,101.64,23.45,1.61,55.84,1.495,60.68,11.2,3.265,0.665,4.69,-4.13,-948.0,113069999.7,1.63,0.72,21.72,50.54,0.4,0.66,99.06,0.0,1.8,8.55,13.9,81523.0,107.02,100.29,55.27,688.57,11190000.0,14.025,2.11,24494.0,35.88,1
100.0,6.71,12432.0,27.71,0.02,89.63,6.18,70.83,169.37,35.01,46.8,101.55,3.38,69673747132.0,26600.0,29.66,6.02,922201805.0,98.0,65.18,32.14,59.43,71.4,50.35,5014861.0,202950.0,110.96,36.27,37.78,116.47,1.12,122.78,2.7,0.21,0.665,4.69,-4.13,12961.0,139710006.7,0.47,-0.83,21.92,50.355000000000004,0.4,0.27,93.54,40.0,8.2,8.55,13.9,1868889.0,94.53,95.21,73.96,9313.43,80760000.0,14.025,3.9,7433696.0,2.63,2
73.7,1.79,2593.0,0.46,2.97,104.94,2.68,41.91,59.27,5.55,3.91,98.28,0.39,18750946600.0,16500.0,30.9,0.33,23428722.0,97.0,46.84,33.04,59.26,69.35,47.33,1114453.0,566730.0,90.5,3.57,28.73,84.37,1.495,160.74,39.9,0.52,0.665,4.69,-4.13,1816.0,96430000.31,0.0,1.64,21.72,50.64,0.4,0.43,97.09,10.77,27.4,8.55,13.9,736148.0,93.72,70.02,55.27,311.0,10320000.0,14.025,6.035,1852275.0,29.25,2
100.0,16.07,2758.0,5.3,32.01,104.6,4.25,34.89,50.89,2.02,17.4,107.39,3.38,18827148531.0,7650.0,22.195,7.29,109835608.0,73.0,42.61,34.13,55.4,62.03,47.02,3008076.0,230800.0,105.97,13.82,3.77,74.2,1.495,64.96,41.8,3.24,0.665,4.69,-4.13,-10303.0,575679992.7,0.56,1.43,21.72,49.6,0.4,0.31,90.18,21.95,51.5,8.55,13.9,4682315.0,100.34,95.23,55.27,82.56,97960000.0,14.025,2.0,2742742.0,85.34,2
100.0,16.18,11812.0,11.01,18.32,129.93,3.3,22.3,45.88,1.13,0.9,119.97,11.21,72794636654.0,6320.0,19.05,3.86,56851004.0,68.0,22.82,22.1,56.55,71.61,43.5,10263449.0,318000.0,117.98,23.44,14.99,40.25,0.91,162.17,71.5,2.23,0.665,5.07,-4.13,-21000.0,480160003.65,1.63,2.46,19.49,49.5,0.4,0.41,97.09,14.17,58.2,8.55,13.9,13140099.0,92.72,95.23,55.27,60.88,108140000.0,14.025,2.59,14338150.0,81.35,2
100.0,9.57,83981.77,2.51,6.47,97.74,4.49,70.62,92.2,10.89,24.1,102.8,12.45,374000000000.0,29630.0,25.99,5.99,95210004.0,96.0,63.39,37.72,52.33,78.57,39.02,16996006.0,328550.0,100.39,62.0,44.59,57.73,0.99,140.59,7.9,0.0,0.665,4.69,-4.13,-563.5,14390000.34,1.63,1.12,24.46,48.87,0.3,0.37,101.08,14.86,7.5,8.55,13.9,7488317.0,101.17,80.27,40.91,8166.98,43640000.0,14.025,4.64,26085557.0,24.65,2
100.0,11.81,6510.89,4.13,3.29,125.31,3.99,20.56,241.91,4.08,11.3,112.29,3.38,50007428571.0,16040.0,22.195,5.99,95210004.0,97.0,12.5,37.12,47.57,69.39500000000001,52.85,2013301.0,469930.0,113.87,30.3,22.42,26.79,1.495,98.63,41.4,0.06,0.665,4.69,-4.13,-4503.0,28709999.08,0.13,1.45,21.72,50.46,0.4,0.43,97.09,25.0,0.1,8.55,13.9,2980799.0,109.88,91.97,55.27,98.08,7070000.0,14.025,4.45,3361056.0,30.11,2
100.0,1.01,15844.0,11.21,3.78,95.82,3.25,18.13,216.96,35.94,48.9,100.37,1.35,28144331507.0,46680.0,29.55,18.0,95210004.0,95.0,18.65,29.26,53.55,71.31,44.6,4154629.0,364500.0,104.09,30.3,22.42,30.29,1.02,160.88,2.3,3.265,0.665,4.69,-4.13,-563.5,480160003.65,0.72,-0.46,21.72,51.4,0.4,0.9,97.09,9.68,8.8,8.55,13.9,10221684.0,102.22,102.16,63.17,597.575,62150000.0,14.025,2.83,4022829.0,7.53,2
100.0,1.42,9046.24,0.98,1.4,98.85,5.26,68.79,14.72,4.65,22.1,105.3,3.38,47786789104.0,17930.0,39.62,5.99,95210004.0,73.0,52.35,24.14,33.52,59.08,35.91,2222452.0,91605.6,118.22,6.34,16.06,106.41,1.495,111.96,10.7,0.73,0.665,4.69,-4.13,-696.0,343600006.1,0.19,1.21,17.37,49.38,0.2,0.39,97.09,15.96,3.1,8.55,13.9,1280107.0,99.91,95.23,55.27,164.66,64360000.0,14.025,6.035,5455170.0,8.81,2
100.0,0.67,15844.0,5.66,0.72,107.54,0.68,54.41,92.2,23.64,22.3,91.37,3.38,106000000000.0,27960.0,22.195,5.99,95210004.0,89.0,42.33,50.48,31.26,69.39500000000001,41.13,1142991.0,8870.0,83.5,30.3,22.42,57.73,1.495,112.44,15.4,3.265,0.665,4.69,-4.13,-7408.0,480160003.65,1.8,-0.58,21.72,52.76,0.4,0.8,97.09,23.78,2.6,8.55,13.9,209073.0,99.91,95.23,55.27,494.38,62150000.0,14.025,7.9,3053620.0,8.68,2
100.0,4.37,19350.0,4.76,2.28,97.42,1.99,36.18,92.2,20.92,9.95,101.32,0.02,64960725734.0,22150.0,14.41,16.97,1457228331.0,89.0,34.61,20.61,50.11,73.52,40.76,2529009.0,51060.0,113.15,55.38,14.16,55.76,1.495,152.01,7.9,0.13,0.665,4.69,-4.13,2084.0,79309997.56,7.21,0.6,27.56,49.97,0.5,0.53,99.08,45.61,34.2,10.7,12.3,957348.0,108.85,95.23,55.27,1689.58,19140000.0,12.63,15.14,4196609.0,22.07,2
100.0,3.94,15844.0,7.43,0.32,111.37,8.46,29.77,25.33,23.74,16.4,111.63,3.38,28144331507.0,38030.0,30.34,9.73,95210004.0,97.0,20.43,31.4,55.28,70.44,48.56,4154629.0,91605.6,111.81,29.99,32.24,43.31,1.495,168.98,5.1,3.265,0.665,4.69,-4.13,-563.5,480160003.65,0.11,-0.34,23.47,50.355000000000004,0.4,0.32,97.09,16.22,3.5,8.55,13.9,1735323.5,101.91,93.34,54.95,16210.02,62150000.0,15.89,4.72,4022829.0,4.85,2
98.6,12.92,45832.2,4.49,28.48,116.71,3.89,27.83,10.35,9.45,4.61,116.96,3.38,40406111693.0,9110.0,13.85,4.55,22371253.0,75.0,31.2,26.36,57.6,78.64,42.46,5664325.0,1083300.0,116.99,3.25,11.94,49.87,1.41,99.62,24.8,1.29,0.665,4.69,-4.13,-4666.0,506820007.3,0.23,1.19,21.72,49.84,0.4,0.36,97.09,46.15,12.8,8.55,13.9,3566464.0,98.86,91.5,55.27,241.65,62150000.0,14.22,5.09,8513008.0,72.85,2
95.3,2.66,71789.0,7.62,6.65,129.48,1.41,41.11,123.91,14.84,20.2,111.52,0.18,67406738100.0,29210.0,30.64,0.26,333800.0,92.0,37.66,26.22,50.42,74.49,40.76,1996749.0,74180.0,101.11,7.69,6.21,50.08,1.495,147.7,14.1,0.14,0.665,4.69,-4.13,5473.0,91400001.53,1.45,1.32,21.72,49.98,1.0,0.5,94.78,22.54,28.0,8.55,13.9,1358683.0,100.74,82.87,53.04,1546.45,8610000.0,14.025,10.45,2992584.0,34.92,2
100.0,3.28,20505.0,11.45,14.28,127.72,4.96,37.32,55.18,14.83,5.9,127.65,3.38,210000000000.0,12470.0,22.195,5.99,95210004.0,75.0,24.18,24.14,52.455,69.17,44.875,10683686.0,434128.0,123.89,0.04,5.86,67.82,2.3,93.6,24.3,0.87,0.665,4.69,-4.13,-563.5,480160003.65,1.08,2.27,23.86,49.93,0.1,0.38,97.09,28.88,1.1,8.55,13.9,12572937.0,99.91,95.23,55.27,21.32,62150000.0,14.025,16.17,4022829.0,22.14,2
100.0,16.97,5017.0,13.12,16.24,106.66,4.23,16.52,13.39,2.23,3.22,104.44,3.38,44993521774.0,4660.0,13.95,2.15,5718462.0,62.0,20.23,24.5,66.7,75.15,47.5,11098782.0,472710.0,105.76,11.69,7.61,25.11,0.98,79.97,72.2,2.58,0.665,4.69,-4.13,-9889.0,1140959961.0,3.28,2.64,29.26,50.13,0.4,0.35,97.09,33.89,79.2,8.55,13.9,11383170.0,108.44,95.23,55.27,17.28,62150000.0,14.025,3.95,15815458.0,81.17,2
100.0,8.0,15996.0,4.12,23.66,104.34,3.26,27.0,92.2,14.03,10.4,101.69,3.38,107000000000.0,13240.0,23.87,4.84,77485367.0,65.0,26.15,27.44,53.72,78.07,41.2,8652009.0,248360.0,94.55,7.0,13.49,48.76,2.24,94.34,12.6,0.28,0.665,4.69,-3.97,-563.5,300779998.8,5.73,1.18,27.78,50.07,0.4,0.45,93.94,39.42,18.9,8.55,13.9,6342935.0,98.21,95.23,55.27,429.04,65550000.0,14.025,4.55,11454802.0,61.83,2
99.8,4.37,464.0,32.24,0.71,113.36,4.72,61.4,131.06,32.77,11.5,109.51,6.0,84041493016.0,28240.0,20.11,10.92,95210004.0,89.0,59.57,20.85,49.03,62.0,46.13,3268751.0,108560.0,91.34,49.4,32.31,103.96,1.52,114.77,6.3,3.265,0.665,4.69,-4.65,-8716.0,480160003.65,1.37,-0.81,18.67,51.5,0.1,0.42,94.26,23.75,20.4,8.55,13.9,1648939.0,95.61,98.71,55.27,597.575,62150000.0,10.97,5.27,5228804.0,5.91,2
100.0,5.02,15844.0,19.69,5.29,107.92,5.89,42.57,62.02,24.59,21.2,95.71,8.54,23672712242.0,18160.0,22.04,5.32,323354391.0,61.0,53.91,24.8,39.63,60.57,40.61,1387825.0,51200.0,105.97,28.99,18.57,91.43,0.93,114.0,6.1,2.41,0.665,4.69,-4.13,-25865.0,564419982.9,2.11,-1.44,21.72,50.77,0.4,0.39,97.09,26.19,36.6,8.55,13.9,1654279.0,99.91,84.97,43.58,3925.17,93620000.0,13.83,14.9,1616664.0,21.76,2
100.0,12.0,50340.0,16.83,3.5999999999999996,118.58,3.14,33.18,55.29,6.15,6.8,116.58,0.69,142000000000.0,8460.0,28.22,4.3,1132107354.0,99.0,42.45,25.8,52.455,69.84,44.875,12285624.0,446300.0,112.1,61.95,41.23,66.2,1.495,137.46,17.9,0.69,0.665,4.96,-4.13,-563.5,966190002.4,3.99,1.05,22.07,49.66,0.1,0.44,100.3,22.78,10.9,8.55,13.9,13323470.0,99.91,82.18,42.82,600.97,62150000.0,13.73,10.54,23753114.0,54.66,2
100.0,1.97,15844.0,16.37,0.3,101.94,3.73,34.89,103.49,37.36,22.3,98.2,6.84,36864792512.0,43940.0,28.53,5.99,95210004.0,89.0,81.27,23.4,57.82,69.42,48.78,702984.0,42750.0,95.03,46.83,29.46,57.73,2.01,149.08,2.0,3.265,0.665,4.69,-4.13,2995.0,480160003.65,0.12,0.11,21.72,52.57,0.7,0.62,98.23,25.74,38.0,8.55,13.9,407066.0,98.81,113.01,73.15,597.575,62150000.0,14.025,6.18,923866.0,4.5,2
100.0,6.56,15844.0,4.85,3.5999999999999996,104.94,3.99,44.27,92.2,11.86,20.3,105.58000000000001,3.38,750000000.0,16040.0,22.195,5.99,95210004.0,89.0,42.61,24.14,52.455,69.39500000000001,44.875,4154629.0,200.0,105.97,30.3,22.42,57.73,1.495,111.96,15.4,3.265,0.665,4.69,-4.13,-1646.0,480160003.65,9.65,0.86,21.72,50.51,0.4,0.44,97.09,23.78,0.4,8.55,13.9,5778.0,99.91,95.23,55.27,466.3,62150000.0,14.025,6.035,39257.0,29.265,3
100.0,0.29,15844.0,5.56,3.5999999999999996,104.94,1.52,48.68,239.47,35.58,38.7,105.58000000000001,0.02,7286607000.0,16040.0,22.195,8.07,1878816.0,89.0,23.52,5.3,52.455,69.39500000000001,44.875,4154629.0,54.0,105.97,30.3,7.71,14.88,1.495,105.94,15.4,3.265,0.665,4.69,-4.13,291.0,480160003.65,1.63,-0.2,21.72,51.76,0.4,0.44,97.09,23.78,0.9,8.55,13.9,0.0,99.91,80.72,55.27,6257.45,62150000.0,14.025,6.035,63764.0,29.265,3
100.0,2.44,8802.0,0.33,3.5999999999999996,102.55,2.85,34.89,92.2,33.56,15.3,105.58000000000001,0.0,1487173795.0,28720.0,22.195,3.34,784869.0,94.0,42.61,11.75,52.455,69.39500000000001,44.875,4154629.0,460.0,105.97,30.3,22.42,107.38,2.78,172.67,14.7,3.265,0.665,4.69,-4.13,146.0,480160003.65,3.04,0.81,21.72,50.355000000000004,0.4,0.5,97.09,22.86,1.7,8.55,13.9,41716.0,109.63,102.95,26.87,597.575,62150000.0,14.025,6.035,57542.0,29.265,3
100.0,0.17,15844.0,10.81,3.5999999999999996,104.94,3.99,34.89,92.2,47.52,29.5,105.58000000000001,3.38,7710380086.0,16040.0,22.195,5.99,95210004.0,89.0,42.61,40.2,52.455,69.39500000000001,44.875,4154629.0,160.0,105.97,30.3,22.42,57.73,1.495,126.09,15.4,3.265,0.665,4.69,-4.13,231.0,480160003.65,1.63,0.73,21.72,50.43,0.4,0.44,97.09,28.0,53.6,8.55,13.9,33390.0,102.11,118.73,46.02,597.575,62150000.0,14.025,6.035,5649.0,29.265,3
98.1,5.67,3106.0,18.45,2.92,119.04,2.11,21.75,162.19,10.32,10.4,114.96,0.77,94243425938.0,20830.0,27.86,8.48,565390971.0,88.0,30.98,32.66,50.93,75.45,40.38,5101650.0,47531.0,106.86,30.3,22.42,39.01,0.65,87.56,33.2,0.5,0.69,4.69,-4.13,-14966.0,448420013.4,7.47,1.07,21.72,49.79,1.0,0.39,97.09,27.89,14.8,8.55,13.9,1866357.0,96.87,75.7,56.47,142.2,15380000.0,16.72,7.7,9251516.0,29.82,3
100.0,1.47,11513.0,4.87,0.77,101.09,3.99,34.89,354.45,24.93,23.0,88.07,3.38,24496505941.0,27530.0,22.195,0.1,5248961.0,93.0,42.61,39.96,46.35,62.54,43.58,668306.0,5130.0,82.81,56.28,39.38,58.66,0.89,130.88,15.9,3.265,0.665,4.69,-4.13,2632.0,480160003.65,4.29,0.49,21.72,50.66,1.1,0.58,97.09,26.19,0.5,8.55,13.9,713019.0,99.91,95.23,55.27,312.65,62150000.0,14.025,4.45,812644.0,13.83,3
100.0,6.56,15844.0,10.295,3.5999999999999996,104.94,3.99,34.89,92.2,54.92,12.4,105.58000000000001,3.38,8626081321.0,16040.0,22.195,5.99,95210004.0,88.0,42.61,12.54,52.455,69.39500000000001,44.875,4154629.0,2.08,105.97,30.3,22.42,57.73,1.495,102.02,2.9,3.265,0.665,4.69,-4.13,206.0,480160003.65,1.63,-0.64,21.72,50.98,0.4,0.44,97.09,33.33,20.2,8.55,13.9,0.0,99.91,95.23,55.27,16600.34,62150000.0,14.025,6.035,36686.0,29.265,3
89.3,2.56,15844.0,9.89,0.52,125.16,6.57,31.11,104.64,2.76,2.39,114.24,8.68,420000000000.0,13900.0,16.34,5.55,95210004.0,87.0,24.97,24.62,49.64,62.46,46.51,4154629.0,91605.6,104.22,45.35,24.43,56.55,0.81,168.92,34.7,0.25,0.665,4.22,-4.9,10934.0,1041569946.0,0.34,1.0,21.72,51.35,0.4,0.5,97.01,46.58,9.7,11.6,13.9,19096392.0,98.12,111.8,25.36,16628.14,62150000.0,14.025,6.035,4022829.0,27.5,3
100.0,16.96,15844.0,8.0,3.5999999999999996,100.63,3.03,34.89,73.09,20.96,11.1,100.87,0.0,555266666.7,14490.0,22.195,3.31,291177.0,88.0,42.61,12.17,52.455,69.39500000000001,44.875,4154629.0,750.0,102.28,30.3,22.42,45.02,1.495,85.86,31.7,3.265,0.665,4.69,-4.13,57.0,79069999.69,1.63,0.58,21.72,50.23,0.4,0.53,97.09,34.38,8.8,8.55,13.9,20713.0,92.49,87.17,55.27,597.575,1140000.0,14.91,6.035,51699.0,29.265,3
97.5,10.07,71556.0,18.75,10.0,105.11,2.78,25.75,232.03,8.51,4.13,100.25,1.18,394000000000.0,9110.0,20.2,5.99,95210004.0,57.0,37.73,28.89,44.03,68.74,38.73,4154629.0,298170.0,86.51,30.3,41.78,50.49,1.41,143.44,27.9,0.4,0.68,4.69,-4.13,-563.5,480160003.65,1.63,1.49,14.07,49.23,0.2,0.39,91.1,27.96,28.0,8.55,13.9,1735323.5,90.61,87.13,34.85,132.74,62150000.0,12.2,3.4,4022829.0,38.92,3
83.6,22.28,15844.0,2.86,3.5999999999999996,122.83,6.46,20.1,0.47,5.38,6.27,119.16,3.38,390000000.0,4320.0,22.195,5.99,95210004.0,64.0,67.51,5.02,52.455,69.39500000000001,44.875,4154629.0,700.0,103.38,30.3,22.42,94.62,1.495,111.96,25.0,3.265,0.665,4.69,-4.13,-635.0,130759994.5,1.63,0.91,21.72,49.71,0.4,0.89,97.09,7.14,2.1,8.55,13.9,87034.0,90.93,95.23,55.27,176.79,3300000.0,14.025,6.035,26097.0,29.265,3
100.0,10.89,33922.0,10.295,0.18,121.71,6.89,40.69,78.49,18.27,5.51,113.92,1.13,200000000000.0,17520.0,12.56,4.51,1283624066.0,88.0,42.01,23.15,47.79,62.9,47.81,20311702.0,579400.0,90.72,32.24,28.35,70.54,1.495,135.03,8.2,1.14,0.665,4.69,-3.37,831.0,480160003.65,1.47,-0.81,21.72,50.355000000000004,0.4,0.27,97.09,20.8,8.9,8.55,13.9,13261249.0,91.15,84.65,75.91,9632.1,62150000.0,15.18,9.83,4022829.0,14.41,3
100.0,1.62,15844.0,32.79,0.43,96.52,3.23,30.03,153.32,47.64,12.4,96.72,3.2,28144331507.0,55020.0,23.57,5.99,95210004.0,94.0,31.92,16.4,52.2,59.84,48.83,4154629.0,547557.0,96.97,62.59,51.7,43.93,1.92,116.69,4.1,3.265,0.665,4.69,-4.13,-563.5,480160003.65,1.85,0.29,22.86,51.66,0.3,0.81,97.09,39.51,16.2,8.55,13.9,12711228.0,102.58,104.52,69.94,597.575,62150000.0,14.025,7.87,4022829.0,6.63,3
100.0,6.56,15844.0,11.11,3.5999999999999996,104.94,3.13,69.07,3.86,17.66,32.5,105.58000000000001,0.03,3103184102.0,37070.0,13.46,4.82,1171746.0,89.0,70.83,24.14,52.455,69.39500000000001,44.875,4154629.0,180.0,105.97,30.3,22.42,38.25,1.495,132.35,15.4,3.265,0.665,4.69,-4.13,501.0,480160003.65,1.63,-0.05,21.72,52.87,0.4,0.76,100.94,23.78,8.8,8.55,13.9,59803.0,99.91,95.23,55.27,1661.39,62150000.0,14.025,6.035,46734.0,29.265,3
100.0,0.63,15844.0,10.01,2.35,80.53,1.53,71.29,177.19,47.94,34.5,94.38,1.13,28144331507.0,16040.0,35.25,14.24,95210004.0,95.0,58.97,25.58,62.23,72.68,46.8,4981500.0,39509.63,98.35,70.83,22.42,86.58,0.78,123.43,4.0,3.265,0.665,4.69,-4.13,-563.5,480160003.65,0.64,0.77,16.17,50.36,0.2,0.44,95.48,42.5,27.7,8.55,13.9,2263530.0,101.48,103.61,71.89,597.575,62150000.0,14.025,5.1,6441016.0,9.69,3
100.0,0.71,15844.0,33.37,0.47,90.39,2.7,47.28,130.14,44.06,46.0,94.49,2.6,28144331507.0,64330.0,30.87,15.39,95210004.0,97.0,41.88,27.03,55.47,65.83,46.71,4154629.0,349390.0,97.06,72.23,22.42,71.48,1.33,127.56,3.6,3.265,0.665,4.29,-3.99,-563.5,480160003.65,0.58,0.04,21.72,50.66,0.1,0.83,100.97,34.92,17.6,8.55,13.9,18682511.0,101.35,101.2,75.67,597.575,62150000.0,14.025,3.64,4022829.0,4.12,3
95.5,5.97,1625.25,12.41,13.97,104.94,2.45,23.85,5.37,5.91,10.6,105.58000000000001,0.0,2051842610.0,6660.0,17.57,2.04,134350.0,95.0,53.61,12.52,49.15,61.74,44.95,238872.0,4030.0,84.62,1.18,27.1,42.69,0.58,100.38,12.8,7.18,0.665,4.69,-4.13,-1274.0,145240005.5,0.99,0.9,21.72,50.28,0.9,0.52,97.09,38.89,22.6,13.5,13.9,193416.0,96.4,86.49,55.27,569.8,25330000.0,11.2,13.91,394509.0,44.74,3
99.5,6.56,15844.0,6.97,3.16,115.35,3.96,19.11,92.2,19.84,13.8,112.13,13.66,28144331507.0,17120.0,17.16,9.0,95210004.0,73.0,18.55,22.12,52.31,72.79,43.14,4154629.0,91605.6,108.55,30.37,30.68,30.86,1.16,102.49,14.3,0.07,0.665,4.69,-4.14,-563.5,1114540039.0,0.93,0.53,21.72,50.87,0.6,0.44,97.09,15.2,46.5,13.1,18.3,1735323.5,103.47,106.65,56.83,3467.56,62150000.0,14.025,13.16,4022829.0,25.44,3
100.0,2.24,60781.0,36.19,1.66,107.9,3.42,57.7,156.06,22.82,14.0,110.69,2.21,28144331507.0,38630.0,20.47,9.45,95210004.0,71.0,54.38,28.1,50.28,66.36,45.27,18519217.0,306100.0,113.64,53.42,32.89,100.2,2.22,132.06,4.4,3.265,0.665,4.69,-4.13,-2968.0,480160003.65,1.24,-0.4,21.72,51.64,0.1,0.45,97.09,28.32,15.2,8.55,13.9,15070539.0,96.6,110.53,72.21,597.575,62150000.0,14.025,3.36,22676585.0,12.02,3
100.0,1.91,15844.0,16.28,0.07,90.63,4.01,30.23,37.2,36.35,42.9,89.53,4.66,4945276000.0,14470.0,22.195,17.16,19196509.0,77.0,39.64,12.63,58.32,64.43,50.18,142587.0,430.0,89.16,27.75,38.11,40.93,1.495,112.6,11.2,3.265,0.665,4.69,-4.13,-28.0,480160003.65,2.33,0.18,21.72,52.05,1.0,0.44,100.24,20.0,5.5,8.55,13.9,193336.0,98.15,104.71,55.27,917.5,62150000.0,14.025,9.42,87864.0,13.83,3
100.0,7.31,54218.0,15.42,0.85,107.19,3.39,18.0,62.18,23.15,16.8,108.4,2.64,28144331507.0,25560.0,19.54,4.42,466425814.0,86.0,14.93,23.92,50.28,70.87,42.53,21191985.0,91605.6,111.03,42.34,28.59,28.92,0.63,130.46,9.7,0.03,0.665,4.69,-4.13,2344.0,155259994.5,0.39,0.95,21.72,50.49,0.4,0.41,97.09,44.75,9.2,5.0,8.6,3559798.0,110.16,116.56,55.27,5060.91,31000000.0,14.025,8.74,4022829.0,22.68,4
100.0,0.95,15844.0,17.24,0.09,101.0,4.24,10.81,128.74,37.01,28.6,104.57,15.92,28144331507.0,71610.0,17.93,19.9,95210004.0,92.0,14.45,17.67,55.59,67.04,46.15,4154629.0,91605.6,110.06,62.6,44.08,19.88,1.495,107.32,6.3,3.265,0.665,4.69,-4.13,-563.5,480160003.65,0.3,0.16,21.72,50.46,0.4,1.0,101.09,27.65,10.9,8.55,13.9,1735323.5,98.31,101.19,55.27,597.575,62150000.0,14.025,5.35,4022829.0,3.04,4
100.0,1.29,15844.0,6.22,0.38,91.72,3.49,46.5,117.13,40.84,12.1,96.45,6.95,28144331507.0,66040.0,33.02,13.93,95210004.0,97.0,41.75,22.69,62.19,69.37,47.13,5638697.0,407283.54,99.69,58.3,51.21,58.87,1.19,124.35,2.5,3.265,0.665,4.69,-4.13,-563.5,480160003.65,0.01,0.6,15.9,49.63,0.4,0.97,99.82,46.99,57.9,8.55,13.9,1225108.0,99.91,95.23,55.27,597.575,62150000.0,14.025,8.72,9190703.0,4.46,4
100.0,1.22,15844.0,15.99,1.17,100.74,2.86,55.95,128.57,29.25,42.5,100.48,2.47,28144331507.0,64410.0,29.31,11.02,95210004.0,99.0,55.03,26.07,56.1,66.44,46.93,4688653.0,82520.0,100.31,61.75,44.84,88.11,0.87,121.97,3.3,3.265,0.665,5.26,-4.13,-563.5,480160003.65,0.82,0.44,21.72,50.78,0.4,0.84,99.82,40.44,36.0,8.55,13.9,3672325.0,101.64,102.31,55.27,597.575,62150000.0,14.025,6.46,5283472.0,7.75,4
100.0,6.56,15844.0,5.19,9.28,111.76,3.99,34.89,5.57,0.25,0.11,100.2,3.38,3513049520.0,1460.0,22.195,5.99,961787.0,58.0,42.61,18.22,72.04,80.74,47.96,2338007.0,96320.0,103.2,30.3,22.42,63.16,1.0,31.83,15.4,3.265,0.665,4.69,-4.13,-11862.0,606330017.1,2.08,2.06,21.72,50.22,1.0,0.43,97.09,10.96,93.2,8.55,13.9,2463081.0,99.91,95.23,55.27,6.74,35780000.0,14.025,3.79,2730335.0,89.49,4
100.0,6.56,15844.0,0.72,0.31,102.15,2.6,13.1,92.2,26.72,47.9,103.74,0.06,6150640646.0,16040.0,22.195,5.99,23343057.0,89.0,38.53,24.14,49.61,62.13,44.05,133089.0,3471.0,107.91,30.3,22.42,34.14,1.495,106.21,15.4,3.265,0.665,4.69,-4.13,-378.0,480160003.65,7.49,0.7,21.72,49.42,0.4,0.44,97.09,23.78,7.4,8.55,13.9,115331.0,99.91,95.23,55.27,1476.82,62150000.0,14.025,12.49,188701.0,13.35,4
100.0,5.78,15844.0,2.34,0.89,104.93,3.77,22.34,92.2,35.26,17.8,103.26,1.19,254000000000.0,46920.0,18.54,9.76,673724583.0,91.0,26.21,18.97,66.13,75.61,47.48,2934771.0,263310.0,102.49,18.53,21.63,37.31,1.17,113.96,4.7,3.265,0.665,4.69,-4.13,-563.5,480160003.65,0.28,0.41,21.72,50.44,0.1,1.03,97.09,49.17,28.9,8.55,13.9,675254.0,97.92,117.6,55.27,16060.69,62150000.0,14.025,3.78,4436046.0,16.06,4
100.0,1.09,15844.0,10.295,0.43,96.3,1.96,58.7,132.62,44.96,12.4,102.97,4.2,406000000000.0,72640.0,33.11,13.77,95210004.0,95.0,52.01,19.59,58.07,67.11,46.95,3070703.0,40000.0,106.32,58.02,22.42,60.7,1.32,125.78,3.6,3.265,0.64,4.69,-4.13,-563.5,480160003.65,0.68,0.43,23.2,50.26,0.1,0.99,99.68,39.66,39.5,8.55,13.9,688752.0,100.31,95.23,55.27,597.575,62150000.0,14.025,5.04,5167981.0,3.83,4
100.0,7.94,15844.0,11.6,1.15,91.17,2.94,31.98,211.12,32.55,36.4,100.47,5.65,60760798596.0,26280.0,15.58,8.6,132818761.0,93.0,24.84,17.56,56.13,70.48,46.56,1738442.0,175020.0,105.97,23.97,19.46,32.68,2.1,136.92,6.8,3.265,0.665,4.69,-4.13,-1486.0,480160003.65,0.22,-0.08,21.72,51.57,0.6,0.61,100.5,24.24,57.8,8.55,13.9,150653.0,107.99,95.23,75.17,2470.04,62150000.0,14.025,9.3,3275607.0,23.29,4
100.0,0.71,15844.0,24.84,0.39,90.1,2.2,29.6,240.94,41.11,47.1,100.53,8.33,28144331507.0,53130.0,17.46,5.99,95210004.0,91.0,29.75,16.61,58.35,66.15,47.86,4154629.0,241930.0,106.53,66.86,44.95,37.09,2.16,118.57,4.2,3.265,0.665,4.69,-4.13,-563.5,480160003.65,0.19,-0.08,27.43,50.6,0.4,0.89,99.45,34.26,12.2,8.55,13.9,10622327.0,102.04,113.68,77.08,597.575,62150000.0,14.025,4.83,4022829.0,10.0,4
100.0,2.73,15844.0,23.11,0.49,114.78,2.66,34.18,161.05,34.93,39.9,116.79,6.01,28144331507.0,43960.0,22.35,9.39,95210004.0,95.0,33.21,20.32,52.58,62.53,47.08,4154629.0,499733.24,119.84,54.13,39.83,55.32,1.37,119.62,3.1,3.265,0.665,4.69,-4.13,-563.5,480160003.65,10.12,0.11,25.93,50.99,0.2,0.7,99.17,43.43,19.0,8.55,13.9,8982448.0,102.9,119.11,55.27,597.575,62150000.0,14.025,14.78,4022829.0,8.64,4
100.0,6.56,15844.0,4.35,0.1,84.04,6.55,31.22,126.06,41.69,31.7,95.47,3.38,28144331507.0,55300.0,23.29,15.05,95210004.0,90.0,31.21,24.14,60.62,69.62,47.12,20967796.0,91605.6,118.15,48.78,34.87,50.51,1.27,88.09,5.0,3.265,0.65,4.69,-4.02,-563.5,480160003.65,0.02,0.55,21.72,50.31,0.4,0.94,97.09,30.47,23.8,8.55,13.9,7015868.0,96.29,109.33,77.8,597.575,62150000.0,14.025,7.53,4022829.0,8.74,4
100.0,0.9,5635.0,24.38,0.13,104.94,1.21,34.89,148.66,42.18,49.2,105.58000000000001,7.27,18123718947.0,48070.0,27.2,5.99,763239296.0,90.0,42.61,12.57,53.18,71.54,40.66,282572.0,320.0,95.55,64.39,28.96,56.26,0.5,123.38,5.8,3.265,0.665,4.69,-4.13,10408.0,480160003.65,2.97,0.62,21.72,47.99,0.2,0.65,98.47,13.43,8.6,8.55,13.9,26912.0,95.41,103.09,73.02,6180.86,62150000.0,14.025,3.4,491624.0,6.83,4
100.0,6.56,8552.0,1.64,1.44,84.58,5.17,9.37,0.01,1.03,1.19,84.08,3.38,950394006.5,3440.0,22.195,5.99,95210004.0,50.0,52.45,24.14,60.28,77.55,44.28,132628.0,12190.0,81.76,30.3,22.42,41.35,1.495,78.3,18.7,3.265,0.59,4.69,-4.13,-197.0,166899993.9,10.25,2.36,21.72,49.71,0.4,0.99,99.25,0.0,24.6,8.55,13.9,237230.0,99.91,95.23,55.27,2701.03,35440000.0,14.025,4.73,81907.0,62.62,4
100.0,2.88,1238.0,1.89,8.76,103.56,5.18,45.13,18.39,0.1,0.64,102.85,3.38,12215878033.0,13550.0,22.195,5.99,95210004.0,53.0,31.84,50.39,49.66,56.77,42.35,535701.0,28050.0,99.23,30.3,22.42,60.95,1.46,49.97,15.4,0.14,0.665,4.69,-4.13,6486.0,12770000.46,1.68,2.38,21.72,50.355000000000004,0.4,0.41,97.09,23.0,5.2,8.55,13.9,432136.0,99.91,95.23,55.27,21.41,1730000.0,14.025,9.19,1202330.0,86.54,4
76.3,6.56,5488.64,0.82,3.5999999999999996,108.11,5.07,27.17,10.34,0.13,0.92,101.58,3.38,1522794913.0,2750.0,17.99,5.99,95210004.0,67.0,39.46,18.06,52.455,84.64,48.56,357421.0,27990.0,101.19,30.3,22.42,58.9,1.495,66.96,18.9,3.265,0.665,4.69,-4.01,-808.0,264709991.5,3.18,2.38,21.72,48.9,0.4,0.79,97.09,8.0,49.1,8.55,13.9,529982.0,99.91,95.23,55.27,100.3,44210000.0,14.025,0.87,177869.0,75.31,4
100.0,1.26,23090.0,17.42,0.04,94.81,2.39,29.4,265.38,29.71,39.1,101.44,3.38,28144331507.0,45530.0,29.27,5.99,95210004.0,99.0,25.8,17.17,59.68,67.06,47.79,4262382.0,21640.0,105.12,66.83,46.9,31.18,1.495,140.45,3.4,3.265,0.665,5.37,-4.45,16856.0,480160003.65,4.74,1.68,21.72,50.14,0.4,0.44,94.71,28.33,6.2,8.55,13.9,686549.0,96.25,96.93,58.99,13021.96,62150000.0,14.025,4.81,8684851.0,7.2,4
100.0,9.56,32.36,0.97,5.08,116.61,3.45,31.96,3.73,3.18,3.27,96.06,1.45,12402486184.0,10380.0,22.195,0.07,639994.0,91.0,51.59,24.45,55.05,61.63,49.78,938865.0,823290.0,84.32,1.46,7.35,87.03,1.495,115.22,38.9,1.53,0.665,4.69,-4.13,-4301.0,182589996.3,0.01,1.64,21.72,51.74,0.4,0.45,97.09,44.23,30.0,12.4,13.9,1189044.0,99.91,95.23,55.27,273.5,47940000.0,14.025,6.035,1341107.0,39.16,4
98.8,8.9,373.0,0.37,5.59,79.9,4.74,34.89,175.48,19.9,19.4,87.81,3.32,3081401726.0,16090.0,22.195,4.63,5291087.0,58.0,42.61,38.03,44.23,63.88,41.45,243125.0,156000.0,125.22,36.06,11.53,119.17,1.495,147.83,17.2,1.07,0.665,4.69,-4.13,-492.0,28780000.69,0.03,0.97,21.72,50.18,0.4,0.27,97.09,29.41,14.5,8.55,13.9,207072.0,97.55,95.23,55.27,5339.45,3580000.0,14.025,8.46,405913.0,18.51,4
92.9,13.46,624.0,2.13,5.63,97.56,2.8,34.89,60.89,11.65,15.3,102.85,3.38,8041362110.0,21900.0,22.195,0.22,139915.0,95.0,42.61,50.39,39.33,60.22,41.26,283296.0,196850.0,139.31,30.3,22.42,108.59,1.0,106.39,27.5,1.83,0.665,4.69,-4.13,-4316.0,138809997.6,0.15,0.92,21.72,51.07,0.4,0.43,97.09,35.71,13.2,8.55,13.9,588163.0,99.72,85.52,55.27,65.87,5350000.0,14.025,14.93,216404.0,30.38,4
88.8,27.82,5705.0,25.38,2.26,100.49,3.99,24.8,3.86,7.29,13.0,100.59,3.38,8980060819.0,2780.0,22.195,5.99,95210004.0,59.0,73.06,28.91,52.455,60.91,44.875,5281602.0,183630.0,99.41,22.69,21.52,111.91,1.495,79.68,21.6,3.265,0.665,4.69,-4.13,-563.5,480160003.65,5.81,2.62,27.23,49.91,0.1,0.14,97.09,11.2,1.1,8.55,13.9,9356279.0,99.91,95.23,55.27,47.08,62150000.0,14.025,14.8,11968088.0,9.16,5
100.0,6.56,6773.0,10.295,0.22,102.6,0.85,34.89,92.2,29.62,14.3,105.58000000000001,3.38,30969334705.0,73470.0,31.48,0.0,0.0,89.0,76.75,7.69,63.54,73.64,50.22,399806.0,33.0,105.97,0.22,6.06,67.29,1.495,185.66,15.4,3.265,0.665,4.69,-4.13,4004.0,480160003.65,1.63,1.52,21.72,50.355000000000004,0.4,0.61,95.78,23.78,13.6,8.55,13.9,0.0,89.07,88.55,55.27,5138.31,62150000.0,14.025,2.25,686607.0,2.06,5
99.8,6.46,20.0,0.66,3.29,96.94,3.53,42.83,311.96,31.18,31.4,101.3,3.38,5861427505.0,25020.0,17.43,9.44,13067233.0,89.0,62.2,14.84,47.81,61.79,45.59,276234.0,13450.0,104.19,29.18,14.86,59.22,1.56,178.4,2.9,2.23,0.665,4.69,-4.13,-101.0,133179992.7,0.41,-0.34,21.72,51.28,0.1,0.39,99.21,24.69,39.6,8.55,13.9,199225.0,104.4,93.16,57.96,928.6,39780000.0,14.025,16.54,419986.0,13.04,5
100.0,6.36,15413.0,11.24,9.21,116.62,4.83,2.25,7.1,0.06,0.27,110.7,3.38,34229513775.0,3290.0,6.72,5.99,95210004.0,81.0,1.88,7.37,28.84,68.38,44.875,13019705.0,91605.6,105.32,30.3,22.42,43.59,0.92,75.56,53.4,3.265,0.665,4.69,-4.13,-15223.0,480160003.65,0.12,2.7,21.72,50.03,0.1,0.22,97.09,23.78,61.0,8.55,13.9,1735323.5,99.91,95.23,55.27,8.96,72600000.0,14.025,11.47,16250768.0,66.96,5
100.0,1.74,15844.0,4.38,0.2,72.91,3.35,34.89,199.76,10.68,18.0,78.34,3.38,1834796402.0,17890.0,22.195,5.99,95210004.0,77.0,42.61,11.38,63.79,73.28,47.33,100490.0,610.0,89.65,32.68,7.83,36.03,1.495,95.63,17.4,5.68,0.665,4.69,-4.13,0.0,99949996.95,1.63,0.23,21.72,50.49,0.4,0.55,97.09,11.11,9.7,8.55,13.9,145625.0,99.91,95.23,55.27,350.68,2390000.0,14.025,6.035,34026.0,17.93,5
100.0,6.56,15844.0,2.57,0.34,104.94,3.99,34.89,92.2,11.86,12.4,105.58000000000001,3.38,4444000000.0,16040.0,22.195,5.99,95210004.0,89.0,42.61,24.14,43.82,65.07,44.32,45794.0,350.0,105.97,30.3,22.42,57.73,1.495,79.93,15.4,3.265,0.665,4.69,-4.13,-224.0,480160003.65,0.57,-0.4,21.72,50.355000000000004,0.4,0.91,97.09,23.78,5.9,8.55,13.9,4192.0,99.91,95.23,55.27,472.28,62150000.0,14.025,13.93,101678.0,4.95,5
100.0,0.48,27092.68,0.8,0.3,101.75,2.87,29.5,102.32,20.74,21.6,98.72,3.38,11368900000.0,27240.0,9.25,5.99,354749.0,82.0,43.45,11.22,64.29,77.1,48.25,230610.0,10010.0,91.86,36.41,27.77,35.41,1.495,97.42,13.1,3.265,0.665,4.69,-4.13,485.0,480160003.65,0.3,0.35,21.72,52.19,1.0,0.98,97.09,17.95,1.1,8.55,13.9,67855.0,93.82,95.23,55.27,2686.89,62150000.0,14.025,11.69,340051.0,8.64,5
100.0,11.44,57871.0,3.09,18.95,104.17,3.06,10.56,92.2,9.77,9.94,109.2,3.38,425000000000.0,15360.0,10.85,3.17,645859214.0,96.0,19.3,31.19,52.455,70.12,44.875,4154629.0,995450.0,122.85,31.4,22.73,27.26,1.12,94.68,18.7,1.93,0.665,4.69,-4.13,-563.5,480160003.65,0.96,1.66,24.44,49.42,0.1,0.25,97.47,27.7,6.1,8.55,13.9,1735323.5,99.75,85.59,55.27,38.68,62150000.0,14.025,7.44,4022829.0,28.32,5
100.0,28.66,15844.0,10.295,3.5999999999999996,118.07,7.48,5.0,19.07,0.03,0.12,119.32,0.01,2775798697.0,870.0,12.57,0.25,52895.0,90.0,23.82,10.6,52.455,78.45,51.1,5311768.0,25680.0,130.35,7.02,2.79,42.8,2.04,61.67,52.3,3.265,0.665,4.69,-4.13,-14415.0,608239990.2,1.63,2.67,21.72,50.35,0.9,0.26,97.09,38.21,83.1,8.55,13.9,10786763.0,99.91,95.23,55.27,6.53,28620000.0,10.97,1.11,1764450.0,90.49,5
100.0,5.73,15844.0,25.28,3.5999999999999996,142.51,4.73,46.49,105.59,20.09,16.1,126.99,3.38,54825411765.0,19690.0,32.53,2.1,22212874.0,93.0,29.8,48.82,65.65,71.05,49.95,5263181.0,82650.0,118.46,40.11,12.98,61.85,1.495,104.89,18.8,0.02,0.665,4.69,-4.13,1084.0,9760000.23,3.32,0.44,23.39,50.65,0.1,0.27,96.56,18.18,1.3,8.55,13.9,4381941.0,97.73,91.43,39.01,416.86,93380000.0,14.025,6.04,5755809.0,59.76,5
100.0,0.64,73673.1,28.59,0.91,98.11,3.86,34.89,265.71,43.02,28.6,102.85,8.82,28144331507.0,62770.0,26.99,5.99,95210004.0,96.0,86.14,19.33,50.04,59.11,46.8,5259744.0,30280.0,105.47,60.9,53.1,57.73,1.05,101.11,3.8,3.265,0.665,4.69,-4.0,-563.5,480160003.65,0.78,0.41,27.13,50.61,0.2,0.83,97.09,42.0,11.7,8.55,13.9,218168.0,101.82,95.23,55.27,597.575,62150000.0,14.025,6.26,11368027.0,8.26,5
100.0,1.52,15844.0,29.79,0.55,103.94,2.95,34.89,274.35,42.95,28.3,103.93,9.01,28144331507.0,68780.0,33.42,5.99,95210004.0,93.0,72.85,18.16,60.63,69.34,47.24,9620091.0,33670.0,103.83,57.46,52.49,57.73,1.38,125.06,4.0,3.265,0.665,4.31,-3.36,-563.5,480160003.65,1.1,0.52,21.72,50.31,0.2,0.87,97.09,39.33,12.2,8.55,13.9,1302355.0,104.38,95.23,55.27,597.575,62150000.0,14.025,4.21,16230689.0,11.32,5
100.0,18.99,34007.0,0.73,28.53,98.77,6.54,34.89,107.89,0.21,1.66,100.07,3.38,26113333240.0,3820.0,22.195,5.99,86295937.0,89.0,42.61,34.05,46.16,69.39500000000001,47.9,3042793.0,452860.0,106.22,8.06,12.61,62.83,0.34,48.42,42.9,4.75,0.665,4.69,-4.13,10695.0,480160003.65,2.03,2.03,21.72,48.36,1.0,0.66,97.09,0.0,54.5,8.55,13.9,8610641.0,99.91,95.23,55.27,85.93,62150000.0,14.025,2.91,1338796.0,83.27,5
100.0,4.35,24518.0,1.2,1.35,101.66,3.99,37.25,139.87,38.41,27.0,103.8,1.15,25797870984.0,62050.0,20.24,5.99,239162849.0,92.0,39.04,20.56,69.05,77.48,45.91,222391.0,100830.0,103.47,36.72,13.9,53.51,1.495,118.07,2.7,3.265,0.665,4.92,-4.13,622.0,480160003.65,1.63,1.64,21.72,48.74,0.1,0.44,98.53,47.62,82.4,8.55,13.9,22560.0,98.57,115.16,55.27,597.575,62150000.0,14.025,6.03,349960.0,7.76,5
100.0,27.32,15844.0,12.62,24.34,104.94,5.13,42.99,6.86,0.01,0.0,138.17,3.38,16091817842.0,3210.0,22.195,5.99,95210004.0,89.0,62.81,28.84,41.76,63.67,41.14,4121670.0,245720.0,102.32,30.3,22.42,89.65,1.48,101.94,15.4,4.28,0.665,4.69,-4.13,-4367.0,592090026.9,3.41,2.44,14.71,50.59,0.4,0.32,97.09,23.78,66.8,8.55,13.9,8489377.0,97.96,95.23,55.27,7.17,50570000.0,14.025,5.77,5042529.0,87.11,5
100.0,2.44,42598.0,7.38,0.68,78.32,5.15,39.48,98.08,33.64,3.74,92.45,7.0,296000000000.0,58690.0,24.52,10.29,95210004.0,93.0,39.44,23.99,55.92,63.72,47.65,2799859.0,303947.7,99.87,50.35,46.12,56.67,1.26,129.15,2.3,3.265,0.665,4.69,-4.13,14928.0,480160003.65,0.01,0.21,23.76,50.6,0.4,0.93,99.28,46.0,50.2,8.55,13.9,798128.0,99.35,95.23,55.27,597.575,62150000.0,14.025,7.61,4742889.0,8.17,5
100.0,6.32,15844.0,6.95,8.55,117.31,3.13,17.34,92.2,8.01,9.37,117.39,0.07,18109000000.0,6800.0,16.27,1.6,14531924.0,98.0,55.74,17.69,52.455,70.05,44.875,1299412.0,6025.0,118.46,15.11,7.21,57.73,1.495,77.6,14.8,3.265,0.665,4.69,-4.13,-12369.0,480160003.65,1.63,2.46,21.72,50.12,0.4,0.65,94.92,23.78,15.4,8.55,13.9,1132085.0,93.13,90.19,43.51,594.18,62150000.0,14.025,6.035,3790664.0,20.18,5
100.0,7.23,1000.0,4.49,23.9,126.82,3.86,42.67,92.2,26.65,9.11,117.43,0.79,18853115589.0,17740.0,10.42,1.6,16787165.0,90.0,58.93,21.07,56.12,73.62,47.46,1876551.0,69490.0,104.5,28.89,14.25,76.07,1.61,147.75,9.5,4.35,0.665,4.25,-4.13,-2734.0,769179992.7,1.84,-0.38,29.09,50.355000000000004,0.3,0.27,97.09,19.33,25.2,8.55,13.9,1488191.0,102.97,106.0,76.82,3725.12,68860000.0,14.025,11.79,2220419.0,45.08,5
100.0,0.88,15844.0,18.33,1.32,104.94,3.99,34.89,92.2,11.86,12.4,105.58000000000001,3.38,11138490592.0,16040.0,22.195,5.99,95210004.0,89.0,42.61,8.85,51.22,65.01,44.74,84888.0,198.0,105.97,30.3,22.42,57.73,1.495,111.96,15.4,3.265,0.665,4.69,-4.13,1242.0,480160003.65,1.63,0.91,21.72,50.52,0.4,0.44,97.09,23.78,20.2,8.55,13.9,119131.0,99.91,95.23,55.27,597.575,62150000.0,14.025,6.61,53552.0,8.95,5
100.0,6.56,15844.0,1.85,0.99,104.94,3.99,3.1,92.2,1.83,42.8,105.58000000000001,3.38,6234000000.0,16040.0,22.195,5.99,95210004.0,89.0,58.74,24.14,56.46,68.68,45.16,78638.0,540.0,105.97,30.3,22.42,13.67,1.495,111.96,15.4,3.265,0.665,4.69,-4.13,-244.0,480160003.65,1.63,0.77,21.72,49.64,0.4,0.44,97.09,23.78,4.5,8.55,13.9,8501.0,99.91,95.23,55.27,1108.28,62150000.0,14.025,6.0,162033.0,6.64,5
